aryal_gene_family,aryal_product,aryal_gene,aryal_module_bin,aryal_consensus_rank_pct_mean,aryal_product_is_informative,n_current_product_matches,current_matching_families,current_candidate_sets,current_modules,any_current_model_supported,any_current_highly_pure,any_current_fox,any_current_proteomics_detected,any_current_proteomics_directional,any_current_three_layer,any_same_gf_id
GF_01462,cytochrome b6,petB,Respiration & bioenergetics,0.10506716278929,True,1,GF_01297,Model-Supported,Respiration & bioenergetics,True,False,True,True,True,True,False
GF_00584,iron-sulfur cluster assembly accessory protein,,Metallocluster & Fe-S biogenesis,0.2617722094970969,True,1,GF_02143,Model-Supported,Metallocluster & Fe-S biogenesis,True,False,True,True,True,True,False
GF_02394,histidinol dehydrogenase,hisD,Other / unassigned,0.3647608201589379,True,1,GF_00355,Model-Supported,Other / unassigned,True,False,True,True,True,True,False
GF_00332,NADP-dependent isocitrate dehydrogenase,,Other / unassigned,0.368285379059649,True,1,GF_00624,Model-Supported,Other / unassigned,True,False,True,True,True,True,False
GF_01767,glycolate oxidase subunit GlcD,glcD,Respiration & bioenergetics,0.4057837045739507,True,1,GF_00314,Model-Supported,Respiration & bioenergetics,True,False,True,True,True,True,False
GF_00859,glucose-6-phosphate dehydrogenase,zwf,Other / unassigned,0.4580616129866074,True,2,GF_00486;GF_01818,Highly Pure;Model-Supported,Other / unassigned,True,True,True,True,True,True,False
GF_01787,alpha-ketoacid dehydrogenase subunit beta,,Other / unassigned,0.4973605892002724,True,1,GF_00043,Model-Supported,Other / unassigned,True,False,True,True,True,True,False
GF_00635,thioredoxin,trxA,O2 protection & redox homeostasis,0.5915745467605416,True,3,GF_00098;GF_00352;GF_00965,Highly Pure;Model-Supported,O2 protection & redox homeostasis,True,True,True,True,True,True,False
GF_01827,Fe-S cluster assembly protein SufB,sufB,Metallocluster & Fe-S biogenesis,0.733899922929395,True,1,GF_00968,Model-Supported,Metallocluster & Fe-S biogenesis,True,False,True,True,True,True,False
GF_01596,ferredoxin,,O2 protection & redox homeostasis,0.6025809474363151,True,1,GF_01686,Highly Pure,O2 protection & redox homeostasis,False,True,True,True,True,False,False
GF_02514,ferredoxin,,O2 protection & redox homeostasis,0.8803017401732742,True,1,GF_01686,Highly Pure,O2 protection & redox homeostasis,False,True,True,True,True,False,False
GF_00873,molecular chaperone DnaK,dnaK,Other / unassigned,0.2065573722423525,True,3,GF_00614;GF_00652;GF_01345,Highly Pure;Model-Supported,Other / unassigned,True,True,False,True,True,False,False
GF_02377,NAD(P)H-quinone oxidoreductase subunit I,ndhI,Respiration & bioenergetics,0.2433178731114553,True,1,GF_02136,Model-Supported,Other / unassigned,True,False,False,True,True,False,False
GF_02444,form I ribulose bisphosphate carboxylase large subunit,,Other / unassigned,0.2459867140861658,True,1,GF_01397,Model-Supported,Other / unassigned,True,False,False,True,True,False,False
GF_01501,chaperonin GroEL,groL,Other / unassigned,0.2464716553152618,True,2,GF_01799;GF_01817,Highly Pure;Model-Supported,Other / unassigned,True,True,False,True,True,False,False
GF_00079,TRC40/GET3/ArsA family transport-energizing ATPase,,Transport,0.2510867595183579,True,1,GF_00072,Model-Supported,Transport,True,False,False,True,True,False,False
GF_00800,porphobilinogen synthase,hemB,Other / unassigned,0.2590026685837096,True,2,GF_00457;GF_00538,Model-Supported,Other / unassigned,True,False,False,True,True,False,False
GF_00984,ATP-dependent zinc metalloprotease FtsH3,,Housekeeping / lineage marker,0.2650352893221872,True,1,GF_00727,Model-Supported,Housekeeping / lineage marker,True,False,False,True,True,False,False
GF_00172,adenylosuccinate lyase,purB,Other / unassigned,0.2717971426586972,True,2,GF_00085;GF_00725,Model-Supported,Other / unassigned,True,False,False,True,True,False,False
GF_01006,P-II family nitrogen regulator,,Regulation,0.2719888692464303,True,2,GF_01395;GF_01548,Highly Pure;Model-Supported,Regulation,True,True,False,True,True,False,False
GF_00981,glutamine-hydrolyzing GMP synthase,,Other / unassigned,0.2884785478108329,True,1,GF_01621,Model-Supported,Other / unassigned,True,False,False,True,True,False,False
GF_00104,translational GTPase TypA,typA,Other / unassigned,0.296401765175392,True,1,GF_01479,Model-Supported,Other / unassigned,True,False,False,True,True,False,False
GF_00620,photosystem I core protein PsaB,psaB,Housekeeping / lineage marker,0.3031253418090643,True,1,GF_01904,Model-Supported,Housekeeping / lineage marker,True,False,False,True,True,False,False
GF_02028,30S ribosomal protein S13,rpsM,Housekeeping / lineage marker,0.311216324767492,True,1,GF_00688,Model-Supported,Housekeeping / lineage marker,True,False,False,True,True,False,False
GF_00612,pyruvate kinase,pyk,Other / unassigned,0.3145262496968631,True,3,GF_00095;GF_00361;GF_01680,Highly Pure;Model-Supported,Other / unassigned,True,True,False,True,True,False,False
GF_02375,30S ribosomal protein S4,rpsD,Housekeeping / lineage marker,0.318614941092421,True,1,GF_02075,Model-Supported,Housekeeping / lineage marker,True,False,False,True,True,False,False
GF_01954,photosystem II reaction center protein L,,Housekeeping / lineage marker,0.3300578968746312,True,1,GF_01677,Model-Supported,Housekeeping / lineage marker,True,False,False,True,True,False,False
GF_02113,30S ribosomal protein S8,rpsH,Housekeeping / lineage marker,0.3353395357414177,True,1,GF_00386,Model-Supported,Housekeeping / lineage marker,True,False,False,True,True,False,False
GF_00634,1-deoxy-D-xylulose-5-phosphate reductoisomerase,dxr,Other / unassigned,0.3395045768582696,True,1,GF_01314,Model-Supported,Other / unassigned,True,False,False,True,True,False,False
GF_00799,porphobilinogen synthase,hemB,Other / unassigned,0.3532861006527414,True,2,GF_00457;GF_00538,Model-Supported,Other / unassigned,True,False,False,True,True,False,False
GF_00408,ketol-acid reductoisomerase,ilvC,Other / unassigned,0.3548405123881947,True,1,GF_00143,Model-Supported,Other / unassigned,True,False,False,True,True,False,False
GF_00863,50S ribosomal protein L14,rplN,Housekeeping / lineage marker,0.3730609925363754,True,1,GF_00958,Model-Supported,Housekeeping / lineage marker,True,False,False,True,True,False,False
GF_00218,phosphoglycerate kinase,,Other / unassigned,0.37376083699573,True,1,GF_01813,Model-Supported,Other / unassigned,True,False,False,True,True,False,False
GF_02153,phycobilisome linker polypeptide,,Other / unassigned,0.3798210082700414,True,1,GF_01502,Model-Supported,Other / unassigned,True,False,False,True,True,False,False
GF_01956,transaldolase,,Carbon metabolism & NAD(P)H supply,0.3818009089470892,True,2,GF_00286;GF_01683,Highly Pure;Model-Supported,Carbon metabolism & NAD(P)H supply,True,True,False,True,True,False,False
GF_01122,2-isopropylmalate synthase,,Other / unassigned,0.3903267469756787,True,1,GF_01387,Model-Supported,Other / unassigned,True,False,False,True,True,False,False
GF_01555,circadian clock protein KaiB,kaiB,Other / unassigned,0.410124178507831,True,1,GF_00845,Model-Supported,Other / unassigned,True,False,False,True,True,False,False
GF_01928,DNA-directed RNA polymerase subunit gamma,,Housekeeping / lineage marker,0.4261658470719752,True,1,GF_01926,Model-Supported,Housekeeping / lineage marker,True,False,False,True,True,False,False
GF_02371,elongation factor G,fusA,Other / unassigned,0.4283408158356915,True,3,GF_01257;GF_02069;GF_02140,Highly Pure;Model-Supported,Other / unassigned,True,True,False,True,True,False,False
GF_01182,NAD(P)H-quinone oxidoreductase subunit H,,Other / unassigned,0.4402105081749806,True,1,GF_00916,Model-Supported,Other / unassigned,True,False,False,True,True,False,False
GF_00899,carbamoyl-phosphate synthase large subunit,carB,Other / unassigned,0.4442244235991076,True,2,GF_00570;GF_02189,Highly Pure;Model-Supported,Other / unassigned,True,True,False,True,True,False,False
GF_01090,photosystem II chlorophyll-binding protein CP47,psbB,Housekeeping / lineage marker,0.4483348465106248,True,1,GF_00819,Model-Supported,Housekeeping / lineage marker,True,False,False,True,True,False,False
GF_00668,stress-responsive protein Ycf46,ycf46,Other / unassigned,0.4907801506113001,True,1,GF_00015,Model-Supported,Other / unassigned,True,False,False,True,True,False,False
GF_02411,ATP-dependent Clp protease proteolytic subunit,,Other / unassigned,0.5048757679424635,True,4,GF_00079;GF_00341;GF_00463;GF_01689,Highly Pure;Model-Supported,Other / unassigned,True,True,False,True,True,False,False
GF_00619,LysR family transcriptional regulator,,Regulation,0.5258609491888455,True,3,GF_00279;GF_00335;GF_00368,Highly Pure;Model-Supported,Regulation,True,True,False,True,True,False,False
GF_00206,transketolase,tkt,Other / unassigned,0.5353746920023568,True,2,GF_00320;GF_02141,Model-Supported,Other / unassigned,True,False,False,True,True,False,False
GF_00665,DNA-directed RNA polymerase subunit beta,rpoB,Housekeeping / lineage marker,0.5397410363381427,True,1,GF_00393,Model-Supported,Housekeeping / lineage marker,True,False,False,True,True,False,False
GF_01514,magnesium chelatase subunit H,,Other / unassigned,0.5403165502455493,True,3,GF_00381;GF_00660;GF_00966,Highly Pure;Model-Supported,Other / unassigned,True,True,False,True,True,False,False
GF_01712,P-II family nitrogen regulator,,Regulation,0.5403233353384241,True,2,GF_01395;GF_01548,Highly Pure;Model-Supported,Regulation,True,True,False,True,True,False,False
GF_02440,adenosylhomocysteinase,ahcY,Other / unassigned,0.5404390242619569,True,2,GF_00523;GF_00866,Model-Supported,Other / unassigned,True,False,False,True,True,False,False
GF_01959,3-isopropylmalate dehydratase large subunit,leuC,Other / unassigned,0.543712059947829,True,1,GF_01376,Model-Supported,Other / unassigned,True,False,False,True,True,False,False
GF_01720,LL-diaminopimelate aminotransferase,,Other / unassigned,0.5611237817745495,True,1,GF_01446,Model-Supported,Other / unassigned,True,False,False,True,True,False,False
GF_00792,30S ribosomal protein S19,rpsS,Housekeeping / lineage marker,0.561429381977735,True,1,GF_00531,Model-Supported,Housekeeping / lineage marker,True,False,False,True,True,False,False
GF_00365,class II fructose-bisphosphatase,glpX,Other / unassigned,0.5672181945703187,True,1,GF_00094,Model-Supported,Other / unassigned,True,False,False,True,True,False,False
GF_01931,30S ribosomal protein S1,,Housekeeping / lineage marker,0.5778953964072419,True,2,GF_01399;GF_01648,Model-Supported,Housekeeping / lineage marker,True,False,False,True,True,False,False
GF_00675,50S ribosomal protein L7/L12,rplL,Housekeeping / lineage marker,0.5920362146469967,True,1,GF_01460,Model-Supported,Housekeeping / lineage marker,True,False,False,True,True,False,False
GF_01559,30S ribosomal protein S7,rpsG,Housekeeping / lineage marker,0.5927026995255777,True,1,GF_00363,Model-Supported,Housekeeping / lineage marker,True,False,False,True,True,False,False
GF_00614,3-deoxy-7-phosphoheptulonate synthase,aroF,Other / unassigned,0.5980469158310924,True,3,GF_00330;GF_00493;GF_00790,Highly Pure;Model-Supported,Other / unassigned,True,True,False,True,True,False,False
GF_00625,translation initiation factor IF-1,infA,Other / unassigned,0.5999677896411524,True,1,GF_00343,Model-Supported,Other / unassigned,True,False,False,True,True,False,False
GF_00148,ATP-dependent Clp protease proteolytic subunit,clpP_2,Other / unassigned,0.613117823835977,True,4,GF_00079;GF_00341;GF_00463;GF_01689,Highly Pure;Model-Supported,Other / unassigned,True,True,False,True,True,False,False
GF_00451,adenosylhomocysteinase,ahcY,Other / unassigned,0.6166161309627999,True,2,GF_00523;GF_00866,Model-Supported,Other / unassigned,True,False,False,True,True,False,False
GF_00240,chaperonin GroEL,groL,Other / unassigned,0.6196394562549727,True,2,GF_01799;GF_01817,Highly Pure;Model-Supported,Other / unassigned,True,True,False,True,True,False,False
GF_01825,1-deoxy-D-xylulose-5-phosphate synthase,dxs,Other / unassigned,0.6267339501602043,True,1,GF_01549,Model-Supported,Other / unassigned,True,False,False,True,True,False,False
GF_00982,circadian clock protein KaiC,kaiC,Other / unassigned,0.628812220208629,True,1,GF_00726,Model-Supported,Other / unassigned,True,False,False,True,True,False,False
GF_00123,acetyl-CoA carboxylase biotin carboxylase subunit,accC,Other / unassigned,0.6440087546155921,True,1,GF_01541,Model-Supported,Other / unassigned,True,False,False,True,True,False,False
GF_00974,dihydroorotase,,Other / unassigned,0.6443329354803033,True,2,GF_00140;GF_00364,Highly Pure;Model-Supported,Other / unassigned,True,True,False,True,True,False,False
GF_00368,global nitrogen regulator NtcA,ntcA,Regulation,0.645062318310731,True,1,GF_00093,Model-Supported,Regulation,True,False,False,True,True,False,False
GF_00630,elongation factor Tu,tuf,Other / unassigned,0.6560288547914003,True,1,GF_00349,Model-Supported,Other / unassigned,True,False,False,True,True,False,False
GF_02525,tryptophan synthase subunit beta,trpB,Other / unassigned,0.6645170411090608,True,1,GF_01527,Model-Supported,Other / unassigned,True,False,False,True,True,False,False
GF_02111,peptide chain release factor 1,prfA,Other / unassigned,0.6708411734202541,True,1,GF_00323,Model-Supported,Other / unassigned,True,False,False,True,True,False,False
GF_01962,CTP synthase,,Other / unassigned,0.6844420982393922,True,1,GF_01690,Model-Supported,Other / unassigned,True,False,False,True,True,False,False
GF_00066,F0F1 ATP synthase subunit alpha,,Housekeeping / lineage marker,0.6914205945749258,True,1,GF_00857,Model-Supported,Housekeeping / lineage marker,True,False,False,True,True,False,False
GF_00808,extracellular matrix/biofilm regulator RemA,remA,Regulation,0.7043825968196478,True,1,GF_00524,Model-Supported,Regulation,True,False,False,True,True,False,False
GF_00177,dihydroxy-acid dehydratase,ilvD,Other / unassigned,0.7105652904882727,True,1,GF_00488,Model-Supported,Other / unassigned,True,False,False,True,True,False,False
GF_00330,rod shape-determining protein,,Other / unassigned,0.7120510231842242,True,1,GF_00435,Model-Supported,Other / unassigned,True,False,False,True,True,False,False
GF_00902,inorganic diphosphatase,,Other / unassigned,0.7123604024053107,True,1,GF_00360,Model-Supported,Other / unassigned,True,False,False,True,True,False,False
GF_00224,chorismate synthase,aroC,Other / unassigned,0.7462746291813473,True,2,GF_00455;GF_00636,Model-Supported,Other / unassigned,True,False,False,True,True,False,False
GF_00874,30S ribosomal protein S14,rpsN,Housekeeping / lineage marker,0.7523727850693712,True,1,GF_01745,Model-Supported,Housekeeping / lineage marker,True,False,False,True,True,False,False
GF_01960,50S ribosomal protein L19,rplS,Housekeeping / lineage marker,0.7598352673923506,True,2,GF_00229;GF_00365,Model-Supported,Housekeeping / lineage marker,True,False,False,True,True,False,False
GF_02395,magnesium chelatase ATPase subunit I,bchI,Other / unassigned,0.7718497342911622,True,1,GF_01383,Model-Supported,Other / unassigned,True,False,False,True,True,False,False
GF_00638,ATP-dependent zinc metalloprotease FtsH2,ftsH2,Housekeeping / lineage marker,0.8295730107390211,True,2,GF_00125;GF_00413,Model-Supported,Housekeeping / lineage marker,True,False,False,True,True,False,False
GF_02167,aspartate aminotransferase,,Other / unassigned,0.8751459944663351,True,2,GF_00617;GF_01404,Model-Supported,Other / unassigned,True,False,False,True,True,False,False
GF_01906,F0F1 ATP synthase subunit beta,atpD,Housekeeping / lineage marker,0.880654027944093,True,1,GF_01580,Model-Supported,Housekeeping / lineage marker,True,False,False,True,True,False,False
GF_00355,nucleoside-diphosphate kinase,ndk,Other / unassigned,0.9442651061690112,True,1,GF_00406,Model-Supported,Other / unassigned,True,False,False,True,True,False,False
GF_00397,nucleoside-diphosphate kinase,ndk,Other / unassigned,0.9468945877751396,True,1,GF_00406,Model-Supported,Other / unassigned,True,False,False,True,True,False,False
GF_02152,phosphoglucomutase/phosphomannomutase family protein,,Other / unassigned,0.4118927859363878,False,2,GF_01866;GF_01909,Highly Pure;Model-Supported,Other / unassigned,True,True,False,True,True,False,False
GF_02387,NYN domain-containing protein,,Other / unassigned,0.4274656205550454,False,3,GF_00464;GF_00771;GF_02130,Highly Pure;Model-Supported,Other / unassigned,True,True,False,True,True,False,False
GF_01742,NYN domain-containing protein,,Other / unassigned,0.4779009354486512,False,3,GF_00464;GF_00771;GF_02130,Highly Pure;Model-Supported,Other / unassigned,True,True,False,True,True,False,False
GF_01237,NYN domain-containing protein,,Other / unassigned,0.4903217864720145,False,3,GF_00464;GF_00771;GF_02130,Highly Pure;Model-Supported,Other / unassigned,True,True,False,True,True,False,False
GF_00334,NAD-dependent epimerase/dehydratase family protein,,Other / unassigned,0.596082734357905,False,3,GF_00047;GF_00293;GF_00807,Highly Pure;Model-Supported,Other / unassigned,True,True,False,True,True,False,False
GF_01566,GDP-L-fucose synthase family protein,,Other / unassigned,0.7326621716270042,False,2,GF_00430;GF_02184,Model-Supported,Other / unassigned,True,False,False,True,True,False,False
GF_00333,NAD-dependent epimerase/dehydratase family protein,,Other / unassigned,0.7383549027812277,False,3,GF_00047;GF_00293;GF_00807,Highly Pure;Model-Supported,Other / unassigned,True,True,False,True,True,False,False
GF_01500,Ycf34 family protein,,Other / unassigned,0.9326824317743044,False,1,GF_00251,Model-Supported,Other / unassigned,True,False,False,True,True,False,False
GF_00754,phosphoketolase,,Other / unassigned,0.1839478670473631,True,2,GF_00491;GF_01464,Highly Pure,Other / unassigned,False,True,False,True,True,False,False
GF_00970,photosystem I reaction center subunit IV,,Housekeeping / lineage marker,0.4924484743333832,True,1,GF_00795,Highly Pure,Housekeeping / lineage marker,False,True,False,True,True,False,False
GF_01223,mannose-1-phosphate guanyltransferase,,Other / unassigned,0.5300912329995306,True,1,GF_01529,Highly Pure,Other / unassigned,False,True,False,True,True,False,False
GF_02396,phosphoenolpyruvate synthase,ppsA,Housekeeping / lineage marker,0.5645724879399865,True,1,GF_02115,Highly Pure,Other / unassigned,False,True,False,True,True,False,False
GF_01961,30S ribosomal protein S2,rpsB,Housekeeping / lineage marker,0.9531908125303624,True,1,GF_00301,Highly Pure,Housekeeping / lineage marker,False,True,False,True,True,False,False
GF_01823,creatininase family protein,,Other / unassigned,0.2460063763628154,False,1,GF_01546,Highly Pure,Other / unassigned,False,True,False,True,True,False,False
GF_00505,creatininase family protein,,Other / unassigned,0.4997172206361921,False,1,GF_01546,Highly Pure,Other / unassigned,False,True,False,True,True,False,False
GF_00336,type I glyceraldehyde-3-phosphate dehydrogenase,gap,Other / unassigned,0.2737593251608713,True,2,GF_01386;GF_01834,Model-Supported,Other / unassigned,True,False,True,False,False,False,False
GF_00196,ferredoxin:protochlorophyllide reductase (ATP-dependent) subunit B,bchB,O2 protection & redox homeostasis,0.3345213522420467,True,1,GF_00136,Model-Supported,O2 protection & redox homeostasis,True,False,True,True,False,False,False
GF_01001,cytochrome b6-f complex iron-sulfur subunit,petC,Metallocluster & Fe-S biogenesis,0.3483524107995772,True,1,GF_02113,Model-Supported,Metallocluster & Fe-S biogenesis,True,False,True,False,False,False,False
GF_01028,cytochrome b559 subunit alpha,psbE,Housekeeping / lineage marker,0.3541767996603264,True,2,GF_01673;GF_01927,Model-Supported,Respiration & bioenergetics,True,False,True,False,False,False,False
GF_00591,sulfite oxidase-like oxidoreductase,,Respiration & bioenergetics,0.3985395827905686,True,1,GF_01242,Model-Supported,Respiration & bioenergetics,True,False,True,False,False,False,False
GF_01761,peroxiredoxin,,O2 protection & redox homeostasis,0.4042993431708273,True,5,GF_00265;GF_00972;GF_01674;GF_01763;GF_02123,Highly Pure;Model-Supported,O2 protection & redox homeostasis,True,True,True,False,False,False,False
GF_00644,photosynthetic/respiratory NAD(P)H-quinone oxidoreductase subunit K,ndhK,Respiration & bioenergetics,0.4183265487480856,True,1,GF_01816,Model-Supported,Respiration & bioenergetics,True,False,True,False,False,False,False
GF_00580,ferredoxin thioredoxin reductase catalytic beta subunit,,O2 protection & redox homeostasis,0.4278807206898407,True,1,GF_00305,Model-Supported,O2 protection & redox homeostasis,True,False,True,False,False,False,False
GF_01496,Grx4 family monothiol glutaredoxin,grxD,O2 protection & redox homeostasis,0.4399196896639519,True,1,GF_01234,Model-Supported,O2 protection & redox homeostasis,True,False,True,True,False,False,False
GF_01033,Fe-S cluster assembly ATPase SufC,sufC,Metallocluster & Fe-S biogenesis,0.4530358532673563,True,1,GF_00605,Model-Supported,Metallocluster & Fe-S biogenesis,True,False,True,False,False,False,False
GF_02443,peroxiredoxin,,O2 protection & redox homeostasis,0.4530918132025984,True,5,GF_00265;GF_00972;GF_01674;GF_01763;GF_02123,Highly Pure;Model-Supported,O2 protection & redox homeostasis,True,True,True,False,False,False,False
GF_00237,cytochrome b6-f complex subunit V,petG,Respiration & bioenergetics,0.4561987105494716,True,2,GF_00400;GF_02142,Model-Supported,Respiration & bioenergetics,True,False,True,False,False,False,False
GF_01813,photosynthetic/respiratory NAD(P)H-quinone oxidoreductase subunit K,ndhK,Respiration & bioenergetics,0.4662227752001494,True,1,GF_01816,Model-Supported,Respiration & bioenergetics,True,False,True,False,False,False,False
GF_01156,photosynthetic/respiratory NAD(P)H-quinone oxidoreductase subunit D1,ndhD1,Respiration & bioenergetics,0.480457964376456,True,1,GF_02089,Model-Supported,Respiration & bioenergetics,True,False,True,False,False,False,False
GF_00869,peroxiredoxin,,O2 protection & redox homeostasis,0.4838262153821706,True,5,GF_00265;GF_00972;GF_01674;GF_01763;GF_02123,Highly Pure;Model-Supported,O2 protection & redox homeostasis,True,True,True,False,False,False,False
GF_02389,cytochrome b6-f complex subunit PetN,petN,Respiration & bioenergetics,0.5111209296294545,True,1,GF_02263,Model-Supported,Respiration & bioenergetics,True,False,True,False,False,False,False
GF_00390,S-(hydroxymethyl)glutathione dehydrogenase/class III alcohol dehydrogenase,,Other / unassigned,0.5159215600723899,True,1,GF_00122,Model-Supported,Other / unassigned,True,False,True,False,False,False,False
GF_00996,3-isopropylmalate dehydrogenase,leuB,Other / unassigned,0.5244339415382591,True,1,GF_00741,Model-Supported,Other / unassigned,True,False,True,True,False,False,False
GF_01810,ferredoxin:protochlorophyllide reductase (ATP-dependent) subunit N,,O2 protection & redox homeostasis,0.5449522036335332,True,1,GF_01623,Model-Supported,O2 protection & redox homeostasis,True,False,True,False,False,False,False
GF_00671,type I glyceraldehyde-3-phosphate dehydrogenase,,Other / unassigned,0.5833452520100859,True,2,GF_01386;GF_01834,Model-Supported,Other / unassigned,True,False,True,False,False,False,False
GF_01765,pyruvate dehydrogenase (acetyl-transferring) E1 component subunit alpha,pdhA,Other / unassigned,0.5868268843647045,True,1,GF_01811,Model-Supported,Other / unassigned,True,False,True,False,False,False,False
GF_00435,zinc-dependent dehydrogenase,,Other / unassigned,0.6051747285085666,True,1,GF_01629,Model-Supported,Other / unassigned,True,False,True,False,False,False,False
GF_02360,cytochrome b559 subunit alpha,psbE,Housekeeping / lineage marker,0.6108856811263198,True,2,GF_01673;GF_01927,Model-Supported,Respiration & bioenergetics,True,False,True,False,False,False,False
GF_00992,cytochrome b559 subunit beta,psbF,Housekeeping / lineage marker,0.6243214547130054,True,2,GF_00414;GF_01230,Model-Supported,Respiration & bioenergetics,True,False,True,False,False,False,False
GF_00608,ferredoxin:protochlorophyllide reductase (ATP-dependent) iron-sulfur ATP-binding protein,bchL,Metallocluster & Fe-S biogenesis,0.6507474574171979,True,1,GF_00326,Model-Supported,Metallocluster & Fe-S biogenesis,True,False,True,True,False,False,False
GF_00856,ferredoxin:protochlorophyllide reductase (ATP-dependent) subunit N,,O2 protection & redox homeostasis,0.7561857559221189,True,1,GF_01623,Model-Supported,O2 protection & redox homeostasis,True,False,True,False,False,False,False
GF_00900,ArsJ-associated glyceraldehyde-3-phosphate dehydrogenase,,Other / unassigned,0.8379914476690711,True,1,GF_00856,Model-Supported,Other / unassigned,True,False,True,False,False,False,False
GF_02205,cytochrome c oxidase subunit I,ctaD,Respiration & bioenergetics,0.8761780410152099,True,3,GF_00049;GF_00238;GF_01652,Highly Pure;Model-Supported,Respiration & bioenergetics,True,True,True,False,False,False,False
GF_00402,peroxiredoxin,,O2 protection & redox homeostasis,0.90213911216583,True,5,GF_00265;GF_00972;GF_01674;GF_01763;GF_02123,Highly Pure;Model-Supported,O2 protection & redox homeostasis,True,True,True,False,False,False,False
GF_00387,cytochrome c oxidase subunit I,ctaD,Respiration & bioenergetics,0.98759465420856,True,3,GF_00049;GF_00238;GF_01652,Highly Pure;Model-Supported,Respiration & bioenergetics,True,True,True,False,False,False,False
GF_00265,CoB--CoM heterodisulfide reductase iron-sulfur subunit B family protein,,Metallocluster & Fe-S biogenesis,0.4575905819739471,False,1,GF_00564,Model-Supported,Metallocluster & Fe-S biogenesis,True,False,True,False,False,False,False
GF_01667,manganese catalase family protein,,O2 protection & redox homeostasis,0.629356664398159,False,1,GF_01462,Model-Supported,O2 protection & redox homeostasis,True,False,True,False,False,False,False
GF_01199,4Fe-4S dicluster domain-containing protein,,Metallocluster & Fe-S biogenesis,0.8642741225591475,False,1,GF_02059,Model-Supported,Metallocluster & Fe-S biogenesis,True,False,True,False,False,False,False
GF_00199,2Fe-2S iron-sulfur cluster-binding protein,,Metallocluster & Fe-S biogenesis,0.3024843009661396,True,4,GF_01495;GF_01515;GF_01668;GF_01883,Highly Pure,Metallocluster & Fe-S biogenesis,False,True,True,False,False,False,False
GF_01922,(Fe-S)-binding protein,,Metallocluster & Fe-S biogenesis,0.3446981272519381,True,1,GF_00297,Highly Pure,Metallocluster & Fe-S biogenesis,False,True,True,False,False,False,False
GF_02166,succinate dehydrogenase/fumarate reductase flavoprotein subunit,,Respiration & bioenergetics,0.9772998553920677,True,1,GF_00411,Highly Pure,Respiration & bioenergetics,False,True,True,False,False,False,False
GF_02181,30S ribosomal protein S10,rpsJ,Housekeeping / lineage marker,0.0420328226545005,True,1,GF_01899,Model-Supported,Housekeeping / lineage marker,True,False,False,True,False,False,False
GF_00360,30S ribosomal protein S11,rpsK,Housekeeping / lineage marker,0.0426209567148008,True,1,GF_00087,Model-Supported,Housekeeping / lineage marker,True,False,False,True,False,False,False
GF_00207,response regulator transcription factor,,Regulation,0.0439885416697772,True,15,GF_00235;GF_00367;GF_00373;GF_00412;GF_00698;GF_00832;GF_00859;GF_00863;GF_00992;GF_01023;GF_01240;GF_01326;GF_01426;GF_01930;GF_02100,Highly Pure;Model-Supported,Regulation,True,True,False,False,False,False,False
GF_02458,30S ribosomal protein S12,rpsL,Housekeeping / lineage marker,0.0512532086320397,True,1,GF_01579,Model-Supported,Housekeeping / lineage marker,True,False,False,False,False,False,False
GF_00975,cysteine synthase A,cysK,Other / unassigned,0.1297666902303358,True,4,GF_00611;GF_00717;GF_00874;GF_01381,Highly Pure;Model-Supported,Other / unassigned,True,True,False,True,False,False,False
GF_01637,phosphate ABC transporter ATP-binding protein PstB,pstB,Transport,0.1794053483335446,True,2,GF_01359;GF_01442,Highly Pure;Model-Supported,Transport,True,True,False,False,False,False,False
GF_01958,nitrate ABC transporter permease,ntrB,Transport,0.182651557834998,True,2,GF_00338;GF_02155,Highly Pure;Model-Supported,Transport,True,True,False,False,False,False,False
GF_01020,50S ribosomal protein L16,,Housekeeping / lineage marker,0.1883997645405877,True,1,GF_00755,Model-Supported,Housekeeping / lineage marker,True,False,False,True,False,False,False
GF_00610,response regulator transcription factor,,Regulation,0.191982914990941,True,15,GF_00235;GF_00367;GF_00373;GF_00412;GF_00698;GF_00832;GF_00859;GF_00863;GF_00992;GF_01023;GF_01240;GF_01326;GF_01426;GF_01930;GF_02100,Highly Pure;Model-Supported,Regulation,True,True,False,False,False,False,False
GF_00364,adenylosuccinate synthase,,Other / unassigned,0.2092586005297414,True,2,GF_00436;GF_01291,Model-Supported,Other / unassigned,True,False,False,True,False,False,False
GF_00296,30S ribosomal protein S21,rpsU,Housekeeping / lineage marker,0.2248285878674052,True,3,GF_00604;GF_01293;GF_01850,Highly Pure;Model-Supported,Housekeeping / lineage marker,True,True,False,False,False,False,False
GF_01789,twin-arginine translocase subunit TatC,tatC,Other / unassigned,0.2305768968113087,True,1,GF_00669,Model-Supported,Other / unassigned,True,False,False,False,False,False,False
GF_00659,YifB family Mg chelatase-like AAA ATPase,,Other / unassigned,0.2444207885776344,True,1,GF_00387,Model-Supported,Other / unassigned,True,False,False,False,False,False,False
GF_02519,photosystem II reaction center X protein,psbX,Housekeeping / lineage marker,0.2466682651341987,True,1,GF_00155,Model-Supported,Housekeeping / lineage marker,True,False,False,False,False,False,False
GF_01276,phosphate ABC transporter permease PstA,pstA,Transport,0.2546830364094083,True,2,GF_01004;GF_01262,Highly Pure;Model-Supported,Transport,True,True,False,False,False,False,False
GF_01741,argininosuccinate synthase,,Other / unassigned,0.2596831448106872,True,1,GF_01466,Model-Supported,Other / unassigned,True,False,False,False,False,False,False
GF_01816,cysteine synthase A,cysK,Other / unassigned,0.276189089158029,True,4,GF_00611;GF_00717;GF_00874;GF_01381,Highly Pure;Model-Supported,Other / unassigned,True,True,False,True,False,False,False
GF_00128,membrane protein,,Stress / membrane / uncharacterized,0.2775787683871105,True,1,GF_00594,Model-Supported,Stress / membrane / uncharacterized,True,False,False,True,False,False,False
GF_01654,(E)-4-hydroxy-3-methylbut-2-enyl-diphosphate synthase,ispG,Other / unassigned,0.2793264743120555,True,1,GF_01449,Model-Supported,Other / unassigned,True,False,False,True,False,False,False
GF_00679,photosystem II reaction center X protein,psbX,Housekeeping / lineage marker,0.2809239709911828,True,1,GF_00155,Model-Supported,Housekeeping / lineage marker,True,False,False,False,False,False,False
GF_00184,excinuclease ABC subunit UvrB,uvrB,Other / unassigned,0.2873903526894061,True,2,GF_00816;GF_01315,Model-Supported,Other / unassigned,True,False,False,False,False,False,False
GF_00694,50S ribosomal protein L5,rplE,Housekeeping / lineage marker,0.2915137574294065,True,1,GF_02180,Model-Supported,Housekeeping / lineage marker,True,False,False,False,False,False,False
GF_01494,30S ribosomal protein S21,rpsU,Housekeeping / lineage marker,0.2920584917418151,True,3,GF_00604;GF_01293;GF_01850,Highly Pure;Model-Supported,Housekeeping / lineage marker,True,True,False,False,False,False,False
GF_02159,glycosyltransferase family 2 protein,,Other / unassigned,0.2951524984632979,True,3,GF_00303;GF_01312;GF_01810,Highly Pure;Model-Supported,Other / unassigned,True,True,False,False,False,False,False
GF_01908,F0F1 ATP synthase subunit A,atpB,Housekeeping / lineage marker,0.2991580286519805,True,2,GF_00869;GF_01898,Model-Supported,Housekeeping / lineage marker,True,False,False,False,False,False,False
GF_00221,GTP cyclohydrolase I FolE,folE,Other / unassigned,0.3018859437496705,True,2,GF_02110;GF_02172,Model-Supported,Other / unassigned,True,False,False,False,False,False,False
GF_02179,F0F1 ATP synthase subunit A,atpB,Housekeeping / lineage marker,0.3027406787672657,True,2,GF_00869;GF_01898,Model-Supported,Housekeeping / lineage marker,True,False,False,False,False,False,False
GF_01682,bifunctional phosphoribosyl-AMP cyclohydrolase/phosphoribosyl-ATP diphosphatase HisIE,hisIE,Other / unassigned,0.3060761328510867,True,1,GF_00566,Model-Supported,Other / unassigned,True,False,False,False,False,False,False
GF_00337,threonine synthase,thrC,Other / unassigned,0.3095604952298595,True,2,GF_00051;GF_01819,Model-Supported,Other / unassigned,True,False,False,True,False,False,False
GF_01880,NUDIX hydrolase,,Other / unassigned,0.3130999676664833,True,3,GF_00471;GF_00736;GF_01598,Highly Pure;Model-Supported,Other / unassigned,True,True,False,False,False,False,False
GF_01532,cyanase,cynS,Other / unassigned,0.3140043493422481,True,1,GF_00927,Model-Supported,Other / unassigned,True,False,False,False,False,False,False
GF_00187,30S ribosomal protein PSRP-3,,Housekeeping / lineage marker,0.3158676193757884,True,1,GF_01390,Model-Supported,Housekeeping / lineage marker,True,False,False,False,False,False,False
GF_01361,allophycocyanin subunit beta,apcB,Other / unassigned,0.3168249535328306,True,2,GF_00248;GF_00503,Highly Pure;Model-Supported,Other / unassigned,True,True,False,True,False,False,False
GF_01923,acetyl-CoA carboxylase carboxyltransferase subunit alpha,,Other / unassigned,0.3176627089595186,True,1,GF_01635,Model-Supported,Other / unassigned,True,False,False,False,False,False,False
GF_01729,chlorophyll a/b-binding protein,,Other / unassigned,0.31840912814776,True,5,GF_00044;GF_00477;GF_00799;GF_01609;GF_01639,Highly Pure;Model-Supported,Other / unassigned,True,True,False,False,False,False,False
GF_01951,UMP kinase,pyrH,Other / unassigned,0.3234825481945129,True,1,GF_00740,Model-Supported,Other / unassigned,True,False,False,True,False,False,False
GF_01675,30S ribosomal protein S12 methylthiotransferase RimO,rimO,Housekeeping / lineage marker,0.330926397012059,True,1,GF_01394,Model-Supported,Housekeeping / lineage marker,True,False,False,False,False,False,False
GF_00498,B12-binding domain-containing radical SAM protein,,Other / unassigned,0.3311794436801027,True,2,GF_00220;GF_00345,Highly Pure;Model-Supported,Other / unassigned,True,True,False,False,False,False,False
GF_00615,aminodeoxychorismate/anthranilate synthase component II,,Other / unassigned,0.3327931569569928,True,1,GF_00331,Model-Supported,Other / unassigned,True,False,False,False,False,False,False
GF_00396,ATP-dependent Clp protease adapter ClpS,clpS,Other / unassigned,0.3369595865142422,True,2,GF_00609;GF_01375,Model-Supported,Other / unassigned,True,False,False,False,False,False,False
GF_00074,LPS export ABC transporter ATP-binding protein,lptB,Transport,0.3382492218571544,True,1,GF_00472,Model-Supported,Transport,True,False,False,False,False,False,False
GF_01650,response regulator,,Regulation,0.3401445739060049,True,7,GF_00989;GF_01287;GF_01447;GF_01864;GF_01874;GF_02060;GF_02193,Highly Pure;Model-Supported,Regulation,True,True,False,False,False,False,False
GF_00708,adenylosuccinate synthase,,Other / unassigned,0.3406427727907246,True,2,GF_00436;GF_01291,Model-Supported,Other / unassigned,True,False,False,True,False,False,False
GF_00687,translation elongation factor 4,lepA,Other / unassigned,0.3460063050437112,True,1,GF_00729,Model-Supported,Other / unassigned,True,False,False,True,False,False,False
GF_01135,type IV pilus twitching motility protein PilT,,Other / unassigned,0.3475768085770151,True,2,GF_00864;GF_01765,Highly Pure;Model-Supported,Other / unassigned,True,True,False,False,False,False,False
GF_00867,tRNA (N6-isopentenyl adenosine(37)-C2)-methylthiotransferase MiaB,miaB,Other / unassigned,0.3487454641629894,True,1,GF_01542,Model-Supported,Other / unassigned,True,False,False,False,False,False,False
GF_01952,photosystem I core protein PsaA,psaA,Housekeeping / lineage marker,0.3498221407281808,True,1,GF_00309,Model-Supported,Housekeeping / lineage marker,True,False,False,True,False,False,False
GF_01103,metal ABC transporter permease,,Transport,0.3531971935911503,True,2,GF_01018;GF_01266,Highly Pure;Model-Supported,Transport,True,True,False,False,False,False,False
GF_00071,S-methyl-5'-thioadenosine phosphorylase,,Other / unassigned,0.3534183615654964,True,1,GF_01487,Model-Supported,Other / unassigned,True,False,False,False,False,False,False
GF_00700,branched-chain amino acid ABC transporter permease,,Transport,0.3576827686606477,True,3,GF_00421;GF_00447;GF_01373,Highly Pure;Model-Supported,Transport,True,True,False,False,False,False,False
GF_01918,phosphoribulokinase,,Other / unassigned,0.3582405374529525,True,2,GF_00969;GF_01889,Highly Pure;Model-Supported,Other / unassigned,True,True,False,False,False,False,False
GF_01143,cation:proton antiporter,,Other / unassigned,0.3601507230184287,True,4,GF_00870;GF_00979;GF_01916;GF_02097,Highly Pure;Model-Supported,Other / unassigned,True,True,False,False,False,False,False
GF_01967,redox-regulated ATPase YchF,ychF,O2 protection & redox homeostasis,0.3624407568170677,True,1,GF_00970,Model-Supported,O2 protection & redox homeostasis,True,False,False,False,False,False,False
GF_00662,energy-coupling factor ABC transporter ATP-binding protein,,Transport,0.3631702141167062,True,1,GF_00389,Model-Supported,Transport,True,False,False,False,False,False,False
GF_02162,50S ribosomal protein L36,rpmJ,Housekeeping / lineage marker,0.363710586010994,True,1,GF_00178,Model-Supported,Housekeeping / lineage marker,True,False,False,False,False,False,False
GF_01503,acetolactate synthase small subunit,ilvN,Other / unassigned,0.3639930709440737,True,1,GF_02157,Model-Supported,Other / unassigned,True,False,False,True,False,False,False
GF_00173,argininosuccinate lyase,argH,Other / unassigned,0.3672692409755921,True,1,GF_01679,Model-Supported,Other / unassigned,True,False,False,False,False,False,False
GF_01955,ATP-dependent zinc metalloprotease FtsH4,ftsH4,Housekeeping / lineage marker,0.3684361044822575,True,1,GF_01681,Model-Supported,Housekeeping / lineage marker,True,False,False,False,False,False,False
GF_01000,UbiD family decarboxylase,,Other / unassigned,0.3715824554806513,True,1,GF_00744,Model-Supported,Other / unassigned,True,False,False,False,False,False,False
GF_00395,adenosyl-hopene transferase HpnH,hpnH,Other / unassigned,0.3742839879039474,True,2,GF_01482;GF_02094,Highly Pure;Model-Supported,Other / unassigned,True,True,False,False,False,False,False
GF_01701,tRNA dihydrouridine synthase DusB,dusB,Other / unassigned,0.3797655236599617,True,1,GF_00641,Model-Supported,Other / unassigned,True,False,False,False,False,False,False
GF_01898,adenosyl-hopene transferase HpnH,hpnH,Other / unassigned,0.3842647195066817,True,2,GF_01482;GF_02094,Highly Pure;Model-Supported,Other / unassigned,True,True,False,False,False,False,False
GF_02216,citrate synthase,,Other / unassigned,0.3854013358497035,True,1,GF_02261,Model-Supported,Other / unassigned,True,False,False,False,False,False,False
GF_00406,30S ribosomal protein S17,rpsQ,Housekeeping / lineage marker,0.3862550514444879,True,2,GF_00141;GF_01456,Model-Supported,Housekeeping / lineage marker,True,False,False,True,False,False,False
GF_01770,magnesium-protoporphyrin IX monomethyl ester (oxidative) cyclase,acsF,Other / unassigned,0.3866401863568045,True,1,GF_00300,Model-Supported,Other / unassigned,True,False,False,False,False,False,False
GF_01736,urea ABC transporter ATP-binding subunit UrtE,urtE,Transport,0.3874179000147656,True,1,GF_00810,Model-Supported,Transport,True,False,False,False,False,False,False
GF_02118,AAA family ATPase,,Other / unassigned,0.3888398389340369,True,3,GF_00572;GF_00712;GF_01844,Highly Pure;Model-Supported,Other / unassigned,True,True,False,False,False,False,False
GF_00945,amino acid ABC transporter ATP-binding protein,,Transport,0.3925123405006731,True,1,GF_00622,Model-Supported,Transport,True,False,False,False,False,False,False
GF_00103,lipoyl synthase,lipA,Other / unassigned,0.3964830572464006,True,2,GF_00781;GF_01856,Highly Pure;Model-Supported,Other / unassigned,True,True,False,False,False,False,False
GF_00431,tRNA uridine-5-carboxymethylaminomethyl(34) synthesis enzyme MnmG,mnmG,Other / unassigned,0.396857997846159,True,1,GF_00164,Model-Supported,Other / unassigned,True,False,False,False,False,False,False
GF_02397,Fur family transcriptional regulator,,Regulation,0.3972494768676391,True,3,GF_00276;GF_00299;GF_02091,Highly Pure;Model-Supported,Regulation,True,True,False,False,False,False,False
GF_00682,signal peptide peptidase SppA,sppA,Stress / membrane / uncharacterized,0.4016286550518866,True,1,GF_01675,Model-Supported,Stress / membrane / uncharacterized,True,False,False,False,False,False,False
GF_02157,peptide chain release factor 2,prfB,Other / unassigned,0.4032527233870338,True,1,GF_01812,Model-Supported,Other / unassigned,True,False,False,False,False,False,False
GF_01022,asparagine--tRNA ligase,,Housekeeping / lineage marker,0.4034318274431743,True,1,GF_00578,Model-Supported,Housekeeping / lineage marker,True,False,False,False,False,False,False
GF_00628,phosphopyruvate hydratase,eno,Other / unassigned,0.404186331566098,True,1,GF_00346,Model-Supported,Other / unassigned,True,False,False,False,False,False,False
GF_00036,threonine synthase,,Other / unassigned,0.4051142835836499,True,2,GF_00051;GF_01819,Model-Supported,Other / unassigned,True,False,False,True,False,False,False
GF_02068,bifunctional aconitate hydratase 2/2-methylisocitrate dehydratase,acnB,Other / unassigned,0.4146563160788059,True,1,GF_01841,Model-Supported,Other / unassigned,True,False,False,False,False,False,False
GF_02516,GTP cyclohydrolase I FolE,folE,Other / unassigned,0.4161490725016024,True,2,GF_02110;GF_02172,Model-Supported,Other / unassigned,True,False,False,False,False,False,False
GF_01758,ATP synthase F0 subunit C,atpE,Housekeeping / lineage marker,0.4162707962671335,True,1,GF_01396,Model-Supported,Housekeeping / lineage marker,True,False,False,False,False,False,False
GF_00077,tryptophan--tRNA ligase,trpS,Housekeeping / lineage marker,0.4187636304122785,True,1,GF_01919,Model-Supported,Housekeeping / lineage marker,True,False,False,False,False,False,False
GF_01949,Na(+)/H(+) antiporter subunit B,,Other / unassigned,0.4193253365605845,True,1,GF_00580,Model-Supported,Other / unassigned,True,False,False,False,False,False,False
GF_01963,sulfate adenylyltransferase,sat,Other / unassigned,0.4234909817978974,True,1,GF_01337,Model-Supported,Other / unassigned,True,False,False,False,False,False,False
GF_00643,50S ribosomal protein L11,rplK,Housekeeping / lineage marker,0.4235188241098908,True,1,GF_00796,Model-Supported,Housekeeping / lineage marker,True,False,False,True,False,False,False
GF_01206,response regulator transcription factor,,Regulation,0.4276488965067664,True,15,GF_00235;GF_00367;GF_00373;GF_00412;GF_00698;GF_00832;GF_00859;GF_00863;GF_00992;GF_01023;GF_01240;GF_01326;GF_01426;GF_01930;GF_02100,Highly Pure;Model-Supported,Regulation,True,True,False,False,False,False,False
GF_01723,photosystem I biogenesis protein BtpA,btpA,Housekeeping / lineage marker,0.4314300060847691,True,1,GF_01543,Model-Supported,Housekeeping / lineage marker,True,False,False,False,False,False,False
GF_01011,sulfate/molybdate ABC transporter ATP-binding protein,,Transport,0.4352143688097127,True,2,GF_00311;GF_00640,Model-Supported,Transport,True,False,False,False,False,False,False
GF_01032,50S ribosomal protein L1,rplA,Housekeeping / lineage marker,0.4418481818897604,True,1,GF_01540,Model-Supported,Housekeeping / lineage marker,True,False,False,False,False,False,False
GF_00533,acetolactate synthase small subunit,ilvN,Other / unassigned,0.4426954838472993,True,1,GF_02157,Model-Supported,Other / unassigned,True,False,False,True,False,False,False
GF_00855,peptide chain release factor 3,prfC,Other / unassigned,0.4443988852979957,True,1,GF_00623,Model-Supported,Other / unassigned,True,False,False,False,False,False,False
GF_01860,pyridoxine 5'-phosphate synthase,,Other / unassigned,0.4449669228372015,True,1,GF_00635,Model-Supported,Other / unassigned,True,False,False,False,False,False,False
GF_00320,chlorophyll synthase ChlG,chlG,Other / unassigned,0.4485969495796436,True,2,GF_00862;GF_02092,Highly Pure;Model-Supported,Other / unassigned,True,True,False,False,False,False,False
GF_00676,Rrf2 family transcriptional regulator,,Regulation,0.4529473728489693,True,1,GF_00619,Model-Supported,Regulation,True,False,False,False,False,False,False
GF_01221,acetate--CoA ligase,acs,Other / unassigned,0.453183774989355,True,1,GF_01028,Model-Supported,Other / unassigned,True,False,False,False,False,False,False
GF_00946,response regulator,,Regulation,0.4533686950195105,True,7,GF_00989;GF_01287;GF_01447;GF_01864;GF_01874;GF_02060;GF_02193,Highly Pure;Model-Supported,Regulation,True,True,False,False,False,False,False
GF_01801,organoarsenical effux MFS transporter ArsJ,arsJ,Transport,0.4557663755195817,True,1,GF_01504,Model-Supported,Transport,True,False,False,False,False,False,False
GF_00616,CPBP family intramembrane glutamic endopeptidase,,Stress / membrane / uncharacterized,0.4596313094859037,True,1,GF_00332,Model-Supported,Stress / membrane / uncharacterized,True,False,False,False,False,False,False
GF_02073,photosystem II q(b) protein,psbA,Housekeeping / lineage marker,0.4611590392857463,True,1,GF_01512,Model-Supported,Housekeeping / lineage marker,True,False,False,False,False,False,False
GF_00217,ABC transporter ATP-binding protein,,Transport,0.4616038264082002,True,23,GF_00177;GF_00211;GF_00461;GF_00568;GF_00764;GF_00789;GF_00800;GF_00890;GF_00951;GF_00953;GF_01035;GF_01411;GF_01431;GF_01514;GF_01531;GF_01593;GF_01647;GF_01671;GF_01849;GF_01884;GF_01892;GF_02156;GF_02173,Highly Pure;Model-Supported,Transport,True,True,False,False,False,False,False
GF_02485,precorrin-8X methylmutase,,Other / unassigned,0.4633820639600799,True,1,GF_02158,Model-Supported,Other / unassigned,True,False,False,False,False,False,False
GF_00693,B12-binding domain-containing radical SAM protein,,Other / unassigned,0.4639343408694678,True,2,GF_00220;GF_00345,Highly Pure;Model-Supported,Other / unassigned,True,True,False,False,False,False,False
GF_01553,NAD(P)H-quinone oxidoreductase subunit N,,Other / unassigned,0.4652013877686377,True,2,GF_00318;GF_01279,Highly Pure;Model-Supported,Other / unassigned,True,True,False,False,False,False,False
GF_00916,ATP-dependent protease ATP-binding subunit ClpX,clpX,Other / unassigned,0.465229331440968,True,1,GF_00658,Model-Supported,Other / unassigned,True,False,False,True,False,False,False
GF_00631,ribulose-phosphate 3-epimerase,rpe,Other / unassigned,0.4680535381280198,True,1,GF_00350,Model-Supported,Other / unassigned,True,False,False,True,False,False,False
GF_01043,formyltetrahydrofolate deformylase,purU,Other / unassigned,0.4683556025953587,True,1,GF_00773,Model-Supported,Other / unassigned,True,False,False,False,False,False,False
GF_01662,protochlorophyllide reductase,,Other / unassigned,0.4686057273348132,True,1,GF_00643,Model-Supported,Other / unassigned,True,False,False,False,False,False,False
GF_00212,polyribonucleotide nucleotidyltransferase,,Other / unassigned,0.4703946307253581,True,1,GF_02093,Model-Supported,Other / unassigned,True,False,False,False,False,False,False
GF_00979,serine hydroxymethyltransferase,glyA,Other / unassigned,0.4704445314497001,True,1,GF_00723,Model-Supported,Other / unassigned,True,False,False,False,False,False,False
GF_00571,ACR3 family arsenite efflux transporter,arsB,Transport,0.4739874777192652,True,1,GF_00296,Model-Supported,Transport,True,False,False,False,False,False,False
GF_01659,phycocyanin subunit beta,,Other / unassigned,0.4739939353886124,True,1,GF_00347,Model-Supported,Other / unassigned,True,False,False,False,False,False,False
GF_01602,30S ribosome-binding factor RbfA,rbfA,Housekeeping / lineage marker,0.474998143044947,True,1,GF_00208,Model-Supported,Housekeeping / lineage marker,True,False,False,False,False,False,False
GF_01263,glycine--tRNA ligase subunit alpha,glyQ,Housekeeping / lineage marker,0.4800866120117327,True,1,GF_01552,Model-Supported,Housekeeping / lineage marker,True,False,False,True,False,False,False
GF_01817,septum site-determining protein MinD,minD,Other / unassigned,0.4846603013405332,True,1,GF_01535,Model-Supported,Other / unassigned,True,False,False,False,False,False,False
GF_00595,NAD(P)H-quinone oxidoreductase subunit N,,Other / unassigned,0.4932255347325019,True,2,GF_00318;GF_01279,Highly Pure;Model-Supported,Other / unassigned,True,True,False,False,False,False,False
GF_01822,enoyl-ACP reductase FabI,fabI,Other / unassigned,0.4966094264684187,True,1,GF_01742,Model-Supported,Other / unassigned,True,False,False,False,False,False,False
GF_01058,phycocyanin subunit alpha,cpcA,Other / unassigned,0.4992653050748269,True,2,GF_01837;GF_02109,Model-Supported,Other / unassigned,True,False,False,False,False,False,False
GF_01722,imidazole glycerol phosphate synthase subunit HisF,hisF,Other / unassigned,0.5007909944713154,True,1,GF_01591,Model-Supported,Other / unassigned,True,False,False,False,False,False,False
GF_00896,30S ribosomal protein S16,rpsP,Housekeeping / lineage marker,0.5010265788181058,True,1,GF_02220,Model-Supported,Housekeeping / lineage marker,True,False,False,True,False,False,False
GF_02393,long-chain acyl-[acyl-carrier-protein] reductase,,Other / unassigned,0.5020487251003494,True,1,GF_01333,Model-Supported,Other / unassigned,True,False,False,False,False,False,False
GF_01733,translation initiation factor IF-3,infC,Other / unassigned,0.5031561642132127,True,1,GF_00036,Model-Supported,Other / unassigned,True,False,False,False,False,False,False
GF_01012,ribose-phosphate pyrophosphokinase,,Other / unassigned,0.504045020078174,True,1,GF_00751,Model-Supported,Other / unassigned,True,False,False,False,False,False,False
GF_00673,beta-ketoacyl-ACP synthase II,fabF,Other / unassigned,0.5096432174332537,True,1,GF_01377,Model-Supported,Other / unassigned,True,False,False,False,False,False,False
GF_00935,sodium-dependent bicarbonate transport family permease,,Transport,0.5101982774128901,True,2,GF_01401;GF_01902,Model-Supported,Transport,True,False,False,False,False,False,False
GF_01160,phycocyanin subunit beta,,Other / unassigned,0.5106341979975565,True,1,GF_00347,Model-Supported,Other / unassigned,True,False,False,False,False,False,False
GF_00690,acetylglutamate kinase,argB,Other / unassigned,0.512550504189955,True,1,GF_00405,Model-Supported,Other / unassigned,True,False,False,False,False,False,False
GF_00186,elongation factor P,efp,Other / unassigned,0.5206542045506085,True,2,GF_00082;GF_02152,Model-Supported,Other / unassigned,True,False,False,True,False,False,False
GF_00376,15-cis-phytoene desaturase,pds,Other / unassigned,0.5233277131207178,True,2,GF_00104;GF_01324,Highly Pure;Model-Supported,Other / unassigned,True,True,False,False,False,False,False
GF_01700,type II toxin-antitoxin system HicB family antitoxin,,Other / unassigned,0.5236011178024061,True,3,GF_00244;GF_00546;GF_02226,Model-Supported,Other / unassigned,True,False,False,False,False,False,False
GF_01062,ATP-dependent Clp endopeptidase proteolytic subunit ClpP,clpP,Stress / membrane / uncharacterized,0.5254579264102406,True,2,GF_01248;GF_01550,Model-Supported,Stress / membrane / uncharacterized,True,False,False,False,False,False,False
GF_01234,uroporphyrinogen-III C-methyltransferase,cobA,Other / unassigned,0.5256571576299445,True,2,GF_00219;GF_01692,Highly Pure;Model-Supported,Other / unassigned,True,True,False,False,False,False,False
GF_01670,30S ribosomal protein S5,rpsE,Housekeeping / lineage marker,0.5272551099158577,True,1,GF_00353,Model-Supported,Housekeeping / lineage marker,True,False,False,True,False,False,False
GF_01498,geranylgeranyl reductase,chlP,Other / unassigned,0.5276466608413994,True,1,GF_02223,Model-Supported,Other / unassigned,True,False,False,True,False,False,False
GF_02109,chlorophyll a/b-binding protein,,Other / unassigned,0.5380613757552745,True,5,GF_00044;GF_00477;GF_00799;GF_01609;GF_01639,Highly Pure;Model-Supported,Other / unassigned,True,True,False,False,False,False,False
GF_01656,cyclic pyranopterin monophosphate synthase MoaC,moaC,Other / unassigned,0.539487101503109,True,2,GF_01379;GF_01781,Highly Pure;Model-Supported,Other / unassigned,True,True,False,False,False,False,False
GF_00672,50S ribosomal protein L27,rpmA,Housekeeping / lineage marker,0.54329538242026,True,1,GF_00612,Model-Supported,Housekeeping / lineage marker,True,False,False,False,False,False,False
GF_00613,acetolactate synthase large subunit,,Other / unassigned,0.5449301111393735,True,1,GF_00046,Model-Supported,Other / unassigned,True,False,False,False,False,False,False
GF_02106,Npun_R2479 family HD domain-containing metalloprotein,,Other / unassigned,0.5527263691507597,True,1,GF_01807,Model-Supported,Other / unassigned,True,False,False,False,False,False,False
GF_01731,bacterioferritin,,Other / unassigned,0.563101491753306,True,1,GF_01458,Model-Supported,Other / unassigned,True,False,False,False,False,False,False
GF_00213,photosystem II q(b) protein,psbA,Housekeeping / lineage marker,0.5632110592807121,True,1,GF_01512,Model-Supported,Housekeeping / lineage marker,True,False,False,False,False,False,False
GF_01649,phosphomannose isomerase type II C-terminal cupin domain,,Other / unassigned,0.5648880877740253,True,1,GF_01372,Model-Supported,Other / unassigned,True,False,False,False,False,False,False
GF_02406,homocysteine biosynthesis protein,,Other / unassigned,0.5650213257024285,True,1,GF_01661,Model-Supported,Other / unassigned,True,False,False,False,False,False,False
GF_00657,amino acid ABC transporter ATP-binding protein,,Transport,0.5684099165745179,True,1,GF_00622,Model-Supported,Transport,True,False,False,False,False,False,False
GF_00400,bifunctional phosphoribosyl-AMP cyclohydrolase/phosphoribosyl-ATP diphosphatase HisIE,hisIE,Other / unassigned,0.5741450822756268,True,1,GF_00566,Model-Supported,Other / unassigned,True,False,False,False,False,False,False
GF_00185,class 1 fructose-bisphosphatase,fbp,Other / unassigned,0.5779214470249266,True,1,GF_00409,Model-Supported,Other / unassigned,True,False,False,False,False,False,False
GF_00823,imidazoleglycerol-phosphate dehydratase HisB,hisB,Other / unassigned,0.5794639173503259,True,2,GF_01547;GF_01809,Model-Supported,Other / unassigned,True,False,False,False,False,False,False
GF_02021,formamidase,fmdA,Other / unassigned,0.5795079967534682,True,1,GF_01741,Model-Supported,Other / unassigned,True,False,False,False,False,False,False
GF_00274,allophycocyanin subunit beta,apcB,Other / unassigned,0.5875533481156157,True,2,GF_00248;GF_00503,Highly Pure;Model-Supported,Other / unassigned,True,True,False,True,False,False,False
GF_00677,CO2 hydration protein,,Other / unassigned,0.5875586348274638,True,2,GF_00396;GF_00711,Highly Pure;Model-Supported,Other / unassigned,True,True,False,False,False,False,False
GF_00828,HNH endonuclease,,Other / unassigned,0.5886796809882353,True,1,GF_01425,Model-Supported,Other / unassigned,True,False,False,False,False,False,False
GF_00893,peptide-methionine (S)-S-oxide reductase MsrA,,Other / unassigned,0.5899336682449615,True,1,GF_00633,Model-Supported,Other / unassigned,True,False,False,False,False,False,False
GF_01277,arsenical resistance protein ArsH,arsH,Other / unassigned,0.591449014544358,True,1,GF_01005,Model-Supported,Other / unassigned,True,False,False,False,False,False,False
GF_01965,response regulator transcription factor,,Regulation,0.5926834116293166,True,15,GF_00235;GF_00367;GF_00373;GF_00412;GF_00698;GF_00832;GF_00859;GF_00863;GF_00992;GF_01023;GF_01240;GF_01326;GF_01426;GF_01930;GF_02100,Highly Pure;Model-Supported,Regulation,True,True,False,False,False,False,False
GF_00506,ATP-binding protein,,Other / unassigned,0.5957638150474789,True,4,GF_00843;GF_01269;GF_01475;GF_01498,Highly Pure;Model-Supported,Other / unassigned,True,True,False,False,False,False,False
GF_01604,preQ(1) synthase,queF,Other / unassigned,0.5980665338346816,True,1,GF_00887,Model-Supported,Other / unassigned,True,False,False,False,False,False,False
GF_01819,urease subunit alpha,ureC,Other / unassigned,0.5989429531497352,True,1,GF_01477,Model-Supported,Other / unassigned,True,False,False,False,False,False,False
GF_00739,co-chaperone GroES,groES,Other / unassigned,0.5993422137799321,True,1,GF_02262,Model-Supported,Other / unassigned,True,False,False,True,False,False,False
GF_01668,ATP-dependent Clp protease adapter ClpS,clpS,Other / unassigned,0.601135568279539,True,2,GF_00609;GF_01375,Model-Supported,Other / unassigned,True,False,False,False,False,False,False
GF_00331,photosystem II reaction center protein CP43,psbC,Housekeeping / lineage marker,0.6059044156959424,True,1,GF_01900,Model-Supported,Housekeeping / lineage marker,True,False,False,True,False,False,False
GF_01821,NDP-sugar synthase,,Other / unassigned,0.6101683695980504,True,1,GF_00569,Model-Supported,Other / unassigned,True,False,False,False,False,False,False
GF_00178,RNA polymerase sigma factor RpoD,rpoD,Housekeeping / lineage marker,0.6128932828685254,True,1,GF_02218,Model-Supported,Housekeeping / lineage marker,True,False,False,False,False,False,False
GF_00741,NUDIX hydrolase,,Other / unassigned,0.6129509003955264,True,3,GF_00471;GF_00736;GF_01598,Highly Pure;Model-Supported,Other / unassigned,True,True,False,False,False,False,False
GF_00691,potassium-transporting ATPase subunit KdpB,kdpB,Transport,0.6154378600818324,True,3,GF_01897;GF_01907;GF_02072,Highly Pure;Model-Supported,Transport,True,True,False,False,False,False,False
GF_00558,50S ribosomal protein L31,rpmE,Housekeeping / lineage marker,0.6154556826999682,True,1,GF_00957,Model-Supported,Housekeeping / lineage marker,True,False,False,True,False,False,False
GF_02020,sodium-dependent bicarbonate transport family permease,,Transport,0.6184615204914985,True,2,GF_01401;GF_01902,Model-Supported,Transport,True,False,False,False,False,False,False
GF_00593,ATP-dependent chaperone ClpB,clpB,Other / unassigned,0.6225879648279272,True,2,GF_00362;GF_01667,Highly Pure;Model-Supported,Other / unassigned,True,True,False,False,False,False,False
GF_02361,type II toxin-antitoxin system HicB family antitoxin,,Other / unassigned,0.6227133861504562,True,3,GF_00244;GF_00546;GF_02226,Model-Supported,Other / unassigned,True,False,False,False,False,False,False
GF_01785,potassium-transporting ATPase subunit KdpB,kdpB,Transport,0.6246300387415831,True,3,GF_01897;GF_01907;GF_02072,Highly Pure;Model-Supported,Transport,True,True,False,False,False,False,False
GF_01730,50S ribosomal protein L32,rpmF,Housekeeping / lineage marker,0.6265732258475106,True,1,GF_00603,Model-Supported,Housekeeping / lineage marker,True,False,False,False,False,False,False
GF_02145,30S ribosomal protein S5,rpsE,Housekeeping / lineage marker,0.6269919783779088,True,1,GF_00353,Model-Supported,Housekeeping / lineage marker,True,False,False,True,False,False,False
GF_00865,lactoylglutathione lyase,gloA,Other / unassigned,0.627597313231244,True,1,GF_00112,Model-Supported,Other / unassigned,True,False,False,False,False,False,False
GF_01855,MSMEG_0572/Sll0783 family nitrogen starvation response protein,,Other / unassigned,0.6366920534387996,True,1,GF_01246,Model-Supported,Other / unassigned,True,False,False,False,False,False,False
GF_01102,30S ribosomal protein S17,rpsQ,Housekeeping / lineage marker,0.6386234174450981,True,2,GF_00141;GF_01456,Model-Supported,Housekeeping / lineage marker,True,False,False,True,False,False,False
GF_02135,hydrogenase nickel incorporation protein HypB,hypB,Other / unassigned,0.6417052818124849,True,2,GF_00561;GF_01840,Highly Pure;Model-Supported,Other / unassigned,True,True,False,False,False,False,False
GF_01138,NADH-quinone oxidoreductase subunit NuoK,nuoK,Other / unassigned,0.6472566478109401,True,1,GF_00088,Model-Supported,Other / unassigned,True,False,False,False,False,False,False
GF_00509,30S ribosomal protein S16,rpsP,Housekeeping / lineage marker,0.6506050056579764,True,1,GF_02220,Model-Supported,Housekeeping / lineage marker,True,False,False,True,False,False,False
GF_00969,aspartate ammonia-lyase,aspA,Other / unassigned,0.6544249324056237,True,1,GF_00431,Model-Supported,Other / unassigned,True,False,False,False,False,False,False
GF_01699,urease accessory protein UreG,ureG,Other / unassigned,0.6594583880187339,True,2,GF_01239;GF_01802,Model-Supported,Other / unassigned,True,False,False,False,False,False,False
GF_00829,NUDIX hydrolase,,Other / unassigned,0.6615670959972709,True,3,GF_00471;GF_00736;GF_01598,Highly Pure;Model-Supported,Other / unassigned,True,True,False,False,False,False,False
GF_00457,5-(carboxyamino)imidazole ribonucleotide mutase,purE,Other / unassigned,0.6644632279202497,True,1,GF_00185,Model-Supported,Other / unassigned,True,False,False,False,False,False,False
GF_01071,type II toxin-antitoxin system Phd/YefM family antitoxin,,Other / unassigned,0.6681715403017445,True,1,GF_00702,Model-Supported,Other / unassigned,True,False,False,False,False,False,False
GF_02513,CobW family GTP-binding protein,,Other / unassigned,0.6713003811924151,True,2,GF_00080;GF_00592,Highly Pure;Model-Supported,Other / unassigned,True,True,False,False,False,False,False
GF_01818,transcription termination factor NusA,nusA,Regulation,0.6726315930549364,True,1,GF_01536,Model-Supported,Regulation,True,False,False,False,False,False,False
GF_02107,glycoside hydrolase family 57 protein,,Other / unassigned,0.6735301631376274,True,1,GF_00344,Model-Supported,Other / unassigned,True,False,False,False,False,False,False
GF_01510,HU family DNA-binding protein,,Other / unassigned,0.6872310904457708,True,1,GF_01393,Model-Supported,Other / unassigned,True,False,False,False,False,False,False
GF_00099,type II toxin-antitoxin system HicB family antitoxin,,Other / unassigned,0.6891516925593809,True,3,GF_00244;GF_00546;GF_02226,Model-Supported,Other / unassigned,True,False,False,False,False,False,False
GF_00876,CpeR family transcriptional regulator,,Regulation,0.6914788099017628,True,1,GF_00616,Model-Supported,Regulation,True,False,False,False,False,False,False
GF_01146,cysteine synthase A,,Other / unassigned,0.6945107553378356,True,4,GF_00611;GF_00717;GF_00874;GF_01381,Highly Pure;Model-Supported,Other / unassigned,True,True,False,True,False,False,False
GF_02464,ATP-dependent Clp protease adapter ClpS,clpS,Other / unassigned,0.6983007887705417,True,2,GF_00609;GF_01375,Model-Supported,Other / unassigned,True,False,False,False,False,False,False
GF_00392,urease subunit gamma,ureA,Other / unassigned,0.7048603982155961,True,1,GF_00124,Model-Supported,Other / unassigned,True,False,False,False,False,False,False
GF_01232,molybdopterin-synthase adenylyltransferase MoeB,moeB,Other / unassigned,0.7085901312389672,True,1,GF_00613,Model-Supported,Other / unassigned,True,False,False,False,False,False,False
GF_00439,photosystem II reaction center protein I,,Housekeeping / lineage marker,0.7104220266028722,True,1,GF_01872,Model-Supported,Housekeeping / lineage marker,True,False,False,False,False,False,False
GF_02332,photosystem II reaction center protein K,,Housekeeping / lineage marker,0.7123633460731541,True,1,GF_00433,Model-Supported,Housekeeping / lineage marker,True,False,False,False,False,False,False
GF_02379,type I methionyl aminopeptidase,map,Housekeeping / lineage marker,0.7125374997974668,True,2,GF_00424;GF_01388,Highly Pure;Model-Supported,Housekeeping / lineage marker,True,True,False,False,False,False,False
GF_00604,uroporphyrinogen decarboxylase,hemE,Other / unassigned,0.7262740057612969,True,1,GF_01637,Model-Supported,Other / unassigned,True,False,False,False,False,False,False
GF_01969,recombination mediator RecR,recR,Other / unassigned,0.7305344757976754,True,1,GF_01693,Model-Supported,Other / unassigned,True,False,False,False,False,False,False
GF_00542,CRISPR-associated endonuclease Cas2,cas2,Other / unassigned,0.7306864806172615,True,1,GF_00262,Model-Supported,Other / unassigned,True,False,False,False,False,False,False
GF_01909,gas vesicle structural protein GvpA,gvpA,Other / unassigned,0.7311588770707015,True,1,GF_00536,Model-Supported,Other / unassigned,True,False,False,False,False,False,False
GF_00663,50S ribosomal protein L24,rplX,Housekeeping / lineage marker,0.736670371224822,True,1,GF_00390,Model-Supported,Housekeeping / lineage marker,True,False,False,True,False,False,False
GF_00606,glutamate synthase large subunit,gltB,Other / unassigned,0.746416175813573,True,1,GF_00395,Model-Supported,Other / unassigned,True,False,False,False,False,False,False
GF_00866,glutamate synthase small subunit,gltD,Other / unassigned,0.7477031700329946,True,1,GF_00608,Model-Supported,Other / unassigned,True,False,False,False,False,False,False
GF_02522,50S ribosomal protein L20,rplT,Housekeeping / lineage marker,0.7492068769981635,True,2,GF_01282;GF_01374,Highly Pure;Model-Supported,Housekeeping / lineage marker,True,True,False,True,False,False,False
GF_01932,threonine--tRNA ligase,thrS,Housekeeping / lineage marker,0.7533839645322181,True,1,GF_00404,Model-Supported,Housekeeping / lineage marker,True,False,False,False,False,False,False
GF_02217,response regulator transcription factor,,Regulation,0.7546538145148804,True,15,GF_00235;GF_00367;GF_00373;GF_00412;GF_00698;GF_00832;GF_00859;GF_00863;GF_00992;GF_01023;GF_01240;GF_01326;GF_01426;GF_01930;GF_02100,Highly Pure;Model-Supported,Regulation,True,True,False,False,False,False,False
GF_01678,photosystem II reaction center protein T,,Housekeeping / lineage marker,0.7611238666020927,True,1,GF_01676,Model-Supported,Housekeeping / lineage marker,True,False,False,False,False,False,False
GF_00624,50S ribosomal protein L33,rpmG,Housekeeping / lineage marker,0.7669318357132379,True,1,GF_01231,Model-Supported,Housekeeping / lineage marker,True,False,False,False,False,False,False
GF_00393,50S ribosomal protein L28,rpmB,Housekeeping / lineage marker,0.778490197081501,True,1,GF_00618,Model-Supported,Housekeeping / lineage marker,True,False,False,True,False,False,False
GF_01657,cysteine synthase A,cysK,Other / unassigned,0.7830911564627547,True,4,GF_00611;GF_00717;GF_00874;GF_01381,Highly Pure;Model-Supported,Other / unassigned,True,True,False,True,False,False,False
GF_01672,enoyl-ACP reductase FabI,fabI,Other / unassigned,0.7878426427156217,True,1,GF_01742,Model-Supported,Other / unassigned,True,False,False,False,False,False,False
GF_01635,ABC transporter permease,,Transport,0.7888120187366836,True,12,GF_00096;GF_00253;GF_00263;GF_00382;GF_00661;GF_00821;GF_00840;GF_01349;GF_01500;GF_01768;GF_01777;GF_02118,Highly Pure;Model-Supported,Transport,True,True,False,False,False,False,False
GF_01964,class I fructose-bisphosphate aldolase,,Carbon metabolism & NAD(P)H supply,0.8203456426835324,True,1,GF_00732,Model-Supported,Carbon metabolism & NAD(P)H supply,True,False,False,False,False,False,False
GF_00629,response regulator transcription factor,,Regulation,0.8235328989691585,True,15,GF_00235;GF_00367;GF_00373;GF_00412;GF_00698;GF_00832;GF_00859;GF_00863;GF_00992;GF_01023;GF_01240;GF_01326;GF_01426;GF_01930;GF_02100,Highly Pure;Model-Supported,Regulation,True,True,False,False,False,False,False
GF_00861,DNA topoisomerase (ATP-hydrolyzing) subunit B,gyrB,Housekeeping / lineage marker,0.8252452174521518,True,1,GF_02178,Model-Supported,Housekeeping / lineage marker,True,False,False,False,False,False,False
GF_02412,photosystem II reaction center protein PsbM,psbM,Housekeeping / lineage marker,0.8260023857709315,True,1,GF_01583,Model-Supported,Housekeeping / lineage marker,True,False,False,False,False,False,False
GF_00108,type I methionyl aminopeptidase,map,Housekeeping / lineage marker,0.8331962415917877,True,2,GF_00424;GF_01388,Highly Pure;Model-Supported,Housekeeping / lineage marker,True,True,False,False,False,False,False
GF_00930,ABC transporter ATP-binding protein,,Transport,0.8347221057269311,True,23,GF_00177;GF_00211;GF_00461;GF_00568;GF_00764;GF_00789;GF_00800;GF_00890;GF_00951;GF_00953;GF_01035;GF_01411;GF_01431;GF_01514;GF_01531;GF_01593;GF_01647;GF_01671;GF_01849;GF_01884;GF_01892;GF_02156;GF_02173,Highly Pure;Model-Supported,Transport,True,True,False,False,False,False,False
GF_00670,30S ribosomal protein S21,rpsU,Housekeeping / lineage marker,0.8383143637649302,True,3,GF_00604;GF_01293;GF_01850,Highly Pure;Model-Supported,Housekeeping / lineage marker,True,True,False,False,False,False,False
GF_01606,Fur family transcriptional regulator,,Regulation,0.8623380728924922,True,3,GF_00276;GF_00299;GF_02091,Highly Pure;Model-Supported,Regulation,True,True,False,False,False,False,False
GF_02403,photosystem II reaction center phosphoprotein PsbH,psbH,Housekeeping / lineage marker,0.9509186336887804,True,1,GF_00432,Model-Supported,Housekeeping / lineage marker,True,False,False,False,False,False,False
GF_00202,DUF3593 domain-containing protein,,Stress / membrane / uncharacterized,0.1803169157628719,False,1,GF_01638,Model-Supported,Stress / membrane / uncharacterized,True,False,False,False,False,False,False
GF_02515,DUF2499 domain-containing protein,,Stress / membrane / uncharacterized,0.1908341685865429,False,1,GF_01428,Model-Supported,Stress / membrane / uncharacterized,True,False,False,False,False,False,False
GF_00646,DUF433 domain-containing protein,,Stress / membrane / uncharacterized,0.2303649175827085,False,7,GF_00175;GF_00982;GF_01332;GF_01409;GF_01619;GF_02122;GF_02216,Model-Supported,Stress / membrane / uncharacterized,True,False,False,False,False,False,False
GF_00788,NifU family protein,,Nitrogenase / nif machinery,0.2328602258692653,False,1,GF_00814,Model-Supported,Nitrogenase / nif machinery,True,False,False,False,False,False,False
GF_02518,potassium channel family protein,,Other / unassigned,0.2487063706876818,False,2,GF_00354;GF_01885,Highly Pure;Model-Supported,Other / unassigned,True,True,False,False,False,False,False
GF_00058,hypothetical protein,,Stress / membrane / uncharacterized,0.2557562458484794,False,54,GF_00004;GF_00050;GF_00163;GF_00184;GF_00218;GF_00222;GF_00226;GF_00234;GF_00280;GF_00294;GF_00357;GF_00374;GF_00422;GF_00448;GF_00492;GF_00555;GF_00556;GF_00700;GF_00760;GF_00794;GF_00841;GF_00909;GF_00912;GF_00977;GF_00995;GF_00997;GF_01012;GF_01196;GF_01236;GF_01276;GF_01319;GF_01406;GF_01408;GF_01423;GF_01438;GF_01484;GF_01511;GF_01545;GF_01584;GF_01586;GF_01597;GF_01608;GF_01611;GF_01649;GF_01650;GF_01651;GF_01744;GF_01759;GF_01860;GF_01865;GF_01881;GF_01888;GF_02081;GF_02170,Highly Pure;Model-Supported,Stress / membrane / uncharacterized,True,True,False,False,False,False,False
GF_00389,helix-turn-helix domain-containing protein,,Other / unassigned,0.2979115395730696,False,2,GF_00820;GF_02215,Highly Pure;Model-Supported,Other / unassigned,True,True,False,False,False,False,False
GF_00297,DUF1257 domain-containing protein,,Stress / membrane / uncharacterized,0.2998009234133744,False,2,GF_00017;GF_00737,Highly Pure;Model-Supported,Stress / membrane / uncharacterized,True,True,False,True,False,False,False
GF_01735,hypothetical protein,,Stress / membrane / uncharacterized,0.3034794161015869,False,54,GF_00004;GF_00050;GF_00163;GF_00184;GF_00218;GF_00222;GF_00226;GF_00234;GF_00280;GF_00294;GF_00357;GF_00374;GF_00422;GF_00448;GF_00492;GF_00555;GF_00556;GF_00700;GF_00760;GF_00794;GF_00841;GF_00909;GF_00912;GF_00977;GF_00995;GF_00997;GF_01012;GF_01196;GF_01236;GF_01276;GF_01319;GF_01406;GF_01408;GF_01423;GF_01438;GF_01484;GF_01511;GF_01545;GF_01584;GF_01586;GF_01597;GF_01608;GF_01611;GF_01649;GF_01650;GF_01651;GF_01744;GF_01759;GF_01860;GF_01865;GF_01881;GF_01888;GF_02081;GF_02170,Highly Pure;Model-Supported,Stress / membrane / uncharacterized,True,True,False,False,False,False,False
GF_00688,RNA recognition motif domain-containing protein,,Other / unassigned,0.3127923189220411,False,3,GF_00394;GF_00449;GF_01894,Highly Pure;Model-Supported,Other / unassigned,True,True,False,False,False,False,False
GF_02466,histone deacetylase family protein,,Other / unassigned,0.3175860746836348,False,1,GF_02159,Model-Supported,Other / unassigned,True,False,False,False,False,False,False
GF_00910,hypothetical protein,,Stress / membrane / uncharacterized,0.3283984471202701,False,54,GF_00004;GF_00050;GF_00163;GF_00184;GF_00218;GF_00222;GF_00226;GF_00234;GF_00280;GF_00294;GF_00357;GF_00374;GF_00422;GF_00448;GF_00492;GF_00555;GF_00556;GF_00700;GF_00760;GF_00794;GF_00841;GF_00909;GF_00912;GF_00977;GF_00995;GF_00997;GF_01012;GF_01196;GF_01236;GF_01276;GF_01319;GF_01406;GF_01408;GF_01423;GF_01438;GF_01484;GF_01511;GF_01545;GF_01584;GF_01586;GF_01597;GF_01608;GF_01611;GF_01649;GF_01650;GF_01651;GF_01744;GF_01759;GF_01860;GF_01865;GF_01881;GF_01888;GF_02081;GF_02170,Highly Pure;Model-Supported,Stress / membrane / uncharacterized,True,True,False,False,False,False,False
GF_00139,hypothetical protein,ycf54,Stress / membrane / uncharacterized,0.3371047090308212,False,54,GF_00004;GF_00050;GF_00163;GF_00184;GF_00218;GF_00222;GF_00226;GF_00234;GF_00280;GF_00294;GF_00357;GF_00374;GF_00422;GF_00448;GF_00492;GF_00555;GF_00556;GF_00700;GF_00760;GF_00794;GF_00841;GF_00909;GF_00912;GF_00977;GF_00995;GF_00997;GF_01012;GF_01196;GF_01236;GF_01276;GF_01319;GF_01406;GF_01408;GF_01423;GF_01438;GF_01484;GF_01511;GF_01545;GF_01584;GF_01586;GF_01597;GF_01608;GF_01611;GF_01649;GF_01650;GF_01651;GF_01744;GF_01759;GF_01860;GF_01865;GF_01881;GF_01888;GF_02081;GF_02170,Highly Pure;Model-Supported,Stress / membrane / uncharacterized,True,True,False,False,False,False,False
GF_01630,fasciclin domain-containing protein,,Other / unassigned,0.368724663658436,False,2,GF_01616;GF_02224,Model-Supported,Other / unassigned,True,False,False,False,False,False,False
GF_00011,hypothetical protein,,Stress / membrane / uncharacterized,0.371939190703744,False,54,GF_00004;GF_00050;GF_00163;GF_00184;GF_00218;GF_00222;GF_00226;GF_00234;GF_00280;GF_00294;GF_00357;GF_00374;GF_00422;GF_00448;GF_00492;GF_00555;GF_00556;GF_00700;GF_00760;GF_00794;GF_00841;GF_00909;GF_00912;GF_00977;GF_00995;GF_00997;GF_01012;GF_01196;GF_01236;GF_01276;GF_01319;GF_01406;GF_01408;GF_01423;GF_01438;GF_01484;GF_01511;GF_01545;GF_01584;GF_01586;GF_01597;GF_01608;GF_01611;GF_01649;GF_01650;GF_01651;GF_01744;GF_01759;GF_01860;GF_01865;GF_01881;GF_01888;GF_02081;GF_02170,Highly Pure;Model-Supported,Stress / membrane / uncharacterized,True,True,False,False,False,False,False
GF_01902,fasciclin domain-containing protein,,Other / unassigned,0.3739480200246672,False,2,GF_01616;GF_02224,Model-Supported,Other / unassigned,True,False,False,False,False,False,False
GF_01016,hypothetical protein,,Stress / membrane / uncharacterized,0.3924320913976324,False,54,GF_00004;GF_00050;GF_00163;GF_00184;GF_00218;GF_00222;GF_00226;GF_00234;GF_00280;GF_00294;GF_00357;GF_00374;GF_00422;GF_00448;GF_00492;GF_00555;GF_00556;GF_00700;GF_00760;GF_00794;GF_00841;GF_00909;GF_00912;GF_00977;GF_00995;GF_00997;GF_01012;GF_01196;GF_01236;GF_01276;GF_01319;GF_01406;GF_01408;GF_01423;GF_01438;GF_01484;GF_01511;GF_01545;GF_01584;GF_01586;GF_01597;GF_01608;GF_01611;GF_01649;GF_01650;GF_01651;GF_01744;GF_01759;GF_01860;GF_01865;GF_01881;GF_01888;GF_02081;GF_02170,Highly Pure;Model-Supported,Stress / membrane / uncharacterized,True,True,False,False,False,False,False
GF_00877,hypothetical protein,,Stress / membrane / uncharacterized,0.4028747308252044,False,54,GF_00004;GF_00050;GF_00163;GF_00184;GF_00218;GF_00222;GF_00226;GF_00234;GF_00280;GF_00294;GF_00357;GF_00374;GF_00422;GF_00448;GF_00492;GF_00555;GF_00556;GF_00700;GF_00760;GF_00794;GF_00841;GF_00909;GF_00912;GF_00977;GF_00995;GF_00997;GF_01012;GF_01196;GF_01236;GF_01276;GF_01319;GF_01406;GF_01408;GF_01423;GF_01438;GF_01484;GF_01511;GF_01545;GF_01584;GF_01586;GF_01597;GF_01608;GF_01611;GF_01649;GF_01650;GF_01651;GF_01744;GF_01759;GF_01860;GF_01865;GF_01881;GF_01888;GF_02081;GF_02170,Highly Pure;Model-Supported,Stress / membrane / uncharacterized,True,True,False,False,False,False,False
GF_01609,hypothetical protein,,Stress / membrane / uncharacterized,0.40772549402166,False,54,GF_00004;GF_00050;GF_00163;GF_00184;GF_00218;GF_00222;GF_00226;GF_00234;GF_00280;GF_00294;GF_00357;GF_00374;GF_00422;GF_00448;GF_00492;GF_00555;GF_00556;GF_00700;GF_00760;GF_00794;GF_00841;GF_00909;GF_00912;GF_00977;GF_00995;GF_00997;GF_01012;GF_01196;GF_01236;GF_01276;GF_01319;GF_01406;GF_01408;GF_01423;GF_01438;GF_01484;GF_01511;GF_01545;GF_01584;GF_01586;GF_01597;GF_01608;GF_01611;GF_01649;GF_01650;GF_01651;GF_01744;GF_01759;GF_01860;GF_01865;GF_01881;GF_01888;GF_02081;GF_02170,Highly Pure;Model-Supported,Stress / membrane / uncharacterized,True,True,False,False,False,False,False
GF_00721,DUF6679 family protein,,Stress / membrane / uncharacterized,0.4167681944652343,False,2,GF_00083;GF_02101,Model-Supported,Stress / membrane / uncharacterized,True,False,False,False,False,False,False
GF_00001,hypothetical protein,,Stress / membrane / uncharacterized,0.421580430843979,False,54,GF_00004;GF_00050;GF_00163;GF_00184;GF_00218;GF_00222;GF_00226;GF_00234;GF_00280;GF_00294;GF_00357;GF_00374;GF_00422;GF_00448;GF_00492;GF_00555;GF_00556;GF_00700;GF_00760;GF_00794;GF_00841;GF_00909;GF_00912;GF_00977;GF_00995;GF_00997;GF_01012;GF_01196;GF_01236;GF_01276;GF_01319;GF_01406;GF_01408;GF_01423;GF_01438;GF_01484;GF_01511;GF_01545;GF_01584;GF_01586;GF_01597;GF_01608;GF_01611;GF_01649;GF_01650;GF_01651;GF_01744;GF_01759;GF_01860;GF_01865;GF_01881;GF_01888;GF_02081;GF_02170,Highly Pure;Model-Supported,Stress / membrane / uncharacterized,True,True,False,False,False,False,False
GF_02206,STAS domain-containing protein,,Other / unassigned,0.4220663175256162,False,1,GF_00437,Model-Supported,Other / unassigned,True,False,False,False,False,False,False
GF_00915,ABC-F family ATP-binding cassette domain-containing protein,,Other / unassigned,0.4264032731701196,False,2,GF_00558;GF_00655,Highly Pure;Model-Supported,Other / unassigned,True,True,False,False,False,False,False
GF_02435,TIGR02652 family protein,,Other / unassigned,0.4361739675280428,False,3,GF_01480;GF_02139;GF_02168,Highly Pure;Model-Supported,Other / unassigned,True,True,False,False,False,False,False
GF_00494,cysteine hydrolase family protein,,Other / unassigned,0.4594795691462996,False,1,GF_01823,Model-Supported,Other / unassigned,True,False,False,False,False,False,False
GF_00490,hypothetical protein,,Stress / membrane / uncharacterized,0.4601935274432165,False,54,GF_00004;GF_00050;GF_00163;GF_00184;GF_00218;GF_00222;GF_00226;GF_00234;GF_00280;GF_00294;GF_00357;GF_00374;GF_00422;GF_00448;GF_00492;GF_00555;GF_00556;GF_00700;GF_00760;GF_00794;GF_00841;GF_00909;GF_00912;GF_00977;GF_00995;GF_00997;GF_01012;GF_01196;GF_01236;GF_01276;GF_01319;GF_01406;GF_01408;GF_01423;GF_01438;GF_01484;GF_01511;GF_01545;GF_01584;GF_01586;GF_01597;GF_01608;GF_01611;GF_01649;GF_01650;GF_01651;GF_01744;GF_01759;GF_01860;GF_01865;GF_01881;GF_01888;GF_02081;GF_02170,Highly Pure;Model-Supported,Stress / membrane / uncharacterized,True,True,False,False,False,False,False
GF_00028,hypothetical protein,,Stress / membrane / uncharacterized,0.4628781534976299,False,54,GF_00004;GF_00050;GF_00163;GF_00184;GF_00218;GF_00222;GF_00226;GF_00234;GF_00280;GF_00294;GF_00357;GF_00374;GF_00422;GF_00448;GF_00492;GF_00555;GF_00556;GF_00700;GF_00760;GF_00794;GF_00841;GF_00909;GF_00912;GF_00977;GF_00995;GF_00997;GF_01012;GF_01196;GF_01236;GF_01276;GF_01319;GF_01406;GF_01408;GF_01423;GF_01438;GF_01484;GF_01511;GF_01545;GF_01584;GF_01586;GF_01597;GF_01608;GF_01611;GF_01649;GF_01650;GF_01651;GF_01744;GF_01759;GF_01860;GF_01865;GF_01881;GF_01888;GF_02081;GF_02170,Highly Pure;Model-Supported,Stress / membrane / uncharacterized,True,True,False,False,False,False,False
GF_00294,UPF0175 family protein,,Other / unassigned,0.4795105501965249,False,1,GF_00811,Model-Supported,Other / unassigned,True,False,False,False,False,False,False
GF_02178,Lin0512 family protein,,Other / unassigned,0.5029499253289632,False,1,GF_01328,Model-Supported,Other / unassigned,True,False,False,False,False,False,False
GF_00824,NIL domain-containing protein,,Other / unassigned,0.5102901268947356,False,2,GF_00002;GF_02260,Model-Supported,Other / unassigned,True,False,False,False,False,False,False
GF_00238,hypothetical protein,,Stress / membrane / uncharacterized,0.5119366514838992,False,54,GF_00004;GF_00050;GF_00163;GF_00184;GF_00218;GF_00222;GF_00226;GF_00234;GF_00280;GF_00294;GF_00357;GF_00374;GF_00422;GF_00448;GF_00492;GF_00555;GF_00556;GF_00700;GF_00760;GF_00794;GF_00841;GF_00909;GF_00912;GF_00977;GF_00995;GF_00997;GF_01012;GF_01196;GF_01236;GF_01276;GF_01319;GF_01406;GF_01408;GF_01423;GF_01438;GF_01484;GF_01511;GF_01545;GF_01584;GF_01586;GF_01597;GF_01608;GF_01611;GF_01649;GF_01650;GF_01651;GF_01744;GF_01759;GF_01860;GF_01865;GF_01881;GF_01888;GF_02081;GF_02170,Highly Pure;Model-Supported,Stress / membrane / uncharacterized,True,True,False,False,False,False,False
GF_00715,RNA recognition motif domain-containing protein,,Other / unassigned,0.5219257371494918,False,3,GF_00394;GF_00449;GF_01894,Highly Pure;Model-Supported,Other / unassigned,True,True,False,False,False,False,False
GF_02517,DUF2256 domain-containing protein,,Stress / membrane / uncharacterized,0.5322312266529502,False,1,GF_01836,Model-Supported,Stress / membrane / uncharacterized,True,False,False,False,False,False,False
GF_01222,Dps family protein,,Other / unassigned,0.5339888198366053,False,2,GF_01617;GF_02165,Highly Pure;Model-Supported,Other / unassigned,True,True,False,False,False,False,False
GF_00622,DUF3155 domain-containing protein,,Stress / membrane / uncharacterized,0.5555601636776373,False,1,GF_00340,Model-Supported,Stress / membrane / uncharacterized,True,False,False,False,False,False,False
GF_00239,DUF4327 family protein,,Stress / membrane / uncharacterized,0.5644156981523553,False,2,GF_00948;GF_01448,Highly Pure;Model-Supported,Stress / membrane / uncharacterized,True,True,False,False,False,False,False
GF_00689,YciI family protein,,Other / unassigned,0.5692771695641113,False,1,GF_00489,Model-Supported,Other / unassigned,True,False,False,False,False,False,False
GF_01905,O-acetylhomoserine aminocarboxypropyltransferase/cysteine synthase family protein,,Other / unassigned,0.5883618684124435,False,1,GF_01620,Model-Supported,Other / unassigned,True,False,False,False,False,False,False
GF_02460,small RNA NsiR4-regulated ssr1528 family protein,,Other / unassigned,0.5921024439690213,False,1,GF_00963,Model-Supported,Other / unassigned,True,False,False,False,False,False,False
GF_00667,TIGR02652 family protein,,Other / unassigned,0.592173723706371,False,3,GF_01480;GF_02139;GF_02168,Highly Pure;Model-Supported,Other / unassigned,True,True,False,False,False,False,False
GF_00136,hypothetical protein,,Stress / membrane / uncharacterized,0.592490937849467,False,54,GF_00004;GF_00050;GF_00163;GF_00184;GF_00218;GF_00222;GF_00226;GF_00234;GF_00280;GF_00294;GF_00357;GF_00374;GF_00422;GF_00448;GF_00492;GF_00555;GF_00556;GF_00700;GF_00760;GF_00794;GF_00841;GF_00909;GF_00912;GF_00977;GF_00995;GF_00997;GF_01012;GF_01196;GF_01236;GF_01276;GF_01319;GF_01406;GF_01408;GF_01423;GF_01438;GF_01484;GF_01511;GF_01545;GF_01584;GF_01586;GF_01597;GF_01608;GF_01611;GF_01649;GF_01650;GF_01651;GF_01744;GF_01759;GF_01860;GF_01865;GF_01881;GF_01888;GF_02081;GF_02170,Highly Pure;Model-Supported,Stress / membrane / uncharacterized,True,True,False,False,False,False,False
GF_02136,sodium:solute symporter family protein,,Other / unassigned,0.6022159794476452,False,1,GF_00170,Model-Supported,Other / unassigned,True,False,False,False,False,False,False
GF_00872,TldD/PmbA family protein,,Other / unassigned,0.6187909523828953,False,5,GF_01191;GF_01341;GF_01461;GF_01613;GF_01684,Highly Pure;Model-Supported,Other / unassigned,True,True,False,False,False,False,False
GF_02209,RtcB family protein,,Other / unassigned,0.6253303286387469,False,1,GF_01921,Model-Supported,Other / unassigned,True,False,False,False,False,False,False
GF_01674,small RNA NsiR4-regulated ssr1528 family protein,,Other / unassigned,0.6301725039372212,False,1,GF_00963,Model-Supported,Other / unassigned,True,False,False,False,False,False,False
GF_01087,DUF433 domain-containing protein,,Stress / membrane / uncharacterized,0.6356893879877361,False,7,GF_00175;GF_00982;GF_01332;GF_01409;GF_01619;GF_02122;GF_02216,Model-Supported,Stress / membrane / uncharacterized,True,False,False,False,False,False,False
GF_00661,DUF1825 family protein,,Stress / membrane / uncharacterized,0.6472318858144263,False,1,GF_00756,Model-Supported,Stress / membrane / uncharacterized,True,False,False,False,False,False,False
GF_01201,transketolase C-terminal domain-containing protein,,Other / unassigned,0.6475921091947296,False,1,GF_00018,Model-Supported,Other / unassigned,True,False,False,False,False,False,False
GF_00407,UDP-glucuronic acid decarboxylase family protein,,Other / unassigned,0.6538444698763141,False,1,GF_01329,Model-Supported,Other / unassigned,True,False,False,False,False,False,False
GF_01499,TldD/PmbA family protein,,Other / unassigned,0.6540263489031436,False,5,GF_01191;GF_01341;GF_01461;GF_01613;GF_01684,Highly Pure;Model-Supported,Other / unassigned,True,True,False,False,False,False,False
GF_00666,LON peptidase substrate-binding domain-containing protein,,Transport,0.6549987699764848,False,1,GF_00369,Model-Supported,Transport,True,False,False,False,False,False,False
GF_01858,hypothetical protein,,Stress / membrane / uncharacterized,0.6617083036133468,False,54,GF_00004;GF_00050;GF_00163;GF_00184;GF_00218;GF_00222;GF_00226;GF_00234;GF_00280;GF_00294;GF_00357;GF_00374;GF_00422;GF_00448;GF_00492;GF_00555;GF_00556;GF_00700;GF_00760;GF_00794;GF_00841;GF_00909;GF_00912;GF_00977;GF_00995;GF_00997;GF_01012;GF_01196;GF_01236;GF_01276;GF_01319;GF_01406;GF_01408;GF_01423;GF_01438;GF_01484;GF_01511;GF_01545;GF_01584;GF_01586;GF_01597;GF_01608;GF_01611;GF_01649;GF_01650;GF_01651;GF_01744;GF_01759;GF_01860;GF_01865;GF_01881;GF_01888;GF_02081;GF_02170,Highly Pure;Model-Supported,Stress / membrane / uncharacterized,True,True,False,False,False,False,False
GF_01925,DUF3593 domain-containing protein,,Stress / membrane / uncharacterized,0.6633119157989414,False,1,GF_01638,Model-Supported,Stress / membrane / uncharacterized,True,False,False,False,False,False,False
GF_01253,DUF433 domain-containing protein,,Stress / membrane / uncharacterized,0.7143909913001609,False,7,GF_00175;GF_00982;GF_01332;GF_01409;GF_01619;GF_02122;GF_02216,Model-Supported,Stress / membrane / uncharacterized,True,False,False,False,False,False,False
GF_01658,DUF433 domain-containing protein,,Stress / membrane / uncharacterized,0.7160659602664561,False,7,GF_00175;GF_00982;GF_01332;GF_01409;GF_01619;GF_02122;GF_02216,Model-Supported,Stress / membrane / uncharacterized,True,False,False,False,False,False,False
GF_02459,DUF433 domain-containing protein,,Stress / membrane / uncharacterized,0.7613455934980631,False,7,GF_00175;GF_00982;GF_01332;GF_01409;GF_01619;GF_02122;GF_02216,Model-Supported,Stress / membrane / uncharacterized,True,False,False,False,False,False,False
GF_00401,DUF6679 family protein,,Stress / membrane / uncharacterized,0.77286196681877,False,2,GF_00083;GF_02101,Model-Supported,Stress / membrane / uncharacterized,True,False,False,False,False,False,False
GF_01600,DUF433 domain-containing protein,,Stress / membrane / uncharacterized,0.8168915989313084,False,7,GF_00175;GF_00982;GF_01332;GF_01409;GF_01619;GF_02122;GF_02216,Model-Supported,Stress / membrane / uncharacterized,True,False,False,False,False,False,False
GF_00656,DUF433 domain-containing protein,,Stress / membrane / uncharacterized,0.8387057912658834,False,7,GF_00175;GF_00982;GF_01332;GF_01409;GF_01619;GF_02122;GF_02216,Model-Supported,Stress / membrane / uncharacterized,True,False,False,False,False,False,False
GF_00377,bifunctional nuclease family protein,,Other / unassigned,0.9233236970034052,False,1,GF_00384,Model-Supported,Other / unassigned,True,False,False,False,False,False,False
GF_00825,DUF1815 family protein,,Stress / membrane / uncharacterized,0.9465703001360664,False,1,GF_02264,Model-Supported,Stress / membrane / uncharacterized,True,False,False,False,False,False,False
GF_01190,DevA family ABC transporter ATP-binding protein,,Transport,0.2120225006699747,True,3,GF_00749;GF_01378;GF_01433,Highly Pure,Transport,False,True,False,False,False,False,False
GF_00366,50S ribosomal protein L34,rpmH,Housekeeping / lineage marker,0.2178470572242923,True,1,GF_01868,Highly Pure,Housekeeping / lineage marker,False,True,False,False,False,False,False
GF_01184,CDP-diacylglycerol--glycerol-3-phosphate 3-phosphatidyltransferase,pgsA,Other / unassigned,0.2417414860926709,True,1,GF_00917,Highly Pure,Other / unassigned,False,True,False,False,False,False,False
GF_00140,adenosine deaminase,,Other / unassigned,0.2633644275117589,True,1,GF_00298,Highly Pure,Other / unassigned,False,True,False,False,False,False,False
GF_02494,cysteine desulfurase,,Regulation,0.2928784387669682,True,1,GF_00591,Highly Pure,Regulation,False,True,False,False,False,False,False
GF_01136,photosystem II reaction center protein J,,Housekeeping / lineage marker,0.3645882385176507,True,1,GF_01384,Highly Pure,Housekeeping / lineage marker,False,True,False,False,False,False,False
GF_00588,preprotein translocase subunit SecG,secG,Other / unassigned,0.3747293685217203,True,1,GF_02090,Highly Pure,Other / unassigned,False,True,False,False,False,False,False
GF_00182,heterocyst differentiation master regulator HetR,hetR,Regulation,0.4559888602834986,True,1,GF_01283,Highly Pure,Regulation,False,True,False,False,False,False,False
GF_00208,NAD(P)/FAD-dependent oxidoreductase,,Other / unassigned,0.4593054199690096,True,1,GF_00006,Highly Pure,Other / unassigned,False,True,False,False,False,False,False
GF_00386,urea ABC transporter ATP-binding protein UrtD,urtD,Transport,0.4795194649783337,True,1,GF_00964,Highly Pure,Transport,False,True,False,False,False,False,False
GF_02104,photosystem I assembly protein Ycf3,,Housekeeping / lineage marker,0.5138046615615758,True,1,GF_00930,Highly Pure,Housekeeping / lineage marker,False,True,False,False,False,False,False
GF_00801,aspartate--tRNA ligase,aspS,Housekeeping / lineage marker,0.5171202388212534,True,1,GF_00602,Highly Pure,Housekeeping / lineage marker,False,True,False,False,False,False,False
GF_00176,50S ribosomal protein L13,rplM,Housekeeping / lineage marker,0.5395587736031057,True,1,GF_02192,Highly Pure,Housekeeping / lineage marker,False,True,False,True,False,False,False
GF_00704,GNAT family N-acetyltransferase,,Other / unassigned,0.5795020912239447,True,6,GF_00204;GF_00212;GF_00259;GF_01863;GF_01873;GF_02164,Highly Pure,Other / unassigned,False,True,False,False,False,False,False
GF_00398,NAD(P) transhydrogenase subunit alpha,,Other / unassigned,0.6141411122692193,True,1,GF_00230,Highly Pure,Other / unassigned,False,True,False,False,False,False,False
GF_00112,radical SAM protein,,Other / unassigned,0.6210428142200971,True,1,GF_01278,Highly Pure,Other / unassigned,False,True,False,False,False,False,False
GF_01128,type I glutamate--ammonia ligase,glnA,Other / unassigned,0.6610593327230012,True,1,GF_01192,Highly Pure,Other / unassigned,False,True,False,False,False,False,False
GF_01663,biosynthetic-type acetolactate synthase large subunit,ilvB,Other / unassigned,0.6663562954620734,True,1,GF_01655,Highly Pure,Other / unassigned,False,True,False,False,False,False,False
GF_00686,sigma-70 family RNA polymerase sigma factor,,Housekeeping / lineage marker,0.6883392961213594,True,2,GF_01243;GF_01758,Highly Pure,Housekeeping / lineage marker,False,True,False,False,False,False,False
GF_00454,Uma2 family endonuclease,,Other / unassigned,0.6927072812694411,True,1,GF_00397,Highly Pure,Other / unassigned,False,True,False,False,False,False,False
GF_00658,50S ribosomal protein L22,rplV,Housekeeping / lineage marker,0.7225591879028628,True,1,GF_01357,Highly Pure,Housekeeping / lineage marker,False,True,False,False,False,False,False
GF_00209,proline--tRNA ligase,proS,Housekeeping / lineage marker,0.7336710280921743,True,1,GF_01350,Highly Pure,Housekeeping / lineage marker,False,True,False,False,False,False,False
GF_01245,50S ribosomal protein L2,rplB,Housekeeping / lineage marker,0.8952870243591162,True,1,GF_00893,Highly Pure,Housekeeping / lineage marker,False,True,False,False,False,False,False
GF_01907,DUF3285 domain-containing protein,,Stress / membrane / uncharacterized,0.180736751184125,False,1,GF_01001,Highly Pure,Stress / membrane / uncharacterized,False,True,False,False,False,False,False
GF_00216,carbon-nitrogen hydrolase family protein,,Other / unassigned,0.3293628973816312,False,1,GF_00469,Highly Pure,Other / unassigned,False,True,False,False,False,False,False
GF_00211,phasin family protein,,Other / unassigned,0.4305131959789063,False,1,GF_00366,Highly Pure,Other / unassigned,False,True,False,False,False,False,False
GF_01236,cupin domain-containing protein,,Other / unassigned,0.7082169023684568,False,3,GF_01588;GF_02102;GF_02114,Highly Pure,Other / unassigned,False,True,False,False,False,False,False
GF_02212,DUF3318 domain-containing protein,,Stress / membrane / uncharacterized,0.7440742045684606,False,1,GF_01238,Highly Pure,Stress / membrane / uncharacterized,False,True,False,False,False,False,False
