gene_family,aryal_gene,aryal_product,current_product,aryal_module_bin,current_module_bin,aryal_consensus_rank_pct_mean,current_candidate_set,current_best_rank,current_consensus_rank_pct_mean,current_fox_status,layer_fox,layer_proteomics_detected,layer_proteomics_directional,three_layer_model_fox_proteomics_directional,hgt_passenger_flag,frac_assemblies_proximal,fisher_p_vs_background,exact_product_match
GF_00975,cysK,cysteine synthase A,DUF3181 family protein,Other / unassigned,Stress / membrane / uncharacterized,0.1297666902303358,Highly Pure,,,Novel/uncertain candidate,False,False,False,False,True,0.3165,0.00042,False
GF_00671,,type I glyceraldehyde-3-phosphate dehydrogenase,DNA polymerase III subunit alpha,Other / unassigned,Housekeeping / lineage marker,0.5833452520100859,Highly Pure,,,Housekeeping marker (not a transplant candidate),False,False,False,False,False,0.2752,2e-05,False
GF_00355,ndk,nucleoside-diphosphate kinase,histidinol dehydrogenase,Other / unassigned,Other / unassigned,0.9442651061690112,Model-Supported,152.0,0.3732057416267942,FOX-consistent support function (plausible rediscovery),True,True,True,True,False,0.175,0.15546,False
GF_01602,rbfA,30S ribosome-binding factor RbfA,carbon dioxide-concentrating mechanism protein CcmK,Housekeeping / lineage marker,Other / unassigned,0.474998143044947,Highly Pure,,,Novel/uncertain candidate,False,False,False,False,False,0.1739,0.09864,False
GF_00387,ctaD,cytochrome c oxidase subunit I,YifB family Mg chelatase-like AAA ATPase,Respiration & bioenergetics,Other / unassigned,0.98759465420856,Model-Supported,118.0,0.5151515151515151,Novel/uncertain candidate,False,False,False,False,False,0.1667,0.02502,False
GF_00186,efp,elongation factor P,(S)-8-amino-7-oxononanoate synthase BioU,Other / unassigned,Other / unassigned,0.5206542045506085,Highly Pure,,,Novel/uncertain candidate,False,False,False,False,False,0.1351,0.13788,False
GF_01031,,Bax inhibitor-1 family protein,DedA family protein,Other / unassigned,Other / unassigned,0.2407998592712768,Highly Pure,,,Novel/uncertain candidate,False,False,False,False,False,0.12,0.20035,False
GF_02131,,zinc-dependent alcohol dehydrogenase,cob(I)yrinic acid a%2Cc-diamide adenosyltransferase,Other / unassigned,Other / unassigned,0.8029221473065188,Model-Supported,357.0,0.2703349282296651,Novel/uncertain candidate,False,False,False,False,False,0.1159,0.29523,False
GF_02106,,Npun_R2479 family HD domain-containing metalloprotein,methionine--tRNA ligase,Other / unassigned,Housekeeping / lineage marker,0.5527263691507597,Highly Pure,,,Housekeeping marker (not a transplant candidate),False,False,False,False,False,0.1143,0.16866,False
GF_01905,,O-acetylhomoserine aminocarboxypropyltransferase/cysteine synthase family protein,alpha/beta fold hydrolase,Other / unassigned,Other / unassigned,0.5883618684124435,Highly Pure,,,Novel/uncertain candidate,False,False,False,False,False,0.1129,0.26493,False
GF_00688,,RNA recognition motif domain-containing protein,30S ribosomal protein S13,Other / unassigned,Housekeeping / lineage marker,0.3127923189220411,Model-Supported,153.0,0.414274322169059,Housekeeping marker (not a transplant candidate),False,True,True,False,False,0.1019,0.5,False
GF_00646,,DUF433 domain-containing protein,tRNA 2-thiouridine(34) synthase MnmA,Stress / membrane / uncharacterized,Other / unassigned,0.2303649175827085,Highly Pure,,,Novel/uncertain candidate,False,False,False,False,False,0.0976,0.5,False
GF_00184,uvrB,excinuclease ABC subunit UvrB,hypothetical protein,Other / unassigned,Stress / membrane / uncharacterized,0.2873903526894061,Highly Pure,,,Novel/uncertain candidate,False,False,False,False,False,0.097,0.25263,False
GF_00615,,aminodeoxychorismate/anthranilate synthase component II,F0F1 ATP synthase subunit gamma,Other / unassigned,Housekeeping / lineage marker,0.3327931569569928,Model-Supported,268.0,0.3680223285486443,Housekeeping marker (not a transplant candidate),False,False,False,False,False,0.0968,0.24254,False
GF_02159,,glycosyltransferase family 2 protein,histone deacetylase family protein,Other / unassigned,Other / unassigned,0.2951524984632979,Model-Supported,346.0,0.2149122807017544,Novel/uncertain candidate,False,False,False,False,False,0.0941,0.39068,False
GF_00616,,CPBP family intramembrane glutamic endopeptidase,CpeR family transcriptional regulator,Stress / membrane / uncharacterized,Regulation,0.4596313094859037,Model-Supported,140.0,0.4182615629984051,Novel/uncertain candidate,False,False,False,False,False,0.093,0.5,False
GF_00670,rpsU,30S ribosomal protein S21,LOG family protein,Housekeeping / lineage marker,Other / unassigned,0.8383143637649302,Highly Pure,,,Novel/uncertain candidate,False,False,False,False,False,0.0918,0.29623,False
GF_01022,,asparagine--tRNA ligase,cell division ATP-binding protein FtsE,Housekeeping / lineage marker,Housekeeping / lineage marker,0.4034318274431743,Highly Pure,,,Housekeeping marker (not a transplant candidate),False,False,False,False,False,0.0918,0.29623,False
GF_00397,ndk,nucleoside-diphosphate kinase,Uma2 family endonuclease,Other / unassigned,Other / unassigned,0.9468945877751396,Highly Pure,,,Novel/uncertain candidate,False,False,False,False,False,0.0917,0.31681,False
GF_01922,,(Fe-S)-binding protein,nitrogenase cofactor biosynthesis protein NifB,Metallocluster & Fe-S biogenesis,Nitrogenase / nif machinery,0.3446981272519381,Highly Pure,,,Rediscovery: core diazotrophy/FOX machinery,True,False,False,False,False,0.0909,0.2963,False
GF_01537,,bleomycin hydrolase,GuaB3 family IMP dehydrogenase-related protein,Other / unassigned,Other / unassigned,0.4400513303691709,Model-Supported,77.0,0.3987240829346092,FOX-consistent support function (plausible rediscovery),True,False,False,False,False,0.0909,0.5,False
GF_02157,prfB,peptide chain release factor 2,acetolactate synthase small subunit,Other / unassigned,Other / unassigned,0.4032527233870338,Model-Supported,317.0,0.4661084529505582,Novel/uncertain candidate,False,True,False,False,False,0.0909,0.15204,False
GF_00823,hisB,imidazoleglycerol-phosphate dehydratase HisB,DNA-directed RNA polymerase subunit omega,Other / unassigned,Housekeeping / lineage marker,0.5794639173503259,Highly Pure,,,Housekeeping marker (not a transplant candidate),False,False,False,False,False,0.0893,0.27048,False
GF_00241,,secondary thiamine-phosphate synthase enzyme YjbQ,alpha-amylase family glycosyl hydrolase,Other / unassigned,Other / unassigned,0.3669176833453335,Highly Pure,,,Novel/uncertain candidate,False,False,False,False,False,0.0886,0.38268,False
GF_01494,rpsU,30S ribosomal protein S21,ribosome recycling factor,Housekeeping / lineage marker,Other / unassigned,0.2920584917418151,Highly Pure,,,Novel/uncertain candidate,False,True,True,False,False,0.0882,0.37226,False
GF_00172,purB,adenylosuccinate lyase,photosystem I reaction center protein subunit XI,Other / unassigned,Housekeeping / lineage marker,0.2717971426586972,Highly Pure,,,Housekeeping marker (not a transplant candidate),False,True,True,False,False,0.0854,0.38285,False
GF_01909,gvpA,gas vesicle structural protein GvpA,phosphoglucomutase/phosphomannomutase family protein,Other / unassigned,Other / unassigned,0.7311588770707015,Highly Pure,,,Novel/uncertain candidate,False,True,True,False,False,0.084,0.98946,False
GF_00177,ilvD,dihydroxy-acid dehydratase,ABC transporter ATP-binding protein,Other / unassigned,Transport,0.7105652904882727,Highly Pure,,,Novel/uncertain candidate,False,False,False,False,False,0.08,0.5,False
GF_00721,,DUF6679 family protein,phosphate-starvation-inducible PsiE family protein,Stress / membrane / uncharacterized,Other / unassigned,0.4167681944652343,Highly Pure,,,Novel/uncertain candidate,False,False,False,False,False,0.0792,0.5,False
GF_00320,chlG,chlorophyll synthase ChlG,transketolase,Other / unassigned,Other / unassigned,0.4485969495796436,Model-Supported,141.0,0.5657894736842105,Novel/uncertain candidate,False,True,True,False,False,0.0787,0.5,False
GF_00364,,adenylosuccinate synthase,dihydroorotase,Other / unassigned,Other / unassigned,0.2092586005297414,Model-Supported,255.0,0.2870813397129186,Novel/uncertain candidate,False,True,True,False,False,0.0758,0.5,False
GF_00209,proS,proline--tRNA ligase,DNA repair protein RecN,Housekeeping / lineage marker,Other / unassigned,0.7336710280921743,Highly Pure,,,Novel/uncertain candidate,False,False,False,False,False,0.0741,0.64206,False
GF_01682,hisIE,bifunctional phosphoribosyl-AMP cyclohydrolase/phosphoribosyl-ATP diphosphatase HisIE,decarboxylating NADP(+)-dependent phosphogluconate dehydrogenase,Other / unassigned,Carbon metabolism & NAD(P)H supply,0.3060761328510867,Highly Pure,,,FOX-consistent support function (plausible rediscovery),True,False,False,False,False,0.0735,0.5,False
GF_01816,cysK,cysteine synthase A,photosynthetic/respiratory NAD(P)H-quinone oxidoreductase subunit K,Other / unassigned,Respiration & bioenergetics,0.276189089158029,Model-Supported,68.0,0.6614832535885167,FOX-consistent support function (plausible rediscovery),True,False,False,False,False,0.0727,0.64176,False
GF_00656,,DUF433 domain-containing protein,signal peptidase I,Stress / membrane / uncharacterized,Stress / membrane / uncharacterized,0.8387057912658834,Highly Pure,,,Novel/uncertain candidate,False,True,True,False,False,0.0714,0.64176,False
GF_00542,cas2,CRISPR-associated endonuclease Cas2,signal peptidase II,Other / unassigned,Stress / membrane / uncharacterized,0.7306864806172615,Highly Pure,,,Novel/uncertain candidate,False,False,False,False,False,0.0707,0.60856,False
GF_00274,apcB,allophycocyanin subunit beta,HAD family hydrolase,Other / unassigned,Other / unassigned,0.5875533481156157,Highly Pure,,,Novel/uncertain candidate,False,False,False,False,False,0.0707,0.5,False
GF_01907,,DUF3285 domain-containing protein,potassium-transporting ATPase subunit KdpB,Stress / membrane / uncharacterized,Transport,0.180736751184125,Highly Pure,,,Novel/uncertain candidate,False,False,False,False,False,0.0702,0.64176,False
GF_01902,,fasciclin domain-containing protein,sodium-dependent bicarbonate transport family permease,Other / unassigned,Transport,0.3739480200246672,Model-Supported,222.0,0.5809409888357256,Novel/uncertain candidate,False,False,False,False,False,0.0694,0.62729,False
GF_00104,typA,translational GTPase TypA,15-cis-phytoene desaturase,Other / unassigned,Other / unassigned,0.296401765175392,Model-Supported,142.0,0.6008771929824561,Novel/uncertain candidate,False,False,False,False,False,0.0692,0.5,False
GF_00237,petG,cytochrome b6-f complex subunit V,TolB family protein,Respiration & bioenergetics,Other / unassigned,0.4561987105494716,Highly Pure,,,Novel/uncertain candidate,False,False,False,False,False,0.069,0.5,False
GF_00454,,Uma2 family endonuclease,fatty acid desaturase,Other / unassigned,Other / unassigned,0.6927072812694411,Highly Pure,,,Novel/uncertain candidate,False,False,False,False,False,0.0682,0.78133,False
GF_02178,,Lin0512 family protein,DNA topoisomerase (ATP-hydrolyzing) subunit B,Other / unassigned,Housekeeping / lineage marker,0.5029499253289632,Model-Supported,146.0,0.6084529505582137,Housekeeping marker (not a transplant candidate),False,False,False,False,False,0.0667,0.6415,False
GF_00580,,ferredoxin thioredoxin reductase catalytic beta subunit,Na(+)/H(+) antiporter subunit B,O2 protection & redox homeostasis,Other / unassigned,0.4278807206898407,Model-Supported,48.0,0.7117224880382775,Novel/uncertain candidate,False,False,False,False,False,0.0667,0.6084,False
GF_01606,,Fur family transcriptional regulator,RNA polymerase sigma factor SigF,Regulation,Housekeeping / lineage marker,0.8623380728924922,Highly Pure,,,Housekeeping marker (not a transplant candidate),False,False,False,False,False,0.0654,0.60833,False
GF_00396,clpS,ATP-dependent Clp protease adapter ClpS,CO2 hydration protein,Other / unassigned,Other / unassigned,0.3369595865142422,Model-Supported,96.0,0.7496012759170654,Novel/uncertain candidate,False,False,False,False,False,0.0652,0.61665,False
GF_01650,,response regulator,hypothetical protein,Regulation,Stress / membrane / uncharacterized,0.3401445739060049,Highly Pure,,,Novel/uncertain candidate,False,False,False,False,False,0.0652,0.66124,False
GF_00217,,ABC transporter ATP-binding protein,heat-inducible transcriptional repressor HrcA,Transport,Regulation,0.4616038264082002,Highly Pure,,,Novel/uncertain candidate,False,False,False,False,False,0.0645,0.61661,False
GF_00221,folE,GTP cyclohydrolase I FolE,DNA double-strand break repair nuclease NurA,Other / unassigned,Other / unassigned,0.3018859437496705,Highly Pure,,,Novel/uncertain candidate,False,False,False,False,False,0.0635,0.64118,False
GF_00993,,methionine gamma-lyase family protein,MarR family winged helix-turn-helix transcriptional regulator,Other / unassigned,Regulation,0.3017851950400796,Highly Pure,,,Novel/uncertain candidate,False,False,False,False,False,0.0625,0.62707,False
GF_00218,,phosphoglycerate kinase,hypothetical protein,Other / unassigned,Stress / membrane / uncharacterized,0.37376083699573,Highly Pure,,,Novel/uncertain candidate,False,False,False,False,False,0.0621,0.59096,False
GF_00224,aroC,chorismate synthase,cytochrome c biogenesis protein,Other / unassigned,Respiration & bioenergetics,0.7462746291813473,Highly Pure,,,FOX-consistent support function (plausible rediscovery),True,False,False,False,False,0.062,0.64448,False
GF_00451,ahcY,adenosylhomocysteinase,orotidine-5'-phosphate decarboxylase,Other / unassigned,Other / unassigned,0.6166161309627999,Highly Pure,,,Novel/uncertain candidate,False,False,False,False,False,0.0616,0.68188,False
GF_01663,ilvB,biosynthetic-type acetolactate synthase large subunit,ParA family protein,Other / unassigned,Other / unassigned,0.6663562954620734,Highly Pure,,,Novel/uncertain candidate,False,False,False,False,False,0.0612,0.66124,False
GF_01016,,hypothetical protein,carboxymuconolactone decarboxylase family protein,Stress / membrane / uncharacterized,Other / unassigned,0.3924320913976324,Highly Pure,,,Novel/uncertain candidate,False,False,False,False,False,0.06,0.66113,False
GF_01810,,ferredoxin:protochlorophyllide reductase (ATP-dependent) subunit N,glycosyltransferase family 2 protein,O2 protection & redox homeostasis,Other / unassigned,0.5449522036335332,Model-Supported,213.0,0.3444976076555024,Novel/uncertain candidate,False,False,False,False,False,0.06,0.66113,False
GF_00946,,response regulator,methyltransferase domain-containing protein,Regulation,Other / unassigned,0.4533686950195105,Model-Supported,318.0,0.326555023923445,Novel/uncertain candidate,False,False,False,False,False,0.0597,0.69126,False
GF_00036,,threonine synthase,translation initiation factor IF-3,Other / unassigned,Other / unassigned,0.4051142835836499,Model-Supported,89.0,0.4362041467304625,Novel/uncertain candidate,False,False,False,False,False,0.0588,0.69117,False
GF_00079,,TRC40/GET3/ArsA family transport-energizing ATPase,ATP-dependent Clp protease proteolytic subunit,Transport,Other / unassigned,0.2510867595183579,Model-Supported,118.0,0.7196969696969697,Novel/uncertain candidate,False,True,True,False,False,0.0584,0.69686,False
GF_00935,,sodium-dependent bicarbonate transport family permease,ribonuclease J,Transport,Other / unassigned,0.5101982774128901,Highly Pure,,,Novel/uncertain candidate,False,False,False,False,False,0.0581,0.73211,False
GF_01817,minD,septum site-determining protein MinD,chaperonin GroEL,Other / unassigned,Other / unassigned,0.4846603013405332,Highly Pure,,,Novel/uncertain candidate,False,False,False,False,False,0.0577,0.6084,False
GF_01656,moaC,cyclic pyranopterin monophosphate synthase MoaC,cytochrome c,Other / unassigned,Respiration & bioenergetics,0.539487101503109,Highly Pure,,,FOX-consistent support function (plausible rediscovery),True,False,False,False,False,0.0577,0.66094,False
GF_00693,,B12-binding domain-containing radical SAM protein,anti-sigma regulatory factor,Other / unassigned,Regulation,0.4639343408694678,Highly Pure,,,Novel/uncertain candidate,False,False,False,False,False,0.0571,0.71571,False
GF_00331,psbC,photosystem II reaction center protein CP43,aminodeoxychorismate/anthranilate synthase component II,Housekeeping / lineage marker,Other / unassigned,0.6059044156959424,Model-Supported,119.0,0.511164274322169,Novel/uncertain candidate,False,False,False,False,False,0.0567,0.73596,False
GF_00855,prfC,peptide chain release factor 3,COX15/CtaA family protein,Other / unassigned,Other / unassigned,0.4443988852979957,Highly Pure,,,Novel/uncertain candidate,False,False,False,False,False,0.0561,0.73589,False
GF_00866,gltD,glutamate synthase small subunit,adenosylhomocysteinase,Other / unassigned,Other / unassigned,0.7477031700329946,Model-Supported,36.0,0.6674641148325359,Novel/uncertain candidate,False,False,False,False,False,0.0548,0.7531,False
GF_00136,,hypothetical protein,ferredoxin:protochlorophyllide reductase (ATP-dependent) subunit B,Stress / membrane / uncharacterized,O2 protection & redox homeostasis,0.592490937849467,Model-Supported,469.0,0.1770334928229665,FOX-consistent support function (plausible rediscovery),True,True,False,False,False,0.0543,0.70192,False
GF_02118,,AAA family ATPase,ABC transporter permease,Other / unassigned,Transport,0.3888398389340369,Highly Pure,,,Novel/uncertain candidate,False,False,False,False,False,0.0541,0.76669,False
GF_01604,queF,preQ(1) synthase,fatty acid hydroxylase,Other / unassigned,Other / unassigned,0.5980665338346816,Highly Pure,,,Novel/uncertain candidate,False,False,False,False,False,0.0538,0.70188,False
GF_01657,cysK,cysteine synthase A,tRNA guanosine(34) transglycosylase Tgt,Other / unassigned,Other / unassigned,0.7830911564627547,Highly Pure,,,Novel/uncertain candidate,False,False,False,False,False,0.0533,0.75492,False
GF_00996,leuB,3-isopropylmalate dehydrogenase,NAD+ synthase,Other / unassigned,Other / unassigned,0.5244339415382591,Highly Pure,,,Novel/uncertain candidate,False,False,False,False,False,0.0529,0.75488,False
GF_00266,acpP,acyl carrier protein,photosystem I reaction centre subunit III,Other / unassigned,Housekeeping / lineage marker,0.7855537380561989,Highly Pure,,,Housekeeping marker (not a transplant candidate),False,False,False,False,False,0.0526,0.7809,False
GF_00240,groL,chaperonin GroEL,photosystem II S4 domain protein,Other / unassigned,Housekeeping / lineage marker,0.6196394562549727,Highly Pure,,,Housekeeping marker (not a transplant candidate),False,False,False,False,False,0.0526,0.73175,False
GF_01858,,hypothetical protein,preprotein translocase subunit SecY,Stress / membrane / uncharacterized,Other / unassigned,0.6617083036133468,Highly Pure,,,Novel/uncertain candidate,False,False,False,False,False,0.0526,0.78051,False
GF_01825,dxs,1-deoxy-D-xylulose-5-phosphate synthase,DUF427 domain-containing protein,Other / unassigned,Stress / membrane / uncharacterized,0.6267339501602043,Highly Pure,,,Novel/uncertain candidate,False,False,False,False,False,0.0519,0.78581,False
GF_00408,ilvC,ketol-acid reductoisomerase,deoxyhypusine synthase,Other / unassigned,Other / unassigned,0.3548405123881947,Model-Supported,115.0,0.293859649122807,Novel/uncertain candidate,False,False,False,False,False,0.0517,0.81146,False
GF_00143,,delta(24)-sterol C-methyltransferase,ketol-acid reductoisomerase,Other / unassigned,Other / unassigned,0.5320907955573574,Model-Supported,267.0,0.3074162679425837,Novel/uncertain candidate,False,True,True,False,False,0.0504,0.79508,False
GF_00450,,RidA family protein,diflavin flavoprotein,Other / unassigned,Other / unassigned,0.4053283626102379,Highly Pure,,,Novel/uncertain candidate,False,False,False,False,False,0.05,0.82036,False
GF_00662,,energy-coupling factor ABC transporter ATP-binding protein,RNA-binding transcriptional accessory protein,Transport,Regulation,0.3631702141167062,Highly Pure,,,Novel/uncertain candidate,False,False,False,False,False,0.0492,0.78039,False
GF_00335,thiC,phosphomethylpyrimidine synthase ThiC,LysR family transcriptional regulator,Other / unassigned,Regulation,0.6801437610327882,Model-Supported,72.0,0.6004784688995215,Novel/uncertain candidate,False,True,True,False,False,0.0491,0.84381,False
GF_01647,,HigA family addiction module antitoxin,ABC transporter ATP-binding protein,Other / unassigned,Transport,0.5414817441040767,Highly Pure,,,Novel/uncertain candidate,False,False,False,False,False,0.0488,0.82036,False
GF_00668,ycf46,stress-responsive protein Ycf46,DUF4079 domain-containing protein,Other / unassigned,Stress / membrane / uncharacterized,0.4907801506113001,Highly Pure,,,Novel/uncertain candidate,False,False,False,False,False,0.0476,0.81523,False
GF_00700,,branched-chain amino acid ABC transporter permease,hypothetical protein,Transport,Stress / membrane / uncharacterized,0.3576827686606477,Highly Pure,,,Novel/uncertain candidate,False,False,False,False,False,0.0469,0.78005,False
GF_00401,,DUF6679 family protein,photosystem I reaction center subunit VIII,Stress / membrane / uncharacterized,Housekeeping / lineage marker,0.77286196681877,Model-Supported,139.0,0.5877192982456141,Housekeeping marker (not a transplant candidate),False,False,False,False,False,0.0465,0.81999,False
GF_02183,ilvA,"threonine ammonia-lyase, biosynthetic",DEAD/DEAH box helicase,Other / unassigned,Other / unassigned,0.5670642301005404,Highly Pure,,,Novel/uncertain candidate,False,False,False,False,False,0.0465,0.82726,False
GF_00739,groES,co-chaperone GroES,DUF445 domain-containing protein,Other / unassigned,Stress / membrane / uncharacterized,0.5993422137799321,Highly Pure,,,Novel/uncertain candidate,False,False,False,False,False,0.0455,0.83508,False
GF_00601,,chlorophyll a/b binding light-harvesting protein,NAD(P)H-quinone oxidoreductase subunit O,Other / unassigned,Other / unassigned,0.7720973638463127,Model-Supported,150.0,0.3189792663476874,Novel/uncertain candidate,False,False,False,False,False,0.0455,0.81981,False
GF_00140,,adenosine deaminase,dihydroorotase,Other / unassigned,Other / unassigned,0.2633644275117589,Highly Pure,,,Novel/uncertain candidate,False,True,True,False,False,0.0449,0.83524,False
GF_00622,,DUF3155 domain-containing protein,amino acid ABC transporter ATP-binding protein,Stress / membrane / uncharacterized,Transport,0.5555601636776373,Model-Supported,5.0,0.8943381180223285,Novel/uncertain candidate,False,False,False,False,False,0.0449,0.87421,False
GF_02136,,sodium:solute symporter family protein,NAD(P)H-quinone oxidoreductase subunit I,Other / unassigned,Other / unassigned,0.6022159794476452,Model-Supported,545.0,0.0996810207336523,Novel/uncertain candidate,False,True,True,False,False,0.0444,0.81964,False
GF_00431,mnmG,tRNA uridine-5-carboxymethylaminomethyl(34) synthesis enzyme MnmG,aspartate ammonia-lyase,Other / unassigned,Other / unassigned,0.396857997846159,Model-Supported,67.0,0.6802232854864434,Novel/uncertain candidate,False,False,False,False,False,0.0437,0.90139,False
GF_00294,,UPF0175 family protein,hypothetical protein,Other / unassigned,Stress / membrane / uncharacterized,0.4795105501965249,Highly Pure,,,Novel/uncertain candidate,False,False,False,False,False,0.0435,0.81948,False
GF_00336,gap,type I glyceraldehyde-3-phosphate dehydrogenase,DUF2811 domain-containing protein,Other / unassigned,Stress / membrane / uncharacterized,0.2737593251608713,Model-Supported,201.0,0.3484848484848485,Novel/uncertain candidate,False,False,False,False,False,0.043,0.83492,False
GF_01908,atpB,F0F1 ATP synthase subunit A,PfaD family polyunsaturated fatty acid/polyketide biosynthesis protein,Housekeeping / lineage marker,Other / unassigned,0.2991580286519805,Highly Pure,,,Novel/uncertain candidate,False,False,False,False,False,0.0426,0.81933,False
GF_02104,,photosystem I assembly protein Ycf3,diadenylate cyclase CdaA,Housekeeping / lineage marker,Other / unassigned,0.5138046615615758,Highly Pure,,,Novel/uncertain candidate,False,False,False,False,False,0.0423,0.85574,False
GF_01813,ndhK,photosynthetic/respiratory NAD(P)H-quinone oxidoreductase subunit K,phosphoglycerate kinase,Respiration & bioenergetics,Other / unassigned,0.4662227752001494,Model-Supported,158.0,0.4094896331738437,Novel/uncertain candidate,False,True,True,False,False,0.042,0.85569,False
GF_00754,,phosphoketolase,50S ribosomal protein L6,Other / unassigned,Housekeeping / lineage marker,0.1839478670473631,Highly Pure,,,Housekeeping marker (not a transplant candidate),False,True,True,False,False,0.0417,0.86248,False
GF_00124,tpiA,triosephosphate isomerase,urease subunit gamma,Other / unassigned,Other / unassigned,0.1870094379948421,Model-Supported,190.0,0.5805422647527911,Novel/uncertain candidate,False,False,False,False,False,0.0417,0.83471,False
GF_00392,ureA,urease subunit gamma,YggT family protein,Other / unassigned,Other / unassigned,0.7048603982155961,Highly Pure,,,Novel/uncertain candidate,False,False,False,False,False,0.0415,0.90115,False
GF_01600,,DUF433 domain-containing protein,deoxyribose-phosphate aldolase,Stress / membrane / uncharacterized,Carbon metabolism & NAD(P)H supply,0.8168915989313084,Highly Pure,,,Novel/uncertain candidate,False,True,False,False,False,0.0411,0.86201,False
GF_00690,argB,acetylglutamate kinase,histone deacetylase,Other / unassigned,Other / unassigned,0.512550504189955,Highly Pure,,,Novel/uncertain candidate,False,False,False,False,False,0.0408,0.91142,False
GF_00809,,ferredoxin family protein,endonuclease III,O2 protection & redox homeostasis,Other / unassigned,0.5345105402442915,Highly Pure,,,Novel/uncertain candidate,False,False,False,False,False,0.0408,0.81905,False
GF_00801,aspS,aspartate--tRNA ligase,adenylate/guanylate cyclase domain-containing protein,Housekeeping / lineage marker,Other / unassigned,0.5171202388212534,Highly Pure,,,Novel/uncertain candidate,False,False,False,False,False,0.0408,0.83457,False
GF_00001,,hypothetical protein,ACP S-malonyltransferase,Stress / membrane / uncharacterized,Other / unassigned,0.421580430843979,Highly Pure,,,Novel/uncertain candidate,False,False,False,False,False,0.0404,0.8345,False
GF_01507,gndA,NADP-dependent phosphogluconate dehydrogenase,GTP-binding protein,Carbon metabolism & NAD(P)H supply,Other / unassigned,0.8268238310615186,Highly Pure,,,Novel/uncertain candidate,False,True,True,False,False,0.0404,0.8345,False
GF_01855,,MSMEG_0572/Sll0783 family nitrogen starvation response protein,amidase,Other / unassigned,Other / unassigned,0.6366920534387996,Highly Pure,,,Novel/uncertain candidate,False,False,False,False,False,0.04,0.81891,False
GF_00407,,UDP-glucuronic acid decarboxylase family protein,GTP 3'%2C8-cyclase MoaA,Other / unassigned,Other / unassigned,0.6538444698763141,Model-Supported,470.0,0.1473285486443381,Novel/uncertain candidate,False,False,False,False,False,0.0398,0.92128,False
GF_01919,,homospermidine biosynthesis protein,tryptophan--tRNA ligase,Other / unassigned,Housekeeping / lineage marker,0.2880810566758473,Model-Supported,109.0,0.2838915470494417,Housekeeping marker (not a transplant candidate),False,False,False,False,False,0.0395,0.8621,False
GF_02216,,citrate synthase,DUF433 domain-containing protein,Other / unassigned,Stress / membrane / uncharacterized,0.3854013358497035,Model-Supported,66.0,0.7587719298245614,Novel/uncertain candidate,False,False,False,False,False,0.0394,0.8729,False
GF_01236,,cupin domain-containing protein,hypothetical protein,Other / unassigned,Stress / membrane / uncharacterized,0.7082169023684568,Model-Supported,145.0,0.5267145135566188,Novel/uncertain candidate,False,False,False,False,False,0.0392,0.81878,False
GF_01263,glyQ,glycine--tRNA ligase subunit alpha,ATP-dependent DNA helicase,Housekeeping / lineage marker,Other / unassigned,0.4800866120117327,Highly Pure,,,Novel/uncertain candidate,False,False,False,False,False,0.0388,0.91112,False
GF_01012,,ribose-phosphate pyrophosphokinase,hypothetical protein,Other / unassigned,Stress / membrane / uncharacterized,0.504045020078174,Model-Supported,92.0,0.4593301435406698,Novel/uncertain candidate,False,False,False,False,False,0.0388,0.94379,False
GF_00357,,histidine triad nucleotide-binding protein,hypothetical protein,Other / unassigned,Stress / membrane / uncharacterized,0.2621429818949471,Highly Pure,,,Novel/uncertain candidate,False,False,False,False,False,0.0385,0.81866,False
GF_01765,pdhA,pyruvate dehydrogenase (acetyl-transferring) E1 component subunit alpha,type IV pilus twitching motility protein PilT,Other / unassigned,Other / unassigned,0.5868268843647045,Highly Pure,,,Novel/uncertain candidate,False,False,False,False,False,0.0377,0.90081,False
GF_01675,rimO,30S ribosomal protein S12 methylthiotransferase RimO,signal peptide peptidase SppA,Housekeeping / lineage marker,Stress / membrane / uncharacterized,0.330926397012059,Model-Supported,473.0,0.164274322169059,Novel/uncertain candidate,False,False,False,False,False,0.0375,0.90077,False
GF_01652,nuoH,NADH-quinone oxidoreductase subunit NuoH,cytochrome c oxidase subunit I,Other / unassigned,Respiration & bioenergetics,0.4203037108836649,Highly Pure,,,FOX-consistent support function (plausible rediscovery),True,False,False,False,False,0.0374,0.8928,False
GF_00665,rpoB,DNA-directed RNA polymerase subunit beta,precorrin-4 C(11)-methyltransferase,Housekeeping / lineage marker,Other / unassigned,0.5397410363381427,Highly Pure,,,Novel/uncertain candidate,False,False,False,False,False,0.0373,0.9549,False
GF_02109,,chlorophyll a/b-binding protein,phycocyanin subunit alpha,Other / unassigned,Other / unassigned,0.5380613757552745,Model-Supported,144.0,0.7384370015948963,Novel/uncertain candidate,False,False,False,False,False,0.0373,0.90073,False
GF_00613,,acetolactate synthase large subunit,molybdopterin-synthase adenylyltransferase MoeB,Other / unassigned,Other / unassigned,0.5449301111393735,Model-Supported,274.0,0.3492822966507177,Novel/uncertain candidate,False,False,False,False,False,0.0373,0.916,False
GF_00715,,RNA recognition motif domain-containing protein,protein phosphatase 2C domain-containing protein,Other / unassigned,Other / unassigned,0.5219257371494918,Highly Pure,,,Novel/uncertain candidate,False,False,False,False,False,0.037,0.94196,False
GF_00799,hemB,porphobilinogen synthase,chlorophyll a/b-binding protein,Other / unassigned,Other / unassigned,0.3532861006527414,Highly Pure,,,Novel/uncertain candidate,False,False,False,False,False,0.037,0.93797,False
GF_00689,,YciI family protein,site-2 protease family protein,Other / unassigned,Other / unassigned,0.5692771695641113,Highly Pure,,,Novel/uncertain candidate,False,False,False,False,False,0.037,0.8928,False
GF_01495,hemL,"glutamate-1-semialdehyde 2,1-aminomutase",2Fe-2S iron-sulfur cluster-binding protein,Other / unassigned,Metallocluster & Fe-S biogenesis,0.6445180720364578,Highly Pure,,,FOX-consistent support function (plausible rediscovery),True,False,False,False,False,0.0361,0.96032,False
GF_01514,,magnesium chelatase subunit H,ABC transporter ATP-binding protein,Other / unassigned,Transport,0.5403165502455493,Model-Supported,40.0,0.6379585326953748,Novel/uncertain candidate,False,False,False,False,False,0.036,0.95053,False
GF_01818,nusA,transcription termination factor NusA,glucose-6-phosphate dehydrogenase,Regulation,Other / unassigned,0.6726315930549364,Model-Supported,203.0,0.5227272727272727,FOX-consistent support function (plausible rediscovery),True,True,True,True,False,0.0357,0.89702,False
GF_01498,chlP,geranylgeranyl reductase,ATP-binding protein,Other / unassigned,Other / unassigned,0.5276466608413994,Highly Pure,,,Novel/uncertain candidate,False,False,False,False,False,0.0355,0.96032,False
GF_02167,,aspartate aminotransferase,C-3'%2C4' desaturase CrtD,Other / unassigned,Other / unassigned,0.8751459944663351,Highly Pure,,,Novel/uncertain candidate,False,False,False,False,False,0.034,0.94547,False
GF_02153,,phycobilisome linker polypeptide,HypC/HybG/HupF family hydrogenase formation chaperone,Other / unassigned,Other / unassigned,0.3798210082700414,Highly Pure,,,Novel/uncertain candidate,False,False,False,False,False,0.0338,0.96578,False
GF_00297,,DUF1257 domain-containing protein,(Fe-S)-binding protein,Stress / membrane / uncharacterized,Metallocluster & Fe-S biogenesis,0.2998009234133744,Highly Pure,,,FOX-consistent support function (plausible rediscovery),True,False,False,False,False,0.0337,0.97241,False
GF_00825,,DUF1815 family protein,photosystem I reaction center subunit IX,Stress / membrane / uncharacterized,Housekeeping / lineage marker,0.9465703001360664,Highly Pure,,,Housekeeping marker (not a transplant candidate),False,False,False,False,False,0.0333,0.93205,False
GF_00389,,helix-turn-helix domain-containing protein,energy-coupling factor ABC transporter ATP-binding protein,Other / unassigned,Transport,0.2979115395730696,Model-Supported,312.0,0.235645933014354,Novel/uncertain candidate,False,False,False,False,False,0.0333,0.89658,False
GF_01880,,NUDIX hydrolase,HhoA/HhoB/HtrA family serine endopeptidase,Other / unassigned,Stress / membrane / uncharacterized,0.3130999676664833,Highly Pure,,,Novel/uncertain candidate,False,False,False,False,False,0.0333,0.9157,False
GF_01253,,DUF433 domain-containing protein,alanine--glyoxylate aminotransferase family protein,Stress / membrane / uncharacterized,Other / unassigned,0.7143909913001609,Highly Pure,,,Novel/uncertain candidate,False,False,False,False,False,0.0328,0.89639,False
GF_01827,sufB,Fe-S cluster assembly protein SufB,type 1 glutamine amidotransferase,Metallocluster & Fe-S biogenesis,Other / unassigned,0.733899922929395,Highly Pure,,,Novel/uncertain candidate,False,False,False,False,False,0.0327,0.9767,False
GF_01033,sufC,Fe-S cluster assembly ATPase SufC,4Fe-4S single cluster domain-containing protein,Metallocluster & Fe-S biogenesis,Metallocluster & Fe-S biogenesis,0.4530358532673563,Highly Pure,,,FOX-consistent support function (plausible rediscovery),True,False,False,False,False,0.0323,0.93192,False
GF_01603,,,bidirectional hydrogenase complex protein HoxU,Other / unassigned,Other / unassigned,0.7546761863941326,Highly Pure,,,Novel/uncertain candidate,False,False,False,False,False,0.0323,0.91552,False
GF_00377,,bifunctional nuclease family protein,calcium/proton exchanger,Other / unassigned,Other / unassigned,0.9233236970034052,Highly Pure,,,Novel/uncertain candidate,False,False,False,False,False,0.032,0.93188,False
GF_00400,hisIE,bifunctional phosphoribosyl-AMP cyclohydrolase/phosphoribosyl-ATP diphosphatase HisIE,cytochrome b6-f complex subunit V,Other / unassigned,Respiration & bioenergetics,0.5741450822756268,Model-Supported,60.0,0.6750398724082934,FOX-consistent support function (plausible rediscovery),True,False,False,False,False,0.0317,0.8963,False
GF_00874,rpsN,30S ribosomal protein S14,cysteine synthase A,Housekeeping / lineage marker,Other / unassigned,0.7523727850693712,Model-Supported,102.0,0.6491228070175439,Novel/uncertain candidate,False,False,False,False,False,0.0317,0.93184,False
GF_00212,,polyribonucleotide nucleotidyltransferase,GNAT family N-acetyltransferase,Other / unassigned,Other / unassigned,0.4703946307253581,Highly Pure,,,Novel/uncertain candidate,False,False,False,False,False,0.0317,0.93184,False
GF_01821,,NDP-sugar synthase,acyl-ACP--UDP-N-acetylglucosamine O-acyltransferase,Other / unassigned,Other / unassigned,0.6101683695980504,Highly Pure,,,Novel/uncertain candidate,False,False,False,False,False,0.0315,0.97657,False
GF_00635,trxA,thioredoxin,pyridoxine 5'-phosphate synthase,O2 protection & redox homeostasis,Other / unassigned,0.5915745467605416,Model-Supported,329.0,0.2811004784688995,Novel/uncertain candidate,False,False,False,False,False,0.0314,0.97141,False
GF_00608,bchL,ferredoxin:protochlorophyllide reductase (ATP-dependent) iron-sulfur ATP-binding protein,glutamate synthase small subunit,Metallocluster & Fe-S biogenesis,Other / unassigned,0.6507474574171979,Model-Supported,19.0,0.9366028708133972,Novel/uncertain candidate,False,False,False,False,False,0.0314,0.98433,False
GF_00593,clpB,ATP-dependent chaperone ClpB,chorismate lyase,Other / unassigned,Other / unassigned,0.6225879648279272,Highly Pure,,,Novel/uncertain candidate,False,False,False,False,False,0.031,0.96575,False
GF_00861,gyrB,DNA topoisomerase (ATP-hydrolyzing) subunit B,3-dehydroquinate synthase,Housekeeping / lineage marker,Other / unassigned,0.8252452174521518,Highly Pure,,,Novel/uncertain candidate,False,True,False,False,False,0.0305,0.95786,False
GF_00677,,CO2 hydration protein,DUF697 domain-containing protein,Other / unassigned,Stress / membrane / uncharacterized,0.5875586348274638,Highly Pure,,,Novel/uncertain candidate,False,False,False,False,False,0.0303,0.96512,False
GF_01770,acsF,magnesium-protoporphyrin IX monomethyl ester (oxidative) cyclase,carotenoid isomerase,Other / unassigned,Other / unassigned,0.3866401863568045,Highly Pure,,,Novel/uncertain candidate,False,False,False,False,False,0.0303,0.91519,False
GF_01860,,pyridoxine 5'-phosphate synthase,hypothetical protein,Other / unassigned,Stress / membrane / uncharacterized,0.4449669228372015,Model-Supported,17.0,0.6582934609250399,Novel/uncertain candidate,False,False,False,False,False,0.0299,0.95777,False
GF_00103,lipA,lipoyl synthase,photosystem II protein Psb27,Other / unassigned,Housekeeping / lineage marker,0.3964830572464006,Highly Pure,,,Housekeeping marker (not a transplant candidate),False,False,False,False,False,0.0299,0.97127,False
GF_00365,glpX,class II fructose-bisphosphatase,50S ribosomal protein L19,Other / unassigned,Housekeeping / lineage marker,0.5672181945703187,Model-Supported,433.0,0.1670653907496012,Housekeeping marker (not a transplant candidate),False,False,False,False,False,0.0294,0.98473,False
GF_00916,clpX,ATP-dependent protease ATP-binding subunit ClpX,NAD(P)H-quinone oxidoreductase subunit H,Other / unassigned,Other / unassigned,0.465229331440968,Model-Supported,155.0,0.492822966507177,Novel/uncertain candidate,False,True,True,False,False,0.0294,0.97124,False
GF_01333,,ferredoxin family protein,long-chain acyl-[acyl-carrier-protein] reductase,O2 protection & redox homeostasis,Other / unassigned,0.677369082559543,Model-Supported,30.0,0.4792663476874003,Novel/uncertain candidate,False,False,False,False,False,0.0292,0.98735,False
GF_00869,,peroxiredoxin,F0F1 ATP synthase subunit A,O2 protection & redox homeostasis,Housekeeping / lineage marker,0.4838262153821706,Model-Supported,425.0,0.2029505582137161,Housekeeping marker (not a transplant candidate),False,False,False,False,False,0.0291,0.97121,False
GF_00238,,hypothetical protein,cytochrome c oxidase subunit I,Stress / membrane / uncharacterized,Respiration & bioenergetics,0.5119366514838992,Highly Pure,,,FOX-consistent support function (plausible rediscovery),True,False,False,False,False,0.029,0.95766,False
GF_02217,,response regulator transcription factor,Asp-tRNA(Asn)/Glu-tRNA(Gln) amidotransferase subunit GatA,Regulation,Other / unassigned,0.7546538145148804,Model-Supported,462.0,0.2224880382775119,Novel/uncertain candidate,False,False,False,False,False,0.0289,0.96496,False
GF_00624,rpmG,50S ribosomal protein L33,NADP-dependent isocitrate dehydrogenase,Housekeeping / lineage marker,Other / unassigned,0.7669318357132379,Model-Supported,175.0,0.4242424242424242,FOX-consistent support function (plausible rediscovery),True,True,True,True,False,0.0288,0.98732,False
GF_00675,rplL,50S ribosomal protein L7/L12,YjbQ family protein,Housekeeping / lineage marker,Other / unassigned,0.5920362146469967,Highly Pure,,,Novel/uncertain candidate,False,False,False,False,False,0.0286,0.94952,False
GF_01361,apcB,allophycocyanin subunit beta,MBL fold metallo-hydrolase,Other / unassigned,Other / unassigned,0.3168249535328306,Highly Pure,,,Novel/uncertain candidate,False,False,False,False,False,0.0286,0.99427,False
GF_00676,,Rrf2 family transcriptional regulator,sugar transferase,Regulation,Other / unassigned,0.4529473728489693,Model-Supported,371.0,0.1798245614035087,Novel/uncertain candidate,False,False,False,False,False,0.0282,0.95755,False
GF_01502,menB,"1,4-dihydroxy-2-naphthoyl-CoA synthase",phycobilisome linker polypeptide,Other / unassigned,Other / unassigned,0.3399575647923245,Model-Supported,306.0,0.2117224880382775,Novel/uncertain candidate,False,True,True,False,False,0.0281,0.99177,False
GF_00284,ccmK1,Carbon dioxide-concentrating mechanism protein CcmK homolog 1,hormogonium tapered terminus morphoprotein TftA,Other / unassigned,Other / unassigned,0.3073227527618988,Highly Pure,,,Novel/uncertain candidate,False,False,False,False,False,0.0271,0.99942,False
GF_01659,,phycocyanin subunit beta,fumarate reductase/succinate dehydrogenase flavoprotein subunit,Other / unassigned,Respiration & bioenergetics,0.4739939353886124,Model-Supported,16.0,0.9242424242424242,FOX-consistent support function (plausible rediscovery),True,False,False,False,False,0.027,0.8616,False
GF_00213,psbA,photosystem II q(b) protein,carbohydrate kinase,Housekeeping / lineage marker,Other / unassigned,0.5632110592807121,Highly Pure,,,Novel/uncertain candidate,False,False,False,False,False,0.027,0.97029,False
GF_00457,purE,5-(carboxyamino)imidazole ribonucleotide mutase,porphobilinogen synthase,Other / unassigned,Other / unassigned,0.6644632279202497,Model-Supported,199.0,0.3759968102073365,Novel/uncertain candidate,False,True,True,False,False,0.0265,0.94922,False
GF_00643,rplK,50S ribosomal protein L11,protochlorophyllide reductase,Housekeeping / lineage marker,Other / unassigned,0.4235188241098908,Model-Supported,63.0,0.5956937799043062,Novel/uncertain candidate,False,False,False,False,False,0.0264,0.98837,False
GF_01819,ureC,urease subunit alpha,threonine synthase,Other / unassigned,Other / unassigned,0.5989429531497352,Model-Supported,40.0,0.70414673046252,Novel/uncertain candidate,False,False,False,False,False,0.0262,0.98836,False
GF_00673,fabF,beta-ketoacyl-ACP synthase II,protein translocase subunit SecD,Other / unassigned,Other / unassigned,0.5096432174332537,Highly Pure,,,Novel/uncertain candidate,False,False,False,False,False,0.0261,0.97409,False
GF_01011,,sulfate/molybdate ABC transporter ATP-binding protein,heme-copper oxidase subunit III,Transport,Respiration & bioenergetics,0.4352143688097127,Highly Pure,,,FOX-consistent support function (plausible rediscovery),True,False,False,False,False,0.0259,0.9704,False
GF_00604,hemE,uroporphyrinogen decarboxylase,30S ribosomal protein S21,Other / unassigned,Housekeeping / lineage marker,0.7262740057612969,Model-Supported,45.0,0.865231259968102,Housekeeping marker (not a transplant candidate),False,False,False,False,False,0.0259,0.9704,False
GF_01635,,ABC transporter permease,acetyl-CoA carboxylase carboxyltransferase subunit alpha,Transport,Other / unassigned,0.7888120187366836,Model-Supported,44.0,0.2946570972886763,Novel/uncertain candidate,False,False,False,False,False,0.0256,0.96784,False
GF_00981,,glutamine-hydrolyzing GMP synthase,transglycosylase domain-containing protein,Other / unassigned,Other / unassigned,0.2884785478108329,Highly Pure,,,Novel/uncertain candidate,False,False,False,False,False,0.0252,0.99373,False
GF_01654,ispG,(E)-4-hydroxy-3-methylbut-2-enyl-diphosphate synthase,aldo/keto reductase,Other / unassigned,Other / unassigned,0.2793264743120555,Highly Pure,,,Novel/uncertain candidate,False,False,False,False,False,0.0251,0.99371,False
GF_01500,,Ycf34 family protein,ABC transporter permease,Other / unassigned,Transport,0.9326824317743044,Highly Pure,,,Novel/uncertain candidate,False,False,False,False,False,0.025,0.97029,False
GF_01234,cobA,uroporphyrinogen-III C-methyltransferase,Grx4 family monothiol glutaredoxin,Other / unassigned,O2 protection & redox homeostasis,0.5256571576299445,Model-Supported,74.0,0.5514354066985646,FOX-consistent support function (plausible rediscovery),True,True,False,False,False,0.025,0.9421,False
GF_00334,,NAD-dependent epimerase/dehydratase family protein,adenine phosphoribosyltransferase,Other / unassigned,Other / unassigned,0.596082734357905,Highly Pure,,,Novel/uncertain candidate,False,True,True,False,False,0.025,0.94222,False
GF_00402,,peroxiredoxin,glycogen synthase GlgA,O2 protection & redox homeostasis,Carbon metabolism & NAD(P)H supply,0.90213911216583,Model-Supported,10.0,0.8927432216905902,Novel/uncertain candidate,False,False,False,False,False,0.0249,0.99273,False
GF_01501,groL,chaperonin GroEL,VOC family protein,Other / unassigned,Other / unassigned,0.2464716553152618,Highly Pure,,,Novel/uncertain candidate,False,False,False,False,False,0.0249,0.99943,False
GF_01000,,UbiD family decarboxylase,photosystem II reaction center PsbP,Other / unassigned,Housekeeping / lineage marker,0.3715824554806513,Highly Pure,,,Housekeeping marker (not a transplant candidate),False,False,False,False,False,0.0249,0.98635,False
GF_01462,petB,cytochrome b6,manganese catalase family protein,Respiration & bioenergetics,O2 protection & redox homeostasis,0.10506716278929,Model-Supported,15.0,0.9114832535885168,FOX-consistent support function (plausible rediscovery),True,False,False,False,False,0.0247,0.99912,False
GF_00265,,CoB--CoM heterodisulfide reductase iron-sulfur subunit B family protein,peroxiredoxin,Metallocluster & Fe-S biogenesis,O2 protection & redox homeostasis,0.4575905819739471,Highly Pure,,,FOX-consistent support function (plausible rediscovery),True,False,False,False,False,0.0244,0.97022,False
GF_00211,,phasin family protein,ABC transporter ATP-binding protein,Other / unassigned,Transport,0.4305131959789063,Highly Pure,,,Novel/uncertain candidate,False,False,False,False,False,0.0238,0.94199,False
GF_00182,hetR,heterocyst differentiation master regulator HetR,photosystem I reaction center subunit II PsaD,Regulation,Housekeeping / lineage marker,0.4559888602834986,Highly Pure,,,Housekeeping marker (not a transplant candidate),False,False,False,False,False,0.0233,0.94189,False
GF_00178,rpoD,RNA polymerase sigma factor RpoD,50S ribosomal protein L36,Housekeeping / lineage marker,Housekeeping / lineage marker,0.6128932828685254,Model-Supported,341.0,0.2862838915470495,Housekeeping marker (not a transplant candidate),False,False,False,False,False,0.0231,0.99164,False
GF_00296,rpsU,30S ribosomal protein S21,ACR3 family arsenite efflux transporter,Housekeeping / lineage marker,Transport,0.2248285878674052,Model-Supported,75.0,0.6889952153110048,Novel/uncertain candidate,False,False,False,False,False,0.023,0.96798,False
GF_00667,,TIGR02652 family protein,AI-2E family transporter,Other / unassigned,Transport,0.592173723706371,Highly Pure,,,Novel/uncertain candidate,False,False,False,False,False,0.023,0.96798,False
GF_01743,gmd,"GDP-mannose 4,6-dehydratase",universal stress protein,Other / unassigned,Other / unassigned,0.3885262253443815,Highly Pure,,,Novel/uncertain candidate,False,False,False,False,False,0.0229,0.99453,False
GF_00332,,NADP-dependent isocitrate dehydrogenase,CPBP family intramembrane glutamic endopeptidase,Other / unassigned,Stress / membrane / uncharacterized,0.368285379059649,Model-Supported,231.0,0.4892344497607656,Novel/uncertain candidate,False,False,False,False,False,0.0228,0.99163,False
GF_00395,hpnH,adenosyl-hopene transferase HpnH,glutamate synthase large subunit,Other / unassigned,Other / unassigned,0.3742839879039474,Model-Supported,244.0,0.4820574162679426,Novel/uncertain candidate,False,False,False,False,False,0.0227,0.96794,False
GF_01637,pstB,phosphate ABC transporter ATP-binding protein PstB,uroporphyrinogen decarboxylase,Transport,Other / unassigned,0.1794053483335446,Model-Supported,17.0,0.8748006379585327,Novel/uncertain candidate,False,False,False,False,False,0.0227,0.94178,False
GF_01510,,HU family DNA-binding protein,M20 family metallopeptidase,Other / unassigned,Stress / membrane / uncharacterized,0.6872310904457708,Highly Pure,,,Novel/uncertain candidate,False,False,False,False,False,0.0224,0.99497,False
GF_01276,pstA,phosphate ABC transporter permease PstA,hypothetical protein,Transport,Stress / membrane / uncharacterized,0.2546830364094083,Highly Pure,,,Novel/uncertain candidate,False,False,False,False,False,0.0222,0.94169,False
GF_00398,,NAD(P) transhydrogenase subunit alpha,DEAD/DEAH box helicase family protein,Other / unassigned,Other / unassigned,0.6141411122692193,Highly Pure,,,Novel/uncertain candidate,False,False,False,False,False,0.0222,0.94169,False
GF_02107,,glycoside hydrolase family 57 protein,4-hydroxy-tetrahydrodipicolinate synthase,Other / unassigned,Other / unassigned,0.6735301631376274,Highly Pure,,,Novel/uncertain candidate,False,True,True,False,False,0.0221,0.99724,False
GF_01667,,manganese catalase family protein,ATP-dependent chaperone ClpB,O2 protection & redox homeostasis,Other / unassigned,0.629356664398159,Highly Pure,,,Novel/uncertain candidate,False,False,False,False,False,0.0217,0.96777,False
GF_01673,,methionine gamma-lyase family protein,cytochrome b559 subunit alpha,Other / unassigned,Respiration & bioenergetics,0.3391179771637405,Model-Supported,12.0,0.6503189792663477,FOX-consistent support function (plausible rediscovery),True,False,False,False,False,0.0213,0.96774,False
GF_01660,galT,galactose-1-phosphate uridylyltransferase,DUF5340 domain-containing protein,Other / unassigned,Stress / membrane / uncharacterized,0.6434156147944461,Highly Pure,,,Novel/uncertain candidate,False,False,False,False,False,0.0213,0.94151,False
GF_01605,rfbB,"dTDP-glucose 4,6-dehydratase",YqeG family HAD IIIA-type phosphatase,Other / unassigned,Other / unassigned,0.3356047565520089,Highly Pure,,,Novel/uncertain candidate,False,False,False,False,False,0.0213,0.94151,False
GF_01658,,DUF433 domain-containing protein,NAD(P)H-quinone oxidoreductase subunit M,Stress / membrane / uncharacterized,Other / unassigned,0.7160659602664561,Highly Pure,,,Novel/uncertain candidate,False,False,False,False,False,0.0208,0.94143,False
GF_01032,rplA,50S ribosomal protein L1,phosphoribosylformylglycinamidine synthase subunit PurS,Housekeeping / lineage marker,Other / unassigned,0.4418481818897604,Highly Pure,,,Novel/uncertain candidate,False,False,False,False,False,0.0207,0.99455,False
GF_00435,,zinc-dependent dehydrogenase,rod shape-determining protein,Other / unassigned,Other / unassigned,0.6051747285085666,Model-Supported,59.0,0.534688995215311,Novel/uncertain candidate,False,True,True,False,False,0.0207,0.98263,False
GF_00893,,peptide-methionine (S)-S-oxide reductase MsrA,50S ribosomal protein L2,Other / unassigned,Housekeeping / lineage marker,0.5899336682449615,Highly Pure,,,Housekeeping marker (not a transplant candidate),False,False,False,False,False,0.0206,0.96765,False
GF_00679,psbX,photosystem II reaction center X protein,tRNA uridine-5-carboxymethylaminomethyl(34) synthesis GTPase MnmE,Housekeeping / lineage marker,Other / unassigned,0.2809239709911828,Highly Pure,,,Novel/uncertain candidate,False,False,False,False,False,0.0202,0.9676,False
GF_00591,,sulfite oxidase-like oxidoreductase,cysteine desulfurase,Respiration & bioenergetics,Regulation,0.3985395827905686,Highly Pure,,,Novel/uncertain candidate,False,False,False,False,False,0.02,0.94127,False
GF_01767,glcD,glycolate oxidase subunit GlcD,DUF3067 family protein,Respiration & bioenergetics,Stress / membrane / uncharacterized,0.4057837045739507,Highly Pure,,,Novel/uncertain candidate,False,False,False,False,False,0.0198,0.98253,False
GF_01001,petC,cytochrome b6-f complex iron-sulfur subunit,DUF3285 domain-containing protein,Metallocluster & Fe-S biogenesis,Stress / membrane / uncharacterized,0.3483524107995772,Highly Pure,,,Novel/uncertain candidate,False,False,False,False,False,0.0198,0.98253,False
GF_00173,argH,argininosuccinate lyase,beta-carotene hydroxylase,Other / unassigned,Other / unassigned,0.3672692409755921,Highly Pure,,,Novel/uncertain candidate,False,False,False,False,False,0.0196,0.99011,False
GF_01918,,phosphoribulokinase,glutamine-hydrolyzing carbamoyl-phosphate synthase small subunit,Other / unassigned,Other / unassigned,0.3582405374529525,Highly Pure,,,Novel/uncertain candidate,False,False,False,False,False,0.0196,0.99011,False
GF_00672,rpmA,50S ribosomal protein L27,transglutaminase,Housekeeping / lineage marker,Other / unassigned,0.54329538242026,Highly Pure,,,Novel/uncertain candidate,False,False,False,False,False,0.0193,0.9982,False
GF_01496,grxD,Grx4 family monothiol glutaredoxin,nickel pincer cofactor biosynthesis protein LarB,O2 protection & redox homeostasis,Other / unassigned,0.4399196896639519,Highly Pure,,,Novel/uncertain candidate,False,False,False,False,False,0.0192,0.99008,False
GF_00974,,dihydroorotase,molybdenum cofactor biosynthesis protein B,Other / unassigned,Other / unassigned,0.6443329354803033,Highly Pure,,,Novel/uncertain candidate,False,False,False,False,False,0.0192,0.98247,False
GF_00393,rpmB,50S ribosomal protein L28,DNA-directed RNA polymerase subunit beta,Housekeeping / lineage marker,Housekeeping / lineage marker,0.778490197081501,Model-Supported,106.0,0.4497607655502392,Housekeeping marker (not a transplant candidate),False,True,True,False,False,0.0189,0.94105,False
GF_00382,,flavin prenyltransferase UbiX,ABC transporter permease,Other / unassigned,Transport,0.4627683591204564,Highly Pure,,,Novel/uncertain candidate,False,False,False,False,False,0.0189,0.99006,False
GF_00708,,adenylosuccinate synthase,isoaspartyl peptidase/L-asparaginase,Other / unassigned,Stress / membrane / uncharacterized,0.3406427727907246,Highly Pure,,,Novel/uncertain candidate,False,False,False,False,False,0.0187,0.99004,False
GF_00792,rpsS,30S ribosomal protein S19,protein IsiD,Housekeeping / lineage marker,Other / unassigned,0.561429381977735,Highly Pure,,,Novel/uncertain candidate,False,False,False,False,False,0.0187,0.99681,False
GF_00800,hemB,porphobilinogen synthase,ABC transporter ATP-binding protein,Other / unassigned,Transport,0.2590026685837096,Highly Pure,,,Novel/uncertain candidate,False,False,False,False,False,0.0185,0.97163,False
GF_00612,pyk,pyruvate kinase,50S ribosomal protein L27,Other / unassigned,Housekeeping / lineage marker,0.3145262496968631,Model-Supported,139.0,0.6371610845295056,Housekeeping marker (not a transplant candidate),False,False,False,False,False,0.0184,0.99442,False
GF_00614,aroF,3-deoxy-7-phosphoheptulonate synthase,molecular chaperone DnaK,Other / unassigned,Other / unassigned,0.5980469158310924,Model-Supported,237.0,0.2368421052631578,Novel/uncertain candidate,False,True,True,False,False,0.0183,0.99679,False
GF_01532,cynS,cyanase,Gfo/Idh/MocA family protein,Other / unassigned,Other / unassigned,0.3140043493422481,Highly Pure,,,Novel/uncertain candidate,False,False,False,False,False,0.0182,0.97153,False
GF_00982,kaiC,circadian clock protein KaiC,DUF433 domain-containing protein,Other / unassigned,Stress / membrane / uncharacterized,0.628812220208629,Model-Supported,2.0,0.8528708133971292,Novel/uncertain candidate,False,False,False,False,False,0.0181,0.99894,False
GF_00490,,hypothetical protein,ParA family protein,Stress / membrane / uncharacterized,Other / unassigned,0.4601935274432165,Highly Pure,,,Novel/uncertain candidate,False,False,False,False,False,0.0179,0.97153,False
GF_00618,,"RNA polymerase sigma factor, RpoD/SigA family",50S ribosomal protein L28,Housekeeping / lineage marker,Housekeeping / lineage marker,0.5879922185847066,Model-Supported,100.0,0.553030303030303,Housekeeping marker (not a transplant candidate),False,True,False,False,False,0.0179,0.97153,False
GF_00984,,ATP-dependent zinc metalloprotease FtsH3,c-type cytochrome biogenesis protein CcsB,Housekeeping / lineage marker,Respiration & bioenergetics,0.2650352893221872,Highly Pure,,,FOX-consistent support function (plausible rediscovery),True,False,False,False,False,0.0176,0.99893,False
GF_01741,,argininosuccinate synthase,formamidase,Other / unassigned,Other / unassigned,0.2596831448106872,Model-Supported,217.0,0.4118819776714513,Novel/uncertain candidate,False,False,False,False,False,0.0175,0.9823,False
GF_00175,,LuxR C-terminal-related transcriptional regulator,DUF433 domain-containing protein,Regulation,Stress / membrane / uncharacterized,0.4276743281927474,Model-Supported,1.0,0.7763157894736842,Novel/uncertain candidate,False,False,False,False,False,0.0169,0.97139,False
GF_02179,atpB,F0F1 ATP synthase subunit A,photosystem I assembly protein Ycf4,Housekeeping / lineage marker,Housekeeping / lineage marker,0.3027406787672657,Highly Pure,,,Housekeeping marker (not a transplant candidate),False,False,False,False,False,0.0169,0.99053,False
GF_01761,,peroxiredoxin,YtxH domain-containing protein,O2 protection & redox homeostasis,Other / unassigned,0.4042993431708273,Highly Pure,,,Novel/uncertain candidate,False,False,False,False,False,0.0167,0.97134,False
GF_02166,,succinate dehydrogenase/fumarate reductase flavoprotein subunit,site-2 protease family protein,Respiration & bioenergetics,Other / unassigned,0.9772998553920677,Highly Pure,,,Novel/uncertain candidate,False,False,False,False,False,0.0167,0.99051,False
GF_01898,hpnH,adenosyl-hopene transferase HpnH,F0F1 ATP synthase subunit A,Other / unassigned,Housekeeping / lineage marker,0.3842647195066817,Model-Supported,124.0,0.4250398724082934,Housekeeping marker (not a transplant candidate),False,False,False,False,False,0.0165,0.9905,False
GF_00666,,LON peptidase substrate-binding domain-containing protein,AbrB family transcriptional regulator,Transport,Regulation,0.6549987699764848,Highly Pure,,,Novel/uncertain candidate,False,False,False,False,False,0.0165,0.9905,False
GF_01742,,NYN domain-containing protein,enoyl-ACP reductase FabI,Other / unassigned,Other / unassigned,0.4779009354486512,Model-Supported,103.0,0.6722488038277512,Novel/uncertain candidate,False,False,False,False,False,0.0165,0.9905,False
GF_00788,,NifU family protein,flavin-dependent oxidoreductase,Nitrogenase / nif machinery,Other / unassigned,0.2328602258692653,Highly Pure,,,Novel/uncertain candidate,False,False,False,False,False,0.0164,0.99988,False
GF_01674,,small RNA NsiR4-regulated ssr1528 family protein,peroxiredoxin,Other / unassigned,O2 protection & redox homeostasis,0.6301725039372212,Model-Supported,100.0,0.6646730462519936,FOX-consistent support function (plausible rediscovery),True,False,False,False,False,0.0163,0.99048,False
GF_01277,arsH,arsenical resistance protein ArsH,biotin synthase BioB,Other / unassigned,Other / unassigned,0.591449014544358,Highly Pure,,,Novel/uncertain candidate,False,False,False,False,False,0.0159,0.99044,False
GF_01822,fabI,enoyl-ACP reductase FabI,aspartate carbamoyltransferase catalytic subunit,Other / unassigned,Other / unassigned,0.4966094264684187,Model-Supported,233.0,0.5127591706539075,Novel/uncertain candidate,False,False,False,False,False,0.0154,0.97114,False
GF_01906,atpD,F0F1 ATP synthase subunit beta,precorrin-6Y C5%2C15-methyltransferase subunit CbiT,Housekeeping / lineage marker,Other / unassigned,0.880654027944093,Highly Pure,,,Novel/uncertain candidate,False,False,False,False,False,0.0151,0.99825,False
GF_01662,,protochlorophyllide reductase,FAD-dependent hydroxylase,Other / unassigned,Other / unassigned,0.4686057273348132,Highly Pure,,,Novel/uncertain candidate,False,False,False,False,False,0.0145,0.97101,False
GF_00985,fba,fructose-bisphosphate aldolase class II,5'/3'-nucleotidase SurE,Carbon metabolism & NAD(P)H supply,Other / unassigned,0.2960697152544678,Highly Pure,,,Novel/uncertain candidate,False,False,False,False,False,0.0144,0.99966,False
GF_00225,,NAD(P)H-quinone oxidoreductase subunit 3,MlaE family lipid ABC transporter permease subunit,Other / unassigned,Transport,0.4529639580243971,Highly Pure,,,Novel/uncertain candidate,False,False,False,False,False,0.014,0.99487,False
GF_01499,,TldD/PmbA family protein,peptide ligase PGM1-related protein,Other / unassigned,Other / unassigned,0.6540263489031436,Highly Pure,,,Novel/uncertain candidate,False,False,False,False,False,0.0139,0.98598,False
GF_00746,petD,cytochrome b6-f complex subunit IV,S-methyl-5-thioribose-1-phosphate isomerase,Respiration & bioenergetics,Other / unassigned,0.7808928233658263,Highly Pure,,,Novel/uncertain candidate,False,False,False,False,False,0.0137,0.99903,False
GF_02145,rpsE,30S ribosomal protein S5,indolepyruvate ferredoxin oxidoreductase subunit alpha,Housekeeping / lineage marker,O2 protection & redox homeostasis,0.6269919783779088,Model-Supported,11.0,0.7954545454545454,FOX-consistent support function (plausible rediscovery),True,False,False,False,False,0.0137,0.98596,False
GF_00856,,ferredoxin:protochlorophyllide reductase (ATP-dependent) subunit N,ArsJ-associated glyceraldehyde-3-phosphate dehydrogenase,O2 protection & redox homeostasis,Other / unassigned,0.7561857559221189,Model-Supported,6.0,0.9533492822966508,FOX-consistent support function (plausible rediscovery),True,False,False,False,False,0.0136,0.99903,False
GF_01759,ispF,"2-C-methyl-D-erythritol 2,4-cyclodiphosphate synthase",hypothetical protein,Other / unassigned,Stress / membrane / uncharacterized,0.5318841995809348,Highly Pure,,,Novel/uncertain candidate,False,False,False,False,False,0.0135,0.99729,False
GF_01006,,P-II family nitrogen regulator,cation-translocating P-type ATPase,Regulation,Other / unassigned,0.2719888692464303,Highly Pure,,,Novel/uncertain candidate,False,False,False,False,False,0.0135,0.99981,False
GF_00207,,response regulator transcription factor,DUF1517 domain-containing protein,Regulation,Stress / membrane / uncharacterized,0.0439885416697772,Highly Pure,,,Novel/uncertain candidate,False,False,False,False,False,0.0134,0.99999,False
GF_01596,,ferredoxin,hydantoinase B/oxoprolinase family protein,O2 protection & redox homeostasis,Other / unassigned,0.6025809474363151,Highly Pure,,,Novel/uncertain candidate,False,False,False,False,False,0.0123,0.99988,False
GF_01672,fabI,enoyl-ACP reductase FabI,beta-carotene ketolase CrtO,Other / unassigned,Other / unassigned,0.7878426427156217,Model-Supported,36.0,0.3680223285486443,Novel/uncertain candidate,False,False,False,False,False,0.0123,0.9858,False
GF_00366,rpmH,50S ribosomal protein L34,phasin family protein,Housekeeping / lineage marker,Other / unassigned,0.2178470572242923,Highly Pure,,,Novel/uncertain candidate,False,False,False,False,False,0.0122,0.98579,False
GF_00658,rplV,50S ribosomal protein L22,ATP-dependent protease ATP-binding subunit ClpX,Housekeeping / lineage marker,Other / unassigned,0.7225591879028628,Model-Supported,115.0,0.6088516746411483,Novel/uncertain candidate,False,True,False,False,False,0.0121,0.99971,False
GF_00386,urtD,urea ABC transporter ATP-binding protein UrtD,30S ribosomal protein S8,Transport,Housekeeping / lineage marker,0.4795194649783337,Model-Supported,127.0,0.4130781499202551,Housekeeping marker (not a transplant candidate),False,True,True,False,False,0.012,0.98577,False
GF_02152,,phosphoglucomutase/phosphomannomutase family protein,elongation factor P,Other / unassigned,Other / unassigned,0.4118927859363878,Model-Supported,45.0,0.7623604465709728,Novel/uncertain candidate,False,False,False,False,False,0.012,0.98577,False
GF_00992,psbF,cytochrome b559 subunit beta,response regulator transcription factor,Housekeeping / lineage marker,Regulation,0.6243214547130054,Highly Pure,,,Novel/uncertain candidate,False,False,False,False,False,0.0119,0.99971,False
GF_00368,ntcA,global nitrogen regulator NtcA,LysR family transcriptional regulator,Regulation,Regulation,0.645062318310731,Highly Pure,,,Novel/uncertain candidate,False,False,False,False,False,0.0117,0.99984,False
GF_00661,,DUF1825 family protein,ABC transporter permease,Stress / membrane / uncharacterized,Transport,0.6472318858144263,Model-Supported,30.0,0.80103668261563,Novel/uncertain candidate,False,False,False,False,False,0.0114,0.99855,False
GF_00748,zds,"9,9'-di-cis-zeta-carotene desaturase",arsenosugar biosynthesis arsenite methyltransferase ArsM,Other / unassigned,Other / unassigned,0.2411014555283632,Highly Pure,,,Novel/uncertain candidate,False,False,False,False,False,0.0114,0.9931,False
GF_02181,rpsJ,30S ribosomal protein S10,DNA-formamidopyrimidine glycosylase,Housekeeping / lineage marker,Other / unassigned,0.0420328226545005,Highly Pure,,,Novel/uncertain candidate,False,False,False,False,False,0.0113,1.0,False
GF_00808,remA,extracellular matrix/biofilm regulator RemA,GH116 family glycosyl hydrolase,Regulation,Other / unassigned,0.7043825968196478,Highly Pure,,,Novel/uncertain candidate,False,False,False,False,False,0.0106,0.99924,False
GF_01758,atpE,ATP synthase F0 subunit C,sigma-70 family RNA polymerase sigma factor,Housekeeping / lineage marker,Housekeeping / lineage marker,0.4162707962671335,Highly Pure,,,Housekeeping marker (not a transplant candidate),False,False,False,False,False,0.0106,0.99924,False
GF_01020,,50S ribosomal protein L16,replication restart DNA helicase PriA,Housekeeping / lineage marker,Housekeeping / lineage marker,0.1883997645405877,Highly Pure,,,Housekeeping marker (not a transplant candidate),False,False,False,False,False,0.0106,0.99991,False
GF_00659,,YifB family Mg chelatase-like AAA ATPase,DUF4912 domain-containing protein,Other / unassigned,Stress / membrane / uncharacterized,0.2444207885776344,Model-Supported,87.0,0.3931419457735247,Novel/uncertain candidate,False,False,False,False,False,0.0105,0.99303,False
GF_00657,,amino acid ABC transporter ATP-binding protein,aspartate-semialdehyde dehydrogenase,Transport,Other / unassigned,0.5684099165745179,Highly Pure,,,FOX-consistent support function (plausible rediscovery),True,False,False,False,False,0.0103,0.99302,False
GF_00741,,NUDIX hydrolase,3-isopropylmalate dehydrogenase,Other / unassigned,Other / unassigned,0.6129509003955264,Model-Supported,95.0,0.4665071770334928,FOX-consistent support function (plausible rediscovery),True,True,False,False,False,0.0101,0.993,False
GF_00704,,GNAT family N-acetyltransferase,class II glutamine amidotransferase,Other / unassigned,Other / unassigned,0.5795020912239447,Highly Pure,,,Novel/uncertain candidate,False,False,False,False,False,0.0098,0.99661,False
GF_00571,arsB,ACR3 family arsenite efflux transporter,peroxiredoxin family protein,Transport,O2 protection & redox homeostasis,0.4739874777192652,Highly Pure,,,FOX-consistent support function (plausible rediscovery),True,False,False,False,False,0.0096,0.9966,False
GF_01028,psbE,cytochrome b559 subunit alpha,acetate--CoA ligase,Housekeeping / lineage marker,Other / unassigned,0.3541767996603264,Model-Supported,289.0,0.414274322169059,Novel/uncertain candidate,False,False,False,False,False,0.0092,0.99658,False
GF_00663,rplX,50S ribosomal protein L24,RNA polymerase sigma factor%2C RpoD/SigA family,Housekeeping / lineage marker,Housekeeping / lineage marker,0.736670371224822,Highly Pure,,,Housekeeping marker (not a transplant candidate),False,False,False,False,False,0.0092,0.99658,False
GF_00239,,DUF4327 family protein,3-methyl-2-oxobutanoate hydroxymethyltransferase,Stress / membrane / uncharacterized,Other / unassigned,0.5644156981523553,Highly Pure,,,Novel/uncertain candidate,False,False,False,False,False,0.009,0.99657,False
GF_00206,tkt,transketolase,solanesyl diphosphate synthase,Other / unassigned,Other / unassigned,0.5353746920023568,Highly Pure,,,Novel/uncertain candidate,False,False,False,False,False,0.0087,0.99656,False
GF_00930,,ABC transporter ATP-binding protein,photosystem I assembly protein Ycf3,Transport,Housekeeping / lineage marker,0.8347221057269311,Highly Pure,,,Housekeeping marker (not a transplant candidate),False,False,False,False,False,0.0087,0.99656,False
GF_00619,,LysR family transcriptional regulator,Rrf2 family transcriptional regulator,Regulation,Regulation,0.5258609491888455,Model-Supported,363.0,0.2647527910685805,Novel/uncertain candidate,False,False,False,False,False,0.0085,0.99994,False
GF_00376,pds,15-cis-phytoene desaturase,preprotein translocase subunit SecA,Other / unassigned,Other / unassigned,0.5233277131207178,Highly Pure,,,Novel/uncertain candidate,False,False,False,False,False,0.0079,0.99832,False
GF_00588,secG,preprotein translocase subunit SecG,signal recognition particle protein,Other / unassigned,Other / unassigned,0.3747293685217203,Model-Supported,170.0,0.5861244019138756,Novel/uncertain candidate,False,True,True,False,False,0.0076,0.99918,False
GF_02111,prfA,peptide chain release factor 1,methylenetetrahydrofolate reductase,Other / unassigned,Other / unassigned,0.6708411734202541,Highly Pure,,,Novel/uncertain candidate,False,True,False,False,False,0.0075,0.99918,False
GF_00863,rplN,50S ribosomal protein L14,response regulator transcription factor,Housekeeping / lineage marker,Regulation,0.3730609925363754,Highly Pure,,,Novel/uncertain candidate,False,False,False,False,False,0.0069,0.99999,False
GF_00694,rplE,50S ribosomal protein L5,SDR family oxidoreductase,Housekeeping / lineage marker,Other / unassigned,0.2915137574294065,Highly Pure,,,Novel/uncertain candidate,False,False,False,False,False,0.0068,0.99999,False
GF_00390,,S-(hydroxymethyl)glutathione dehydrogenase/class III alcohol dehydrogenase,50S ribosomal protein L24,Other / unassigned,Housekeeping / lineage marker,0.5159215600723899,Model-Supported,46.0,0.3779904306220095,Housekeeping marker (not a transplant candidate),False,True,False,False,False,0.0061,0.9998,False
GF_00112,,radical SAM protein,lactoylglutathione lyase,Other / unassigned,Other / unassigned,0.6210428142200971,Model-Supported,145.0,0.527511961722488,Novel/uncertain candidate,False,False,False,False,False,0.006,0.9998,False
GF_00979,glyA,serine hydroxymethyltransferase,cation:proton antiporter,Other / unassigned,Other / unassigned,0.4704445314497001,Highly Pure,,,Novel/uncertain candidate,False,False,False,False,False,0.0057,0.9998,False
GF_00915,,ABC-F family ATP-binding cassette domain-containing protein,S8 family peptidase,Other / unassigned,Stress / membrane / uncharacterized,0.4264032731701196,Highly Pure,,,Novel/uncertain candidate,False,False,False,False,False,0.0057,0.9998,False
GF_00360,rpsK,30S ribosomal protein S11,inorganic diphosphatase,Housekeeping / lineage marker,Other / unassigned,0.0426209567148008,Model-Supported,362.0,0.2986443381180223,Novel/uncertain candidate,False,True,True,False,False,0.0045,1.0,False
GF_02162,rpmJ,50S ribosomal protein L36,M16 family metallopeptidase,Housekeeping / lineage marker,Stress / membrane / uncharacterized,0.363710586010994,Highly Pure,,,Novel/uncertain candidate,False,False,False,False,False,0.0032,1.0,False
GF_01609,,hypothetical protein,chlorophyll a/b-binding protein,Stress / membrane / uncharacterized,Other / unassigned,0.40772549402166,Highly Pure,,,Novel/uncertain candidate,False,False,False,False,False,0.0,1.0,False
GF_00208,,NAD(P)/FAD-dependent oxidoreductase,30S ribosome-binding factor RbfA,Other / unassigned,Housekeeping / lineage marker,0.4593054199690096,Model-Supported,76.0,0.3831738437001595,Housekeeping marker (not a transplant candidate),False,False,False,False,False,0.0,1.0,False
GF_00176,rplM,50S ribosomal protein L13,glutathione-disulfide reductase,Housekeeping / lineage marker,Other / unassigned,0.5395587736031057,Highly Pure,,,Novel/uncertain candidate,False,False,False,False,False,0.0,1.0,False
GF_00202,,DUF3593 domain-containing protein,2'-O-glycosyltransferase CruG,Stress / membrane / uncharacterized,Other / unassigned,0.1803169157628719,Highly Pure,,,Novel/uncertain candidate,False,False,False,False,False,0.0,1.0,False
GF_00970,,photosystem I reaction center subunit IV,redox-regulated ATPase YchF,Housekeeping / lineage marker,O2 protection & redox homeostasis,0.4924484743333832,Model-Supported,374.0,0.2141148325358851,Novel/uncertain candidate,False,False,False,False,False,0.0,1.0,False
GF_00099,,type II toxin-antitoxin system HicB family antitoxin,lipid-A-disaccharide synthase,Other / unassigned,Other / unassigned,0.6891516925593809,Highly Pure,,,Novel/uncertain candidate,False,True,True,False,False,0.0,1.0,False
GF_00185,fbp,class 1 fructose-bisphosphatase,5-(carboxyamino)imidazole ribonucleotide mutase,Other / unassigned,Other / unassigned,0.5779214470249266,Model-Supported,215.0,0.3516746411483253,Novel/uncertain candidate,False,False,False,False,False,0.0,1.0,False
GF_01867,,ABA4-like family protein,HEAT repeat domain-containing protein,Other / unassigned,Other / unassigned,0.3816671113973355,Highly Pure,,,Novel/uncertain candidate,False,False,False,False,False,0.0,1.0,False
GF_01670,rpsE,30S ribosomal protein S5,R3H domain-containing nucleic acid-binding protein,Housekeeping / lineage marker,Other / unassigned,0.5272551099158577,Highly Pure,,,Novel/uncertain candidate,False,False,False,False,False,0.0,1.0,False
GF_01668,clpS,ATP-dependent Clp protease adapter ClpS,2Fe-2S iron-sulfur cluster-binding protein,Other / unassigned,Metallocluster & Fe-S biogenesis,0.601135568279539,Highly Pure,,,FOX-consistent support function (plausible rediscovery),True,False,False,False,False,0.0,1.0,False
GF_00216,,carbon-nitrogen hydrolase family protein,Crp/Fnr family transcriptional regulator,Other / unassigned,Regulation,0.3293628973816312,Highly Pure,,,Novel/uncertain candidate,False,False,False,False,False,0.0,1.0,False
GF_00824,,NIL domain-containing protein,hormogonium polysaccharide biosynthesis glycosyltransferase HpsO,Other / unassigned,Other / unassigned,0.5102901268947356,Highly Pure,,,Novel/uncertain candidate,False,False,False,False,False,0.0,1.0,False
GF_00969,aspA,aspartate ammonia-lyase,phosphoribulokinase,Other / unassigned,Other / unassigned,0.6544249324056237,Model-Supported,53.0,0.465311004784689,Novel/uncertain candidate,False,False,False,False,False,0.0,1.0,False
GF_00829,,NUDIX hydrolase,GspE/PulE family protein,Other / unassigned,Other / unassigned,0.6615670959972709,Highly Pure,,,Novel/uncertain candidate,False,False,False,False,False,0.0,1.0,False
GF_00859,zwf,glucose-6-phosphate dehydrogenase,response regulator transcription factor,Other / unassigned,Regulation,0.4580616129866074,Highly Pure,,,Novel/uncertain candidate,False,False,False,False,False,0.0,1.0,False
GF_01649,,phosphomannose isomerase type II C-terminal cupin domain,hypothetical protein,Other / unassigned,Stress / membrane / uncharacterized,0.5648880877740253,Highly Pure,,,Novel/uncertain candidate,False,False,False,False,False,0.0,1.0,False
GF_00691,kdpB,potassium-transporting ATPase subunit KdpB,30S ribosomal protein S20,Transport,Housekeeping / lineage marker,0.6154378600818324,Highly Pure,,,Housekeeping marker (not a transplant candidate),False,True,True,False,False,0.0,1.0,False
GF_00644,ndhK,photosynthetic/respiratory NAD(P)H-quinone oxidoreductase subunit K,leucine--tRNA ligase,Respiration & bioenergetics,Housekeeping / lineage marker,0.4183265487480856,Highly Pure,,,Housekeeping marker (not a transplant candidate),False,False,False,False,False,0.0,1.0,False
GF_00910,,hypothetical protein,acyl-CoA desaturase,Stress / membrane / uncharacterized,Other / unassigned,0.3283984471202701,Highly Pure,,,Novel/uncertain candidate,False,False,False,False,False,0.0,1.0,False
GF_02113,rpsH,30S ribosomal protein S8,cytochrome b6-f complex iron-sulfur subunit,Housekeeping / lineage marker,Metallocluster & Fe-S biogenesis,0.3353395357414177,Model-Supported,69.0,0.3389154704944178,FOX-consistent support function (plausible rediscovery),True,False,False,False,False,0.0,1.0,False
GF_01823,,creatininase family protein,cysteine hydrolase family protein,Other / unassigned,Other / unassigned,0.2460063763628154,Model-Supported,76.0,0.5167464114832536,Novel/uncertain candidate,False,False,False,False,False,0.0,1.0,False
GF_00584,,iron-sulfur cluster assembly accessory protein,formate-dependent phosphoribosylglycinamide formyltransferase,Metallocluster & Fe-S biogenesis,Other / unassigned,0.2617722094970969,Highly Pure,,,Novel/uncertain candidate,False,False,False,False,False,0.0,1.0,False
GF_01503,ilvN,acetolactate synthase small subunit,Ni/Fe hydrogenase subunit alpha,Other / unassigned,Other / unassigned,0.3639930709440737,Highly Pure,,,Novel/uncertain candidate,False,False,False,False,False,0.0,1.0,False
GF_00558,rpmE,50S ribosomal protein L31,ABC-F family ATP-binding cassette domain-containing protein,Housekeeping / lineage marker,Other / unassigned,0.6154556826999682,Highly Pure,,,Novel/uncertain candidate,False,False,False,False,False,0.0,1.0,False
GF_00945,,amino acid ABC transporter ATP-binding protein,ChaB family protein,Transport,Other / unassigned,0.3925123405006731,Highly Pure,,,Novel/uncertain candidate,False,False,False,False,False,0.0,1.0,False
GF_00330,,rod shape-determining protein,3-deoxy-7-phosphoheptulonate synthase,Other / unassigned,Other / unassigned,0.7120510231842242,Model-Supported,23.0,0.8720095693779905,Novel/uncertain candidate,False,True,True,False,False,0.0,1.0,False
GF_00957,hpnJ,hopanoid biosynthesis associated radical SAM protein HpnJ,50S ribosomal protein L31,Other / unassigned,Housekeeping / lineage marker,0.4074847433673739,Model-Supported,27.0,0.8237639553429027,Housekeeping marker (not a transplant candidate),False,True,False,False,False,0.0,1.0,False
GF_00406,rpsQ,30S ribosomal protein S17,nucleoside-diphosphate kinase,Housekeeping / lineage marker,Other / unassigned,0.3862550514444879,Model-Supported,5.0,0.7779106858054227,Novel/uncertain candidate,False,True,True,False,False,0.0,1.0,False
