accuracy,precision,recall,f1,roc_auc,average_precision,genus_balanced_auc,genus_balanced_average_precision,audit_group_balanced_auc,audit_group_balanced_average_precision,scenario,model,fold,n_train,n_test,n_train_pos,n_test_pos,n_features,seconds
0.8604651162790697,0.8571428571428571,0.967741935483871,0.9090909090909091,0.9758064516129032,0.9927419354838709,0.8541666666666666,0.9102564102564102,0.8541666666666666,0.9102564102564102,exclude_currently_suppressed22,Random Forest,1,361,43,75,31,662,0.8930222000344656
0.9069767441860465,0.8857142857142857,1.0,0.9393939393939394,0.9811827956989246,0.993085165459488,0.9046474358974359,0.9082446725041583,0.9046474358974359,0.9082446725041583,exclude_currently_suppressed22,Gradient Boosting,1,361,43,75,31,662,2.7117767999880016
0.8604651162790697,0.8378378378378378,1.0,0.9117647058823529,0.956989247311828,0.9835459495289861,0.921875,0.904788315372065,0.921875,0.904788315372065,exclude_currently_suppressed22,Logistic Regression,1,361,43,75,31,662,0.23186949995579198
0.7906976744186046,0.775,1.0,0.8732394366197183,0.9838709677419355,0.994479130535322,0.90625,0.9108187134502924,0.90625,0.9108187134502924,exclude_currently_suppressed22,XGBoost,1,361,43,75,31,662,2.480249400017783
0.7674418604651163,0.8387096774193549,0.8387096774193549,0.8387096774193549,0.7795698924731183,0.8769926383380033,0.345753205128205,0.37749262565319314,0.345753205128205,0.37749262565319314,exclude_currently_suppressed22,assembly_length_only_LR,1,361,43,75,31,1,0.14917999994941056
0.9534883720930233,1.0,0.9354838709677419,0.9666666666666667,0.9704301075268817,0.9907258064516127,0.8229166666666666,0.8717948717948717,0.8229166666666666,0.8717948717948717,exclude_currently_suppressed22,retained_family_count_only_LR,1,361,43,75,31,1,0.15264620003290474
0.9375,0.7727272727272727,0.8947368421052632,0.8292682926829268,0.9773627617430672,0.9082088343597294,0.918699796187508,0.9240459216730702,0.918699796187508,0.9240459216730702,exclude_currently_suppressed22,Random Forest,2,292,112,87,19,561,0.6073546999832615
0.8928571428571429,0.6296296296296297,0.8947368421052632,0.7391304347826086,0.9190718732314658,0.7422445700735433,0.8637790310379244,0.8591686698161978,0.8637790310379244,0.8591686698161978,exclude_currently_suppressed22,Gradient Boosting,2,292,112,87,19,561,2.118938600004185
0.9375,0.7727272727272727,0.8947368421052632,0.8292682926829268,0.9654782116581777,0.852347966157645,0.8878455820645011,0.8901759827850595,0.8878455820645011,0.8901759827850595,exclude_currently_suppressed22,Logistic Regression,2,292,112,87,19,561,0.19804530002875254
0.9017857142857143,0.75,0.631578947368421,0.6857142857142857,0.955291454442558,0.853117555334914,0.9329184150581469,0.9511227839827459,0.9329184150581469,0.9511227839827459,exclude_currently_suppressed22,XGBoost,2,292,112,87,19,561,1.8312570999842137
0.8571428571428571,0.5789473684210527,0.5789473684210527,0.5789473684210527,0.9349179400113186,0.6294337172894044,0.7526375734324433,0.7071639967330893,0.7526375734324433,0.7071639967330893,exclude_currently_suppressed22,assembly_length_only_LR,2,292,112,87,19,1,0.1414212000090629
0.9107142857142857,1.0,0.47368421052631576,0.6428571428571429,0.8607809847198642,0.6747814492828341,0.8974329039818583,0.9076593820366863,0.8974329039818583,0.9076593820366863,exclude_currently_suppressed22,retained_family_count_only_LR,2,292,112,87,19,1,0.15395969996461645
0.6428571428571429,0.7333333333333333,0.6470588235294118,0.6875,0.7914438502673796,0.8789103679885433,0.6982314268958919,0.7632544380198879,0.6982314268958919,0.7632544380198879,exclude_currently_suppressed22,Random Forest,3,376,28,89,17,581,0.6109623000374995
0.7142857142857143,0.8,0.7058823529411765,0.75,0.7914438502673798,0.8552845974991303,0.70124077903639,0.7618506884863385,0.70124077903639,0.7618506884863385,exclude_currently_suppressed22,Gradient Boosting,3,376,28,89,17,581,2.252014700032305
0.6785714285714286,0.7857142857142857,0.6470588235294118,0.7096774193548387,0.7967914438502673,0.8785146468901706,0.7142813049785488,0.7701628386854142,0.7142813049785488,0.7701628386854142,exclude_currently_suppressed22,Logistic Regression,3,376,28,89,17,581,0.20605500001693144
0.6785714285714286,0.7857142857142857,0.6470588235294118,0.7096774193548387,0.7914438502673796,0.8847827796288914,0.6955461588320627,0.7788851112055531,0.6955461588320627,0.7788851112055531,exclude_currently_suppressed22,XGBoost,3,376,28,89,17,581,1.9091501000220887
0.7857142857142857,1.0,0.6470588235294118,0.7857142857142857,0.8021390374331551,0.9015935861524098,0.6889718818482052,0.8127869028918442,0.6889718818482052,0.8127869028918442,exclude_currently_suppressed22,assembly_length_only_LR,3,376,28,89,17,1,0.1457673999830149
0.6428571428571429,0.8888888888888888,0.47058823529411764,0.6153846153846154,0.8101604278074866,0.8896501883353094,0.7263804438408594,0.7989591198926589,0.7263804438408594,0.7989591198926589,exclude_currently_suppressed22,retained_family_count_only_LR,3,376,28,89,17,1,0.15408050001133233
0.9477611940298507,0.95,0.76,0.8444444444444444,0.9530275229357797,0.8930057513559708,0.9170910249735577,0.9795947388768503,0.9170910249735577,0.9795947388768503,exclude_currently_suppressed22,Random Forest,4,270,134,81,25,646,0.6074025999987498
0.9253731343283582,0.9411764705882353,0.64,0.7619047619047619,0.8612844036697247,0.7834372365254489,0.8025010780930257,0.9465877428490603,0.8025010780930257,0.9465877428490603,exclude_currently_suppressed22,Gradient Boosting,4,270,134,81,25,646,2.174626599997282
0.8134328358208955,0.5,0.68,0.576271186440678,0.8036697247706422,0.5947545867555236,0.7141805804569686,0.9132484143357977,0.7141805804569686,0.9132484143357977,exclude_currently_suppressed22,Logistic Regression,4,270,134,81,25,646,0.21397610002895817
0.8059701492537313,0.4857142857142857,0.68,0.5666666666666667,0.8943119266055046,0.734019653941131,0.8306270698197084,0.9492347188240893,0.8306270698197084,0.9492347188240893,exclude_currently_suppressed22,XGBoost,4,270,134,81,25,646,2.0740083000273444
0.8955223880597015,1.0,0.44,0.6111111111111112,0.9603669724770643,0.9049831970855331,0.9918607831334629,0.9980831979891287,0.9918607831334629,0.9980831979891287,exclude_currently_suppressed22,assembly_length_only_LR,4,270,134,81,25,1,0.1469115000218153
0.9104477611940298,1.0,0.52,0.6842105263157895,0.6513761467889908,0.6166164510275464,0.579362981722227,0.8860368706226041,0.579362981722227,0.8860368706226041,exclude_currently_suppressed22,retained_family_count_only_LR,4,270,134,81,25,1,0.16021249996265396
0.8620689655172413,0.75,0.21428571428571427,0.3333333333333333,0.3444227005870842,0.313794350626352,0.6240955303519362,0.658961357457008,0.6240955303519362,0.658961357457008,exclude_currently_suppressed22,Random Forest,5,317,87,92,14,614,0.6023826000164263
0.6551724137931034,0.2777777777777778,0.7142857142857143,0.4,0.8326810176125246,0.780674970265627,0.9000732211451297,0.9110354828212701,0.9000732211451297,0.9110354828212701,exclude_currently_suppressed22,Gradient Boosting,5,317,87,92,14,614,2.278932099987287
0.6206896551724138,0.2564102564102564,0.7142857142857143,0.37735849056603776,0.7700587084148728,0.5895256151896155,0.8301454977878213,0.8358848529679161,0.8301454977878213,0.8358848529679161,exclude_currently_suppressed22,Logistic Regression,5,317,87,92,14,614,0.2172766999574378
0.7816091954022989,0.391304347826087,0.6428571428571429,0.4864864864864865,0.759784735812133,0.6076312932580439,0.8474427226383219,0.8588815008214723,0.8474427226383219,0.8588815008214723,exclude_currently_suppressed22,XGBoost,5,317,87,92,14,614,2.081997700035572
0.7816091954022989,0.35294117647058826,0.42857142857142855,0.3870967741935484,0.6428571428571429,0.3577480107869849,0.6566059556553638,0.602108096690906,0.6566059556553638,0.602108096690906,exclude_currently_suppressed22,assembly_length_only_LR,5,317,87,92,14,1,0.15134810004383326
0.8620689655172413,1.0,0.14285714285714285,0.25,0.401174168297456,0.32162168275227887,0.5877484216594443,0.6421831694232571,0.5877484216594443,0.6421831694232571,exclude_currently_suppressed22,retained_family_count_only_LR,5,317,87,92,14,1,0.15248160000192001
0.9047619047619048,0.9090909090909091,0.967741935483871,0.9375,0.9736070381231672,0.9923423783985699,0.8333333333333333,0.8824786324786325,0.8333333333333333,0.8824786324786325,current_assemblies_only401,Random Forest,1,359,42,75,31,664,0.6618587000411935
0.8809523809523809,0.8611111111111112,1.0,0.9253731343283582,0.9765395894428152,0.9919440586525614,0.9038461538461539,0.8999747643813518,0.9038461538461539,0.8999747643813518,current_assemblies_only401,Gradient Boosting,1,359,42,75,31,664,2.6984803000232205
0.8809523809523809,0.8611111111111112,1.0,0.9253731343283582,0.9765395894428153,0.9919440586525614,0.9334935897435898,0.9260151441871355,0.9334935897435898,0.9260151441871355,current_assemblies_only401,Logistic Regression,1,359,42,75,31,664,0.2231747999903746
0.9285714285714286,0.9117647058823529,1.0,0.9538461538461539,0.9882697947214076,0.9961131174634266,0.9166666666666667,0.9166666666666666,0.9166666666666667,0.9166666666666666,current_assemblies_only401,XGBoost,1,359,42,75,31,664,2.316601099970285
0.7619047619047619,0.8387096774193549,0.8387096774193549,0.8387096774193549,0.7683284457478007,0.8789369578189439,0.345753205128205,0.3774926256531932,0.345753205128205,0.3774926256531932,current_assemblies_only401,assembly_length_only_LR,1,359,42,75,31,1,0.14278639998519793
0.9523809523809523,1.0,0.9354838709677419,0.9666666666666667,0.970674486803519,0.9913668320926385,0.8229166666666666,0.8717948717948717,0.8229166666666666,0.8717948717948717,current_assemblies_only401,retained_family_count_only_LR,1,359,42,75,31,1,0.15212159999646246
0.9196428571428571,0.8571428571428571,0.631578947368421,0.7272727272727273,0.9750990379173741,0.8912173054526809,0.8914518642848586,0.9012316564887772,0.8914518642848586,0.9012316564887772,current_assemblies_only401,Random Forest,2,289,112,87,19,561,0.6412956999847665
0.8928571428571429,0.6842105263157895,0.6842105263157895,0.6842105263157895,0.955291454442558,0.8338880443009298,0.8250374655317114,0.8492278819942792,0.8250374655317114,0.8492278819942792,current_assemblies_only401,Gradient Boosting,2,289,112,87,19,561,2.2085595999960788
0.9375,0.7727272727272727,0.8947368421052632,0.8292682926829268,0.9649122807017544,0.8439102050883052,0.8862594413139917,0.8887543140964498,0.8862594413139917,0.8887543140964498,current_assemblies_only401,Logistic Regression,2,289,112,87,19,561,0.20035810000263155
0.9375,0.7727272727272727,0.8947368421052632,0.8292682926829268,0.967741935483871,0.8648548849319655,0.9457313271789956,0.952487055641416,0.9457313271789956,0.952487055641416,current_assemblies_only401,XGBoost,2,289,112,87,19,561,1.9577949999948032
0.8571428571428571,0.5789473684210527,0.5789473684210527,0.5789473684210527,0.9349179400113186,0.6294337172894044,0.7526375734324433,0.7071639967330893,0.7526375734324433,0.7071639967330893,current_assemblies_only401,assembly_length_only_LR,2,289,112,87,19,1,0.15400139999110252
0.9107142857142857,1.0,0.47368421052631576,0.6428571428571429,0.8607809847198642,0.6747814492828341,0.8974329039818583,0.9076593820366863,0.8974329039818583,0.9076593820366863,current_assemblies_only401,retained_family_count_only_LR,2,289,112,87,19,1,0.15951759996823967
0.6428571428571429,0.7333333333333333,0.6470588235294118,0.6875,0.7807486631016042,0.8691760580624176,0.6935090589215717,0.7582514648367985,0.6935090589215717,0.7582514648367985,current_assemblies_only401,Random Forest,3,373,28,89,17,585,0.6592826999840327
0.7142857142857143,0.8,0.7058823529411765,0.75,0.7807486631016043,0.851378590651947,0.6745732892990525,0.751625379922944,0.6745732892990525,0.751625379922944,current_assemblies_only401,Gradient Boosting,3,373,28,89,17,585,2.372342800023034
0.6785714285714286,0.7857142857142857,0.6470588235294118,0.7096774193548387,0.7967914438502673,0.8785146468901706,0.7142813049785488,0.7701628386854142,0.7142813049785488,0.7701628386854142,current_assemblies_only401,Logistic Regression,3,373,28,89,17,585,0.2189593999646604
0.75,0.8125,0.7647058823529411,0.7878787878787878,0.802139037433155,0.8923240641165426,0.6999907404549522,0.7965773177099144,0.6999907404549522,0.7965773177099144,current_assemblies_only401,XGBoost,3,373,28,89,17,585,2.2039134999504313
0.7857142857142857,1.0,0.6470588235294118,0.7857142857142857,0.8021390374331551,0.9015935861524098,0.6889718818482052,0.8127869028918442,0.6889718818482052,0.8127869028918442,current_assemblies_only401,assembly_length_only_LR,3,373,28,89,17,1,0.16669240000192076
0.6428571428571429,0.8888888888888888,0.47058823529411764,0.6153846153846154,0.8101604278074866,0.8896501883353094,0.7263804438408594,0.7989591198926589,0.7263804438408594,0.7989591198926589,current_assemblies_only401,retained_family_count_only_LR,3,373,28,89,17,1,0.180239699955564
0.835820895522388,0.5454545454545454,0.72,0.6206896551724138,0.9368807339449541,0.844014855304404,0.8711253123820283,0.9653042632399252,0.8711253123820283,0.9653042632399252,current_assemblies_only401,Random Forest,4,267,134,81,25,646,0.619021899998188
0.8059701492537313,0.4857142857142857,0.68,0.5666666666666667,0.910091743119266,0.8268590190297508,0.8830242463376706,0.9695005623130362,0.8830242463376706,0.9695005623130362,current_assemblies_only401,Gradient Boosting,4,267,134,81,25,646,2.1623752000159584
0.8208955223880597,0.5142857142857142,0.72,0.6,0.8069724770642203,0.5992352496291455,0.7267779633615807,0.9159565938211753,0.7267779633615807,0.9159565938211753,current_assemblies_only401,Logistic Regression,4,267,134,81,25,646,0.20987929997500032
0.8134328358208955,0.5,0.68,0.576271186440678,0.8880733944954128,0.7584473492544893,0.8405981394971261,0.9557127521845195,0.8405981394971261,0.9557127521845195,current_assemblies_only401,XGBoost,4,267,134,81,25,646,2.1478657000116073
0.8955223880597015,1.0,0.44,0.6111111111111112,0.9603669724770643,0.9049831970855331,0.9918607831334629,0.9980831979891287,0.9918607831334629,0.9980831979891287,current_assemblies_only401,assembly_length_only_LR,4,267,134,81,25,1,0.14265090000117198
0.9104477611940298,1.0,0.52,0.6842105263157895,0.6513761467889908,0.6166164510275464,0.579362981722227,0.8860368706226041,0.579362981722227,0.8860368706226041,current_assemblies_only401,retained_family_count_only_LR,4,267,134,81,25,1,0.1539409999968484
0.8470588235294118,0.6,0.21428571428571427,0.3157894736842105,0.3631790744466801,0.3194007035955918,0.6322421352900555,0.659769610254255,0.6322421352900555,0.659769610254255,current_assemblies_only401,Random Forest,5,316,85,92,14,612,0.6149029000080191
0.6705882352941176,0.29411764705882354,0.7142857142857143,0.4166666666666667,0.7464788732394365,0.7163457909740398,0.8662520267635886,0.8928474086625824,0.8662520267635886,0.8928474086625824,current_assemblies_only401,Gradient Boosting,5,316,85,92,14,612,2.1757376000168733
0.6352941176470588,0.2702702702702703,0.7142857142857143,0.39215686274509803,0.7746478873239437,0.5925200792060151,0.8307378039304336,0.8357235780965703,0.8307378039304336,0.8357235780965703,current_assemblies_only401,Logistic Regression,5,316,85,92,14,612,0.2045708999503404
0.8117647058823529,0.45454545454545453,0.7142857142857143,0.5555555555555556,0.7580482897384305,0.5683332350912124,0.7855149705481603,0.7552135683544445,0.7855149705481603,0.7552135683544445,current_assemblies_only401,XGBoost,5,316,85,92,14,612,1.9906379000167362
0.7764705882352941,0.35294117647058826,0.42857142857142855,0.3870967741935484,0.6428571428571429,0.3601651033333586,0.6549729718296988,0.6011397650258627,0.6549729718296988,0.6011397650258627,current_assemblies_only401,assembly_length_only_LR,5,316,85,92,14,1,0.1448382000089623
0.8588235294117647,1.0,0.14285714285714285,0.25,0.40643863179074435,0.3255208134060781,0.5877484216594444,0.6421831694232573,0.5877484216594444,0.6421831694232573,current_assemblies_only401,retained_family_count_only_LR,5,316,85,92,14,1,0.1560396000277251
