scenario,model,roc_auc_mean_minus_original426,roc_auc_mean_minus_same_rows_original_OOF,genus_balanced_auc_mean_minus_original426,genus_balanced_auc_mean_minus_same_rows_original_OOF,average_precision_mean_minus_original426,average_precision_mean_minus_same_rows_original_OOF,pooled_roc_auc_minus_original426,pooled_roc_auc_minus_same_rows_original_OOF,pooled_genus_balanced_auc_minus_original426,pooled_genus_balanced_auc_minus_same_rows_original_OOF
exclude_currently_suppressed22,Random Forest,-0.04439453698512297,-0.040409124350658465,-0.039269910491752436,-0.020642799618453722,-0.0077140696271169595,-0.007131426915578443,-0.013055119755569944,-0.009307331898189108,-0.015282847324679216,0.0019580916929173853
exclude_currently_suppressed22,Gradient Boosting,0.009604889156633822,0.017385439569080785,-0.010378150954955423,0.007050006286040467,0.04115628049698161,0.04889093548763812,0.010838730078906011,0.020814866404963994,-0.042321352261126655,-0.02237957477362218
exclude_currently_suppressed22,Logistic Regression,-0.019844676443959153,-0.011413238955895189,-0.03818995020946614,-0.0276351866332174,-0.017498338340340536,-0.0024209914062008897,-0.014690530335807916,-0.007059642902367935,-0.047092393589716286,-0.0286204747507115
exclude_currently_suppressed22,XGBoost,-0.016164656484642825,-0.009972111918668314,-0.028937709669935696,-0.02099770513903243,-0.03239123038223046,-0.021704355847488643,-0.010719951098094871,-0.005619222489552933,-0.03042297497823132,-0.008295275542917091
exclude_currently_suppressed22,assembly_length_only_LR,0.007478939325249123,0.0,-0.021503668625605377,0.0,0.007368762362537473,0.0,-0.0020838019079358894,-0.0010763581106748576,-0.020608444739480536,0.000500603239884545
exclude_currently_suppressed22,retained_family_count_only_LR,-0.009869452485150365,0.0,-0.010412468753115967,0.0,-0.010607321977054385,0.0,-0.010805561982453082,-0.0011396732936558296,-0.020226616868504133,-0.004171132955977486
current_assemblies_only401,Random Forest,-0.046904284907610005,-0.044500613284971235,-0.057394458664494885,-0.03876734779119617,-0.021816057427277324,-0.022625306613337504,-0.01539713764264583,-0.012951710905020786,-0.029583012569476375,-0.012350164149446563
current_assemblies_only401,Gradient Boosting,0.006302165729766052,0.012019365888438771,-0.014279823641301093,0.0031181641037951735,0.05429407325417979,0.060040451789758253,0.01585243406003589,0.020866645346977908,-0.04884473879018125,-0.028933563238844218
current_assemblies_only401,Logistic Regression,-0.01446940796851659,-0.00850515242022809,-0.03354552260140531,-0.023097380776036402,-0.01601124335148918,-0.002863327816572836,-0.013142957024337987,-0.007898944675407749,-0.04758104057830015,-0.030836169470173647
current_assemblies_only401,XGBoost,-0.012250753084089627,-0.006914478315961814,-0.033794214070403505,-0.025815420187629723,-0.031182782750363458,-0.021224666313128138,-0.007096337325003588,-0.003917492804605072,-0.031883922644725615,-0.009695348954014582
current_assemblies_only401,assembly_length_only_LR,0.005230649980185631,0.0,-0.02183026539073829,0.0,0.008241044768000472,0.0,-0.0015884410865125709,-0.0014070994563478711,-0.021312630057648607,0.0002182818221108107
current_assemblies_only401,retained_family_count_only_LR,-0.008767683931165338,0.0,-0.010412468753115856,0.0,-0.009699290718089393,0.0,-0.011014877684833113,-0.001119283658458703,-0.01904464655310112,-0.0029399781333494523
