scenario,model,n_genomes,n_positive,n_negative,n_stored_genera,auc_defined_folds,accuracy_mean,accuracy_sd,precision_mean,precision_sd,recall_mean,recall_sd,f1_mean,f1_sd,roc_auc_mean,roc_auc_sd,average_precision_mean,average_precision_sd,genus_balanced_auc_mean,genus_balanced_auc_sd,genus_balanced_average_precision_mean,genus_balanced_average_precision_sd,audit_group_balanced_auc_mean,audit_group_balanced_auc_sd,audit_group_balanced_average_precision_mean,audit_group_balanced_average_precision_sd,pooled_accuracy,pooled_precision,pooled_recall,pooled_f1,pooled_roc_auc,pooled_average_precision,pooled_genus_balanced_auc,pooled_genus_balanced_average_precision,pooled_audit_group_balanced_auc,pooled_audit_group_balanced_average_precision
exclude_currently_suppressed22,Random Forest,404,106,298,70,5,0.8501304837366609,0.12285841218737463,0.8126406926406926,0.09035294221496563,0.696764663080852,0.2965960974869301,0.7207273959103228,0.23116339839322203,0.8084126574292428,0.2706718030527064,0.7973322479628933,0.2739050339383749,0.8024568890151119,0.13416689319439232,0.8472225732566454,0.13218397672307272,0.8024568890151119,0.13416689319439232,0.8472225732566454,0.13218397672307272,0.8960396039603961,0.8333333333333334,0.7547169811320755,0.7920792079207921,0.9080663543117641,0.8472690034485109,0.7670472835975675,0.8294307939545481,0.7670472835975675,0.8294307939545481
exclude_currently_suppressed22,Gradient Boosting,404,106,298,70,5,0.818933029890073,0.12481442823797403,0.7068596327419858,0.2672284636043311,0.7909809818664308,0.15031086626971515,0.7180858272162619,0.19591921993568417,0.8771327880960038,0.07442280597774488,0.8309453079646476,0.09941538991796303,0.8344483090419811,0.08494072840533252,0.877377451295405,0.07168281791403718,0.8344483090419811,0.08494072840533252,0.877377451295405,0.07168281791403718,0.8415841584158416,0.6615384615384615,0.8113207547169812,0.7288135593220338,0.8672280612890972,0.7844235741319954,0.7464304894071065,0.7892294965297155,0.7464304894071065,0.7892294965297155
exclude_currently_suppressed22,Logistic Regression,404,106,298,70,5,0.7821318071687615,0.1304257044364075,0.6305379305379305,0.24712467989959797,0.787216275984078,0.15272188242784582,0.6808680189853668,0.21167453438171846,0.8585974672011577,0.09457878877873874,0.7797377529043882,0.1781616737390612,0.813665593057568,0.09651170684032934,0.8628520808292505,0.05992403692248126,0.813665593057568,0.09651170684032934,0.8628520808292505,0.05992403692248126,0.801980198019802,0.589041095890411,0.8113207547169812,0.6825396825396826,0.8785931366341649,0.7745578735961042,0.7570198171330256,0.8070228146302457,0.7570198171330256,0.8070228146302457
exclude_currently_suppressed22,XGBoost,404,106,298,70,5,0.7917268323863556,0.0794093834460141,0.6375465838509317,0.18518987948190024,0.7202989827509951,0.1573922418895911,0.6643568589683991,0.14775255259724787,0.8769405869739021,0.0986279798710627,0.8148060825396604,0.14840380016941807,0.842556873269648,0.09219593879469437,0.8897885656568306,0.07244449849059395,0.842556873269648,0.09219593879469437,0.8897885656568306,0.07244449849059395,0.8168316831683168,0.625,0.7547169811320755,0.6837606837606838,0.9034918323413955,0.827385636759125,0.784982406755651,0.8416602240265201,0.784982406755651,0.8416602240265201
exclude_currently_suppressed22,assembly_length_only_LR,404,106,298,70,5,0.817486117356852,0.055819680710225396,0.7541196444621991,0.2827097723938876,0.5866574595882496,0.16862509780639753,0.6403158433718705,0.1797496338823873,0.8239701970503598,0.1286112426956841,0.7341502299304671,0.23993192391039872,0.687165879839536,0.23163835596580382,0.6995269639916323,0.2319582471387763,0.687165879839536,0.23163835596580382,0.6995269639916323,0.2319582471387763,0.8391089108910891,0.7303370786516854,0.6132075471698113,0.6666666666666666,0.8820438141066228,0.7225535313081218,0.6549502478635773,0.6292236641444263,0.6549502478635773,0.6292236641444263
exclude_currently_suppressed22,retained_family_count_only_LR,404,106,298,70,5,0.8559153054751446,0.12341886857493822,0.9777777777777779,0.04969039949999535,0.5085226919290636,0.2823081709636479,0.6318237902448429,0.25546306491521337,0.7387843670281359,0.2209402120055082,0.6986791155699164,0.2604030084776785,0.7227682835742111,0.14084203888640107,0.8213266827540157,0.10814398702809142,0.7227682835742111,0.14084203888640107,0.8213266827540157,0.10814398702809142,0.8861386138613861,0.9838709677419355,0.5754716981132075,0.7261904761904762,0.7498575408382929,0.7258564332946819,0.7465211905047855,0.8176456699273312,0.7465211905047855,0.8176456699273312
current_assemblies_only401,Random Forest,401,106,295,70,5,0.8300283247627409,0.1106486731657726,0.729004329004329,0.15748177588398815,0.6361330841334837,0.2716125021337328,0.6577503712258703,0.22488275018532455,0.8059029095067558,0.260069377936546,0.7832302601627329,0.26533393331420735,0.7843323408423695,0.11487929386984772,0.8334071254596775,0.1226819004330152,0.7843323408423695,0.11487929386984772,0.8334071254596775,0.1226819004330152,0.8553615960099751,0.74,0.6981132075471698,0.7184466019417476,0.9057243364246882,0.8354922825395705,0.7527471183527703,0.8128238861001765,0.7527471183527703,0.8128238861001765
current_assemblies_only401,Gradient Boosting,401,106,295,70,5,0.7929307245286175,0.09881276484456916,0.625030714040002,0.23386052477487831,0.7568757187085361,0.136669084191469,0.6685833987954962,0.19148296174565635,0.873830064669136,0.1041424350390045,0.8440831007218458,0.0982770516456889,0.8305466363556354,0.09186896874510214,0.8726351994548388,0.08020312130291443,0.8305466363556354,0.09186896874510214,0.8726351994548388,0.08020312130291443,0.8029925187032418,0.5971223021582733,0.7830188679245284,0.6775510204081633,0.8722417652702271,0.7809857709789925,0.739907102878052,0.7920386575298195,0.739907102878052,0.7920386575298195
current_assemblies_only401,Logistic Regression,401,106,295,70,5,0.7906426899117855,0.12974136793842866,0.6408217308217308,0.2450714609632207,0.7952162759840778,0.14662758216864658,0.6912951418222443,0.207355683543388,0.8639727356766003,0.0982361597163536,0.7812248478932395,0.17785320378066916,0.8183100206656289,0.09648694128051397,0.867322493777349,0.06462955181488811,0.8183100206656289,0.09648694128051397,0.867322493777349,0.06462955181488811,0.8104738154613467,0.6041666666666666,0.8207547169811321,0.696,0.8801407099456349,0.780160865957366,0.7565311701444417,0.8055770535416217,0.7565311701444417,0.8055770535416217
current_assemblies_only401,XGBoost,401,106,295,70,5,0.8482537940549355,0.08156832783640162,0.690307486631016,0.2015986152377072,0.8107456877487837,0.13359484808751085,0.7405639952808205,0.1708922693867679,0.8808544903744553,0.1005199902366531,0.8160145301715274,0.16225291262406186,0.8377003688691802,0.09950127985571192,0.8753314721113922,0.0932111315823257,0.8377003688691802,0.09950127985571192,0.8753314721113922,0.0932111315823257,0.8553615960099751,0.6875,0.8301886792452831,0.7521367521367521,0.9071154461144868,0.8368113181115132,0.7835214590891567,0.8330765657476531,0.7835214590891567,0.8330765657476531
current_assemblies_only401,assembly_length_only_LR,401,106,295,70,5,0.8153509762113801,0.05792351078371463,0.7541196444621991,0.2827097723938876,0.5866574595882496,0.16862509780639753,0.6403158433718705,0.1797496338823873,0.8217219077052963,0.12967531608548427,0.7350225123359301,0.23927546642683134,0.6868392830744031,0.2316933603121345,0.6993332976586236,0.23206029999964725,0.6868392830744031,0.2316933603121345,0.6993332976586236,0.23206029999964725,0.8379052369077307,0.7303370786516854,0.6132075471698113,0.6666666666666666,0.8825391749280461,0.7238197424373487,0.6542460625454092,0.6288950489356899,0.6542460625454092,0.6288950489356899
current_assemblies_only401,retained_family_count_only_LR,401,106,295,70,5,0.855044734311635,0.12316735256228478,0.9777777777777779,0.04969039949999535,0.5085226919290636,0.2823081709636479,0.6318237902448429,0.25546306491521337,0.7398861355821209,0.21899689475890136,0.6995871468288813,0.25917389204556024,0.7227682835742112,0.14084203888640104,0.8213266827540157,0.10814398702809137,0.7227682835742112,0.14084203888640104,0.8213266827540157,0.10814398702809137,0.885286783042394,0.9838709677419355,0.5754716981132075,0.7261904761904762,0.7496482251359129,0.7265795384164004,0.7477031608201885,0.818299593960025,0.7477031608201885,0.818299593960025
