gene_family,direction,effect_size,diaz_rate_present,diaz_rate_absent,n_genomes_with_feature,chi2,p_value,importance
GF_00175,Positive,0.43638443935926774,0.6521739130434783,0.21578947368421053,46,38.10156467979523,6.71562562793935e-10,0.11670813539118945
GF_00982,Positive,0.09478069100710612,0.34545454545454546,0.25067385444743934,55,1.7582760881280544,0.1848396863740007,0.0960101482405645
GF_01328,Positive,0.7818126335062557,0.8850574712643678,0.10324483775811209,87,214.3508955522581,1.5440766605270074e-48,0.08973578131533358
GF_01783,Negative,-0.32451499118165783,0.24691358024691357,0.5714285714285714,405,9.23943682568569,0.002368577893096038,0.08969660352709477
GF_00702,Positive,0.1948685460880583,0.43902439024390244,0.24415584415584415,41,6.290136038809725,0.012141173234492387,0.08966021164266194
GF_01426,Positive,0.7802453987730061,0.86,0.07975460122699386,100,236.39473956559786,2.4034636741081324e-53,0.08867410327400238
GF_00684,Negative,-0.06508805330794856,0.20454545454545456,0.2696335078534031,44,0.5593681132224401,0.45451495142125387,0.08204350191484062
GF_02141,Positive,0.665754106520657,0.7755102040816326,0.10975609756097561,98,169.16127199589167,1.1281208886132893e-38,0.08099634511356033
GF_02180,Positive,0.5246478873239436,0.6126760563380281,0.0880281690140845,142,131.76982626251137,1.6801277803663488e-30,0.07610937015888125
GF_01927,Positive,0.07051282051282054,0.32051282051282054,0.25,78,1.2912094888830687,0.25582517687110284,0.07288409890273727
GF_00426,Positive,0.3181741089816587,0.4697986577181208,0.15162454873646208,149,48.983936941868265,2.58067286731435e-12,0.06613468985698945
GF_01386,Positive,0.7975725766770543,0.8901098901098901,0.09253731343283582,91,230.80534097640165,3.978436720281797e-52,0.06599070620057715
GF_02263,Positive,0.45252887742514303,0.518918918918919,0.06639004149377593,185,108.27414698493837,2.3405772497644906e-25,0.0652972507293425
GF_00856,Positive,0.7335082458770614,0.896551724137931,0.16304347826086957,58,135.34725712435954,2.7719178173926676e-31,0.0639770583663723
GF_02071,Positive,0.7471947968241877,0.822429906542056,0.07523510971786834,107,226.99666193138083,2.693635888586445e-51,0.061093097041088375
GF_02145,Positive,0.24936507936507937,0.33666666666666667,0.0873015873015873,300,27.20021086539712,1.8343866659852347e-07,0.05961501299243678
GF_01673,Positive,0.42340751888403316,0.5779816513761468,0.15457413249211358,109,72.86617376242855,1.3874590589023062e-17,0.057717173230512904
GF_00080,Positive,0.7585241413638627,0.8469387755102041,0.08841463414634146,98,220.13007034519876,8.472507648222338e-50,0.056292572614819104
GF_00315,Positive,0.0014163589458242587,0.2641509433962264,0.26273458445040215,53,0.0,1.0,0.05517471830598282
GF_02075,Positive,0.3470646766169154,0.4266666666666667,0.07960199004975124,225,64.20865613923104,1.1191596444165396e-15,0.054836602956654275
GF_01659,Positive,0.7175878308883235,0.8979591836734694,0.18037135278514588,49,111.55254597591143,4.477784364504383e-26,0.05461064728657065
GF_02059,Positive,0.7036862745098039,0.8823529411764706,0.17866666666666667,51,111.11288136273618,5.589563780651543e-26,0.052715337421943724
GF_01834,Positive,0.6832136566860859,0.7520661157024794,0.06885245901639345,121,205.15942769498056,1.5631439542229755e-46,0.05169843114625855
GF_00608,Positive,0.3486169003410382,0.5714285714285714,0.22281167108753316,49,25.42624512623913,4.5962242317885247e-07,0.0504201185119804
GF_01480,Positive,0.6536585365853658,0.8536585365853658,0.2,41,78.35919718029147,8.590844357606726e-19,0.0494884868299638
GF_01462,Positive,0.7242035003298537,0.863013698630137,0.1388101983002833,73,159.99633134862617,1.1335740431476794e-36,0.04877584765947037
GF_00971,Positive,0.21025280138580632,0.4489795918367347,0.23872679045092837,49,8.836764214003988,0.0029522211117603736,0.04873410180976802
GF_02260,Positive,0.03943661971830986,0.29577464788732394,0.2563380281690141,71,0.2931414922656955,0.5882143856895231,0.04641022217650938
GF_00819,Positive,0.1410826210826211,0.28774928774928776,0.14666666666666667,351,5.639982676559109,0.017555380564597444,0.04621190569029892
GF_00957,Positive,0.5164494766075625,0.6290322580645161,0.11258278145695365,124,118.33876046820107,1.4616580196781355e-27,0.044951951442414324
GF_01239,Positive,0.27659411989308896,0.45185185185185184,0.17525773195876287,135,34.992826616824416,3.309222075369883e-09,0.0448263620885409
GF_00931,Negative,-0.5259792166266987,0.2517985611510791,0.7777777777777778,417,10.009262426273722,0.001557548876405694,0.04427318359973449
GF_01332,Positive,0.14212947748931973,0.38235294117647056,0.24022346368715083,68,5.246075859021152,0.021996322791445637,0.04400817938385443
GF_01691,Negative,-0.11551762856501238,0.16393442622950818,0.27945205479452057,61,3.0275763959314625,0.0818602089695321,0.043768193305417605
GF_01337,Positive,0.7506898086337339,0.8285714285714286,0.0778816199376947,105,226.22171990618978,3.975132269192559e-51,0.043339548333347
GF_00661,Positive,0.5853535353535353,0.7575757575757576,0.17222222222222222,66,95.61798012397635,1.3933517886984292e-22,0.043268013421662574
GF_01331,Negative,-0.14306808859721082,0.17391304347826086,0.3169811320754717,161,9.85299412562713,0.001695555721626862,0.0430261623026304
GF_01619,Positive,0.1837797619047619,0.42857142857142855,0.24479166666666666,42,5.684111576930732,0.01711920506654392,0.041096261231101015
GF_00866,Positive,0.16658565039860002,0.3716216216216216,0.20503597122302158,148,12.984414695851957,0.000314094510352419,0.04047739895907171
GF_01799,Positive,0.2660332541567696,0.2660332541567696,0.0,421,0.692897154398622,0.40518069582834504,0.04039913549965962
GF_01425,Positive,0.43468559837728193,0.5588235294117647,0.12413793103448276,136,88.04206931186982,6.407704786700725e-21,0.04022396761762974
GF_01734,Negative,-0.11121846484165326,0.1728395061728395,0.28405797101449276,81,3.6329126061021655,0.056647598422559564,0.0400386075329489
GF_01580,Positive,0.4843244699964067,0.5380434782608695,0.05371900826446281,184,124.03565360092202,8.274340340062571e-29,0.03983946322367365
GF_01232,Negative,-0.09977116704805494,0.17391304347826086,0.2736842105263158,46,1.6243173434399492,0.20249084496324707,0.03959390368670838
GF_00455,Positive,0.515121640960407,0.6631578947368421,0.14803625377643503,95,98.43184158693248,3.364062979998052e-23,0.03894100064600918
GF_00437,Positive,0.7448556511056511,0.8783783783783784,0.13352272727272727,74,171.23487885780756,3.976144889782687e-39,0.038673651614221996
GF_00300,Positive,0.6904325347921488,0.7864077669902912,0.09597523219814241,103,188.56114224418096,6.552525751409949e-43,0.038595101687980526
GF_00828,Negative,-0.019713609375606345,0.2465753424657534,0.26628895184135976,73,0.04090801389654601,0.8397155826301903,0.0382724330369619
GF_01930,Positive,0.4668481431071359,0.5675675675675675,0.10071942446043165,148,106.22677894944576,6.576195971797453e-25,0.0382251766871967
GF_00107,Negative,-0.03702350505419558,0.2318840579710145,0.2689075630252101,69,0.2402696816749407,0.6240114042911619,0.03776298836467777
GF_01584,Positive,0.37425037481259366,0.5862068965517241,0.21195652173913043,58,34.3073293303516,4.706061167457893e-09,0.037482735659570034
GF_01928,Negative,-0.07689296061389081,0.20930232558139536,0.28619528619528617,129,2.3615385102479607,0.12435948787150064,0.03745128039500067
GF_02152,Positive,0.2730078563411896,0.43209876543209874,0.1590909090909091,162,37.216846546389746,1.0569672478926193e-09,0.0373868803940244
GF_00302,Positive,0.5855962219598583,0.7619047619047619,0.1763085399449036,63,91.99827194788007,8.675220250937917e-22,0.03735706796115612
GF_00888,Negative,-0.15196553998991036,0.136986301369863,0.28895184135977336,73,6.445725209127742,0.011121963157706074,0.03689698231087165
GF_00082,Positive,0.019361702127659586,0.28,0.26063829787234044,50,0.014691223767254576,0.9035267958101527,0.03685948018801477
GF_00083,Positive,0.05389326334208222,0.3111111111111111,0.2572178477690289,45,0.3571606793577554,0.5500873656783548,0.036800028971263846
GF_01391,Negative,-0.0197296309828279,0.2463768115942029,0.2661064425770308,69,0.03664965709352138,0.8481800994245674,0.03606708137005406
GF_01550,Positive,0.7962567388871936,0.896551724137931,0.10029498525073746,87,222.41960741976158,2.6829855051167813e-50,0.03579812791926052
GF_01733,Negative,-0.11121846484165326,0.1728395061728395,0.28405797101449276,81,3.6329126061021655,0.056647598422559564,0.035777809908944226
GF_01539,Negative,-0.03974297953355546,0.22727272727272727,0.2670157068062827,44,0.14919995160781818,0.6993010884908866,0.035752682121501955
GF_00622,Positive,0.6647887323943662,0.8169014084507042,0.15211267605633802,71,131.52362374886258,1.9019743922762177e-30,0.03544653454809635
GF_01379,Positive,0.316839378238342,0.55,0.23316062176165803,40,17.175948242661722,3.407230855230933e-05,0.03530537905537928
GF_00081,Positive,0.3761396929567561,0.4968944099378882,0.12075471698113208,161,71.19120005460789,3.2423100457468723e-17,0.03529434931372563
GF_00011,Negative,-0.14467766116941527,0.13793103448275862,0.2826086956521739,58,4.690960912251734,0.030321686050592645,0.03515390893705285
GF_01638,Positive,0.5338481338481339,0.6576576576576577,0.12380952380952381,111,117.96749550310741,1.7625286103706918e-27,0.035035971383132726
GF_01904,Positive,0.3678447944679216,0.39416058394160586,0.02631578947368421,274,66.37801119387382,3.7223143834386356e-16,0.034515503178523615
GF_00402,Positive,0.653225806451613,0.8333333333333334,0.18010752688172044,54,100.48712715065992,1.1916895532395905e-23,0.034462877308809
GF_00044,Positive,0.11232746311280345,0.36363636363636365,0.2513089005235602,44,2.021973743411105,0.1550375058763578,0.03445100870369258
GF_01399,Positive,0.2974294813466788,0.48214285714285715,0.18471337579617833,112,36.16660392296879,1.8114844199907567e-09,0.034444615432163275
GF_00776,Positive,0.12370466321243523,0.375,0.25129533678756477,40,2.259322966268204,0.13281211331269488,0.034328283908408
GF_00406,Positive,0.7725234536492288,0.8631578947368421,0.09063444108761329,95,223.35065105118042,1.680914628881194e-50,0.03415645520787726
GF_02088,Negative,-0.1372275183678426,0.13953488372093023,0.27676240208877284,43,3.0819840310173294,0.07916390221354806,0.033674123112060944
GF_00435,Positive,0.4331201585299945,0.510989010989011,0.0778688524590164,182,98.68869477592304,2.954841567254574e-23,0.03365186845550864
GF_01327,Negative,-0.1138888888888889,0.16666666666666666,0.28055555555555556,66,3.168546237798825,0.07506923837214277,0.03357931311537304
GF_01618,Negative,-0.06709118005690284,0.21487603305785125,0.2819672131147541,121,1.6809152859584997,0.19480287693308646,0.0335570462514007
GF_00363,Positive,0.6904325347921488,0.7864077669902912,0.09597523219814241,103,188.56114224418096,6.552525751409949e-43,0.03353359424513368
GF_00349,Positive,0.382381485628966,0.3894736842105263,0.0070921985815602835,285,69.21419977899076,8.832980294575708e-17,0.03349729152038687
GF_00458,Negative,-0.15081967213114753,0.13333333333333333,0.28415300546448086,60,5.297521708445831,0.021355788709884974,0.03343553236915857
GF_02222,Positive,0.7610521662245799,0.8846153846153846,0.1235632183908046,78,186.53585044533492,1.8134928262366172e-42,0.0332834643717478
GF_02262,Positive,0.07412541494911176,0.276657060518732,0.20253164556962025,347,1.4620787342714836,0.22659966182239366,0.033180148633933725
GF_00736,Positive,0.7007802462946136,0.8041237113402062,0.1033434650455927,97,186.24343385331883,2.1006340825759905e-42,0.03281821493008411
GF_00595,Negative,-0.0750079189103579,0.1951219512195122,0.2701298701298701,41,0.723528765171666,0.3949888439686303,0.032244324887827656
GF_00536,Positive,0.3648392660239193,0.5309734513274337,0.16613418530351437,113,55.16083548775035,1.1105973875921154e-13,0.032115218144095355
GF_01592,Negative,-0.06930808335597038,0.2054794520547945,0.2747875354107649,73,1.1631127275682451,0.2808209223397516,0.03198542234251652
GF_00344,Positive,0.3047838310495207,0.4052863436123348,0.10050251256281408,227,49.269940588781246,2.2305438706233217e-12,0.03194546593157321
GF_01234,Positive,0.12060868895788959,0.3458646616541353,0.22525597269624573,133,6.258277351522106,0.012361434567985925,0.03187036370951248
GF_01512,Positive,0.03259685974217569,0.2891566265060241,0.2565597667638484,83,0.21752130472137504,0.6409350847916843,0.03186438250616563
GF_00682,Negative,-0.18734643734643736,0.10810810810810811,0.29545454545454547,74,10.12892013779628,0.001459608948152105,0.0318516231959879
GF_01583,Positive,0.471830985915493,0.5774647887323944,0.1056338028169014,142,106.3319281733394,6.236356155364358e-25,0.03184966219653902
GF_01476,Negative,-0.17291713451605656,0.11475409836065574,0.2876712328767123,61,7.196574588968556,0.007304287093998325,0.031421603709696176
GF_01537,Positive,0.7252895752895754,0.8928571428571429,0.16756756756756758,56,128.31442700245663,9.579822185021848e-30,0.031232714973208883
GF_02069,Positive,0.5769850402761796,0.6909090909090909,0.11392405063291139,110,137.21349463557988,1.082930193213295e-31,0.03096436951893525
GF_01054,Positive,0.09687647574714969,0.3045267489711934,0.20765027322404372,243,4.56785571334099,0.03257731805195496,0.0309010630741653
GF_00611,Positive,0.3143763907635063,0.5189873417721519,0.20461095100864554,79,31.216254862724448,2.308251818258799e-08,0.03074489505226145
GF_00012,Negative,-0.12898321191004117,0.14634146341463414,0.2753246753246753,41,2.5502965268048254,0.11027355699351918,0.029663953052357372
GF_01456,Positive,0.24126283552513061,0.4010989010989011,0.1598360655737705,182,30.07890562006181,4.148189813962557e-08,0.029617135135166915
GF_00603,Positive,0.5033553230209281,0.6339285714285714,0.1305732484076433,112,105.3523465194313,1.0223928490421288e-24,0.029556184244928226
GF_00796,Positive,0.49067735543145374,0.5439560439560439,0.05327868852459016,182,126.99389313798848,1.863460402701588e-29,0.029485202202598374
GF_00477,Positive,0.6044811320754716,0.7169811320754716,0.1125,106,147.03237977418632,7.720631967916212e-34,0.029146129901929073
GF_00330,Positive,0.4933761819989365,0.562874251497006,0.0694980694980695,167,125.00326532363584,5.08110102804229e-29,0.02896203971216675
GF_02142,Positive,0.045388954479863575,0.30158730158730157,0.256198347107438,63,0.3605144287014171,0.5482206737144726,0.028929350898204337
GF_00523,Positive,0.14084507042253522,0.38028169014084506,0.23943661971830985,71,5.351649226569606,0.02070267940667577,0.028822985163288902
GF_01027,Positive,0.7767045454545455,0.8645833333333334,0.08787878787878788,96,227.51350809943443,2.0778661391272637e-51,0.02864012422729215
GF_01248,Positive,0.4918440494477361,0.5850340136054422,0.0931899641577061,147,117.65704769462454,2.0611611176638434e-27,0.028550485858815592
GF_02264,Positive,0.3378191934498903,0.4048582995951417,0.0670391061452514,247,59.38880248995026,1.2940330769110239e-14,0.028499577049287652
GF_00326,Positive,0.3662320091441368,0.40304182509505704,0.03680981595092025,263,67.7724478671835,1.8349577178091877e-16,0.0284708415378884
GF_00235,Positive,0.7453580901856764,0.8717948717948718,0.12643678160919541,78,178.84336837216978,8.668906722838691e-41,0.02835198142567903
GF_00396,Positive,0.35866737273501714,0.47928994082840237,0.12062256809338522,169,65.84263905230122,4.884010244483299e-16,0.02821784965198045
GF_01543,Positive,0.7807790930485792,0.891566265060241,0.11078717201166181,83,206.2182492807575,9.182725344581792e-47,0.028215913784588077
GF_01630,Negative,-0.1896174863387978,0.1,0.2896174863387978,60,8.610802970099495,0.0033417494466905164,0.028123594952432926
GF_00348,Negative,-0.12003499562554681,0.15555555555555556,0.2755905511811024,45,2.4050116247411752,0.12094722586057131,0.028069003935743273
GF_00723,Positive,0.5519079685746353,0.6049382716049383,0.05303030303030303,162,154.96747785952107,1.4233144914185622e-35,0.027974517523950228
GF_00440,Negative,-0.015027322404371601,0.25,0.2650273224043716,60,0.0075509451587881865,0.9307540402528196,0.027812788664505497
GF_02261,Positive,0.7159910796274432,0.873015873015873,0.15702479338842976,63,138.34109675480448,6.137513890576985e-32,0.02776256004380648
GF_00618,Positive,0.36838491118842703,0.48255813953488375,0.1141732283464567,172,69.92870027488533,6.148727682500232e-17,0.027589054042064142
GF_02130,Positive,0.4448986846782794,0.46551724137931033,0.020618556701030927,232,105.62944781533326,8.889676515364133e-25,0.027447261458673426
GF_00604,Positive,0.6726579520697168,0.7745098039215687,0.10185185185185185,102,177.67774398108503,1.5576893612464957e-40,0.027379419956709273
GF_00594,Positive,0.017973161697735107,0.27906976744186046,0.26109660574412535,43,0.005066999758169157,0.9432522214276167,0.027166476329865824
GF_00141,Positive,0.013176470588235345,0.27450980392156865,0.2613333333333333,51,0.0009633624150296998,0.9752391707800203,0.0271615461829866
GF_00393,Positive,0.4163568773234201,0.4163568773234201,0.0,269,86.54851816395447,1.3635079878417025e-20,0.026994095410286183
GF_00857,Positive,0.4418681976370447,0.4672489082969432,0.025380710659898477,229,104.42827064333468,1.6298834206275008e-24,0.026986265196554948
GF_01481,Negative,-0.15959821428571427,0.11904761904761904,0.2786458333333333,42,4.186714897319399,0.040741973650855884,0.026873985988167773
GF_01807,Positive,0.6678291194420226,0.7849462365591398,0.11711711711711711,93,163.88077092950476,1.6062310105900026e-37,0.026853220223509323
GF_00343,Positive,0.4357976653696498,0.4357976653696498,0.0,257,97.68362400717517,4.9086518875725493e-23,0.026744086866850373
GF_00317,Negative,-0.0022883295194507935,0.2608695652173913,0.2631578947368421,46,0.0,1.0,0.02656464226554748
GF_02226,Positive,0.32464970408214877,0.5471698113207547,0.2225201072386059,53,23.59178483331892,1.190948872211791e-06,0.026554286254851574
GF_02143,Positive,0.5919221698113207,0.7075471698113207,0.115625,106,140.92343597933424,1.672184577867215e-32,0.026497260794989215
GF_00077,Negative,-0.035424710424710404,0.23214285714285715,0.26756756756756755,56,0.15868929249914812,0.6903661310050732,0.02636509475684743
GF_00605,Positive,0.7329043443470142,0.8426966292134831,0.10979228486646884,89,191.38988415806273,1.5810842898529227e-43,0.0263614255441948
GF_01678,Negative,-0.03557474044580064,0.23376623376623376,0.2693409742120344,77,0.2488418398752027,0.6178917566965862,0.026277581480957952
GF_01805,Negative,-0.019968620738838982,0.24561403508771928,0.26558265582655827,57,0.024677513458961936,0.8751733031130355,0.026197922943138222
GF_00434,Positive,0.07201086956521738,0.3115942028985507,0.23958333333333334,138,2.1387216747809275,0.14362152497410977,0.026184496795903428
GF_00811,Positive,0.25029868578255676,0.48148148148148145,0.23118279569892472,54,13.98034251262144,0.00018473196089374098,0.02608030063330719
GF_02110,Positive,0.7141608391608392,0.8295454545454546,0.11538461538461539,88,180.094229656077,4.62217292897789e-41,0.026076303755358514
GF_00530,Negative,-0.1465411379451494,0.14285714285714285,0.28939828080229224,77,6.254582572232472,0.01238724342993749,0.026069550384772964
GF_01394,Positive,0.5114734299516909,0.6086956521739131,0.09722222222222222,138,123.31912313905676,1.1873109726346271e-28,0.025861505075179
GF_00681,Negative,-0.025957446808510642,0.24,0.26595744680851063,50,0.0487269767728883,0.8252934216177441,0.025811840209709575
GF_00959,Negative,-0.1465411379451494,0.14285714285714285,0.28939828080229224,77,6.254582572232472,0.01238724342993749,0.025800260423124444
GF_00525,Negative,-0.035424710424710404,0.23214285714285715,0.26756756756756755,56,0.15868929249914812,0.6903661310050732,0.025714158149579173
GF_01504,Positive,0.7132936507936508,0.8958333333333334,0.18253968253968253,48,108.17264875197694,2.4635597131811013e-25,0.025691505212159477
GF_01553,Negative,-0.09615528182157518,0.19858156028368795,0.29473684210526313,141,4.018108147282419,0.04501418071299214,0.02553829130087501
GF_00528,Negative,-0.035424710424710404,0.23214285714285715,0.26756756756756755,56,0.15868929249914812,0.6903661310050732,0.02550614627460417
GF_00311,Positive,0.34178321678321677,0.5340909090909091,0.19230769230769232,88,40.34322051394526,2.1304342218521646e-10,0.02543434415887781
GF_00430,Positive,0.20877992257656755,0.4094488188976378,0.20066889632107024,127,18.987110587255298,1.3160447213312612e-05,0.025341715458989666
GF_01620,Positive,0.5259856630824373,0.7222222222222222,0.19623655913978494,54,64.63349738459694,9.020866462793407e-16,0.025302988989929758
GF_00524,Positive,0.5319425696404467,0.6137931034482759,0.08185053380782918,145,136.92650255266142,1.2513196147785026e-31,0.025283507945733877
GF_00394,Positive,0.6588463492356718,0.8305084745762712,0.17166212534059946,59,110.47956230188647,7.693450755641979e-26,0.0252306981450558
GF_01737,Negative,-0.1817788123206842,0.10204081632653061,0.2838196286472148,49,6.485833531755542,0.010873753871986264,0.025219626522930094
GF_02216,Positive,0.29848484848484846,0.5151515151515151,0.21666666666666667,66,24.124932725514928,9.028375727419295e-07,0.025115780143573574
GF_00771,Positive,0.4855769230769231,0.5,0.014423076923076924,218,127.01478628588421,1.8439455753791148e-29,0.025085267833739225
GF_00401,Positive,0.04944586530264283,0.30434782608695654,0.2549019607843137,69,0.4966800829996913,0.480962508411077,0.025037016642024398
GF_00180,Negative,-0.060170940170940185,0.21333333333333335,0.27350427350427353,75,0.8649051002076475,0.3523696647691025,0.024821613577464936
GF_00616,Positive,0.6663359788359788,0.8541666666666666,0.18783068783068782,48,94.17646918938755,2.8861132176519044e-22,0.02482133590725732
GF_01382,Positive,0.04079303950934243,0.2982456140350877,0.25745257452574527,57,0.23959631582451563,0.6244978288566917,0.024793245013935827
GF_00114,Negative,-0.05598455598455601,0.21428571428571427,0.2702702702702703,56,0.5242906772258742,0.4690171179663618,0.024559088183887762
GF_02132,Negative,-0.17344729344729343,0.12,0.2934472934472934,75,8.7190844240685,0.0031489614200643683,0.02455336658957192
GF_01246,Positive,0.03214898309237929,0.2909090909090909,0.2587601078167116,55,0.11650183923412578,0.7328599399415985,0.024523791965059098
GF_02215,Positive,0.7210977701543739,0.8909090909090909,0.16981132075471697,55,124.8306506979123,5.542887435536943e-29,0.024343281088633126
GF_02109,Positive,0.6592261904761905,0.8571428571428571,0.19791666666666666,42,81.53301261724334,1.7235829775882984e-19,0.024299562924051624
GF_00309,Positive,0.3096496932341881,0.3450479233226837,0.035398230088495575,313,39.49724756300602,3.285221418760437e-10,0.02418650770890518
GF_01745,Positive,0.6495705521472392,0.76,0.11042944785276074,100,163.28684470021545,2.1654915425893693e-37,0.024094583806710923
GF_00968,Positive,0.42863636363636365,0.44,0.011363636363636364,250,95.72540082538879,1.319762261733682e-22,0.023845664197363576
GF_01763,Positive,0.41280620907106474,0.46543778801843316,0.05263157894736842,217,91.5001527861605,1.1158356577141378e-21,0.023805880083590445
GF_01870,Negative,-0.5434679334916865,0.25653206650831356,0.8,421,4.987801829129913,0.025526616095828066,0.023772792719201605
GF_01809,Positive,0.4708989627353054,0.5657894736842105,0.0948905109489051,152,109.45269606306829,1.291501106418182e-25,0.023744595780671323
GF_01806,Positive,0.06737451737451738,0.32142857142857145,0.25405405405405407,56,0.818166449690136,0.36571679878630525,0.02372608998915081
GF_00601,Positive,0.44529000411353353,0.6538461538461539,0.20855614973262032,52,44.44183379904566,2.6202767470253288e-11,0.0236285934122929
GF_01637,Positive,0.7454285259977739,0.8421052631578947,0.09667673716012085,95,207.8244161835063,4.097585676114887e-47,0.0236230192103684
GF_02172,Positive,0.31174089068825905,0.49122807017543857,0.1794871794871795,114,40.2773616225691,2.2034755495112822e-10,0.023496490149377353
GF_00761,Positive,0.5338672768878718,0.7391304347826086,0.20526315789473684,46,57.62552983013994,3.170832246045431e-14,0.023440305348022862
GF_00488,Positive,0.2822746014596609,0.40669856459330145,0.12442396313364056,209,42.329035757305846,7.713878341589298e-11,0.02335403091430055
GF_00432,Positive,0.4357865059303908,0.5472972972972973,0.11151079136690648,148,92.41357845359965,7.032988984584265e-22,0.02316430814818585
GF_01736,Negative,-0.0753968253968254,0.20238095238095238,0.2777777777777778,84,1.6082776357693596,0.20473408251103548,0.023062334632497107
GF_00079,Positive,0.013575605680868852,0.27380952380952384,0.260233918128655,84,0.013210007645364567,0.9084968035388051,0.02284915022600345
GF_00441,Negative,-0.13543404866312236,0.1506849315068493,0.28611898016997167,73,5.047975583605176,0.024654727823543894,0.022755905058047612
GF_01897,Positive,0.43661526572763354,0.6144578313253012,0.17784256559766765,83,63.5066002163137,1.5983040367421441e-15,0.022673164122079474
GF_01266,Positive,0.6409529211571185,0.7804878048780488,0.13953488372093023,82,137.08593806248925,1.154777027829565e-31,0.022659949546138425
GF_01841,Positive,0.579124579124579,0.6666666666666666,0.08754208754208755,129,152.67697133693838,4.506826280734972e-35,0.02263664218557606
GF_01235,Positive,0.36348923774073477,0.40540540540540543,0.041916167664670656,259,67.36173818893037,2.259924969070515e-16,0.02262777380812109
GF_01625,Negative,-0.16745947443772224,0.11864406779661017,0.28610354223433243,59,6.516530451222811,0.010687630529447285,0.02259009285299838
GF_00164,Positive,0.5386197032004291,0.5638297872340425,0.025210084033613446,188,154.47220331375198,1.826142970827198e-35,0.0225239168157459
GF_00873,Negative,-0.07725129126431618,0.19672131147540983,0.273972602739726,61,1.2355653870053558,0.26632742668923304,0.02236949648845923
GF_00358,Positive,0.5507936507936508,0.6507936507936508,0.1,126,136.0816826579358,1.9148884420315395e-31,0.022354225882831577
GF_01244,Negative,-0.09262295081967212,0.18333333333333332,0.27595628415300544,60,1.8291506856083772,0.17622789520552554,0.02231053373712197
GF_01377,Positive,0.46285332314744076,0.5584415584415584,0.09558823529411764,154,106.32687470571248,6.252279593035584e-25,0.022297768417256756
GF_01816,Positive,0.37814456459874785,0.4857142857142857,0.10756972111553785,175,74.14450182760443,7.260301646291518e-18,0.022294590611918737
GF_00076,Negative,-0.1738351254480287,0.1111111111111111,0.2849462365591398,54,6.48347830566889,0.010888170845269215,0.02220293675685767
GF_01627,Negative,-0.025388291517323774,0.24074074074074073,0.2661290322580645,54,0.05319099658046924,0.8176009122236357,0.02217222925579752
GF_00612,Positive,0.22535211267605632,0.3755868544600939,0.15023474178403756,213,26.758246132848043,2.305657205463281e-07,0.022131108124128725
GF_01866,Positive,0.6846040092014459,0.8382352941176471,0.15363128491620112,68,134.69770134339632,3.844672073182343e-31,0.022080070455804453
GF_00814,Positive,0.17915730719488118,0.3373493975903614,0.15819209039548024,249,16.223740131792262,5.6284347813566114e-05,0.02207589270815084
GF_01381,Positive,0.44880952380952377,0.49047619047619045,0.041666666666666664,210,108.37358146881367,2.2260517128261607e-25,0.022018229642093427
GF_02266,Positive,0.4683262497470148,0.5300546448087432,0.06172839506172839,183,115.74093103212999,5.4162441331378666e-27,0.02189383092168505
GF_00318,Positive,0.03240740740740744,0.2916666666666667,0.25925925925925924,48,0.09388396580766105,0.7592963741997094,0.021881151327427392
GF_00123,Negative,-0.05135996079392305,0.21818181818181817,0.2695417789757412,55,0.41390271981010573,0.5199952560741321,0.021880527023820047
GF_00329,Negative,-0.1378057426444523,0.14516129032258066,0.28296703296703296,62,4.504699710594594,0.03380183083948045,0.0217737580404853
GF_00810,Positive,0.5193032015065913,0.6944444444444444,0.1751412429378531,72,80.60245151360635,2.760168391705895e-19,0.0214095271583289
GF_00687,Negative,-0.16972878390201224,0.1111111111111111,0.28083989501312334,45,5.139091281981472,0.02339288980274857,0.02126717378380865
GF_01458,Positive,0.6864265572930017,0.7978723404255319,0.11144578313253012,94,174.59683841106104,7.332420621790313e-40,0.021208667380637883
GF_00296,Positive,0.33750907770515615,0.5196078431372549,0.18209876543209877,102,43.876379326943095,3.497848372103352e-11,0.021156832348089172
GF_00429,Negative,-0.12422871246400657,0.15384615384615385,0.27807486631016043,52,3.022845682441387,0.08209928874803588,0.021110823307878
GF_01446,Positive,0.41521164021164025,0.4675925925925926,0.05238095238095238,216,92.59656637933834,6.411857884228794e-22,0.02109505958496234
GF_00683,Negative,-0.16803784450843276,0.11538461538461539,0.28342245989304815,52,5.813121653192255,0.01590703345372746,0.02106452750932176
GF_02072,Positive,0.03294266708900856,0.2926829268292683,0.2597402597402597,41,0.07232594105333205,0.7879798360316846,0.021033542751823297
GF_00049,Positive,0.440530303030303,0.6041666666666666,0.16363636363636364,96,72.21706737853114,1.927812015049092e-17,0.02103306804658799
GF_00895,Positive,0.3637706128476495,0.4225941422594142,0.058823529411764705,239,69.77532431114773,6.645910021636549e-17,0.02103298728246119
GF_00290,Positive,0.4031424830377336,0.4095940959409594,0.0064516129032258064,271,80.62791570076097,2.7248281294456088e-19,0.020958737943534398
GF_00043,Positive,0.40115848007414273,0.41923076923076924,0.018072289156626505,260,82.07738406160163,1.308614641258614e-19,0.02084707337505805
GF_00125,Positive,0.051711309523809534,0.30952380952380953,0.2578125,42,0.2896440516642562,0.5904487206434001,0.02084101776747317
GF_02228,Negative,-0.07654440154440154,0.19642857142857142,0.27297297297297296,56,1.1020803315623895,0.2938100114042952,0.020822948577575613
GF_00636,Positive,0.35208667736757626,0.5571428571428572,0.2050561797752809,70,35.62565718260217,2.391173061115529e-09,0.02076109883617145
GF_00669,Positive,0.43869696859154417,0.620253164556962,0.18155619596541786,79,61.66315905166371,4.075344423255468e-15,0.02070801277920302
GF_01383,Positive,0.488232074438971,0.5517241379310345,0.06349206349206349,174,124.10205730999297,8.002019022858222e-29,0.02062799272917075
GF_01287,Positive,0.7506898086337339,0.8285714285714286,0.0778816199376947,105,226.22171990618978,3.975132269192559e-51,0.02047394474401366
GF_00352,Positive,0.40609398804640806,0.515527950310559,0.10943396226415095,161,83.14621406807186,7.620316939107064e-20,0.020426833472419626
GF_01012,Positive,0.6592261904761905,0.8571428571428571,0.19791666666666666,42,81.53301261724334,1.7235829775882984e-19,0.020397284911926328
GF_00756,Positive,0.6622162883845126,0.7619047619047619,0.09968847352024922,105,175.64153316038005,4.336244430112866e-40,0.02038377792897225
GF_01290,Negative,-0.044883808095951994,0.22413793103448276,0.26902173913043476,58,0.3149913745569777,0.5746333082667716,0.020342302952466272
GF_00632,Negative,-0.10428786899375134,0.19607843137254902,0.30036630036630035,153,4.977803137423518,0.02567456620314935,0.02030379199258885
GF_01292,Negative,-0.2970138682629258,0.1422924901185771,0.4393063583815029,253,45.25146401128257,1.7329094931077745e-11,0.020286254594506874
GF_00600,Positive,0.6228518955791682,0.7936507936507936,0.17079889807162535,63,104.27783434924741,1.7584526512717054e-24,0.020263064294977207
GF_02093,Positive,0.6922350922350922,0.7747747747747747,0.08253968253968254,111,199.39997395842482,2.823397135968651e-45,0.020245476879548002
GF_00418,Positive,0.5927461139896374,0.8,0.20725388601036268,40,62.68916813285864,2.4204319054946038e-15,0.020205294037744015
GF_00546,Positive,0.08196721311475408,0.3333333333333333,0.25136612021857924,60,1.3892597266143585,0.23853015384862156,0.020107102843352622
GF_01514,Positive,0.7305033676001418,0.8870967741935484,0.1565934065934066,62,142.13600482861784,9.081199171682127e-33,0.020043939931067376
GF_00887,Positive,0.7729468599033816,0.8888888888888888,0.11594202898550725,81,198.27024957910788,4.9809268617520337e-45,0.0200407295278024
GF_01385,Negative,-0.03137254901960784,0.23529411764705882,0.26666666666666666,51,0.09485984584916775,0.7580874638744597,0.02002682631848344
GF_01808,Negative,-0.07528089887640449,0.2,0.2752808988764045,70,1.344306779419346,0.24627588468278344,0.01990543583692668
GF_00580,Positive,0.6768860353130016,0.8285714285714286,0.15168539325842698,70,134.8351629787659,3.5874971897850026e-31,0.01963703330442903
GF_01547,Positive,0.02928000738927633,0.288135593220339,0.25885558583106266,59,0.09915349891520447,0.7528478428429595,0.019619979278779846
GF_00588,Positive,0.6707441386340469,0.7777777777777778,0.10703363914373089,99,172.98016199236395,1.6531095176355547e-39,0.019605310932688243
GF_01026,Positive,0.6982758620689655,0.8333333333333334,0.13505747126436782,78,156.73774817971122,5.840576528768337e-36,0.019572220173224224
GF_00548,Negative,-0.06637806637806637,0.20634920634920634,0.2727272727272727,63,0.9020607308565367,0.3422297538228748,0.0195221671848085
GF_00323,Positive,0.40609398804640806,0.515527950310559,0.10943396226415095,161,83.14621406807186,7.620316939107064e-20,0.019522161787172955
GF_01902,Positive,0.13154761904761902,0.36666666666666664,0.23511904761904762,90,5.6781923806544885,0.01717705573141656,0.019451497561728485
GF_00843,Positive,0.19267734553775742,0.43478260869565216,0.24210526315789474,46,6.897937058054647,0.008629527021728197,0.019309448871247376
GF_00350,Positive,0.2118514150943396,0.315625,0.10377358490566038,320,17.363825599722407,3.0864479372985034e-05,0.0191541020191516
GF_01005,Positive,0.11960531960531962,0.35135135135135137,0.23174603174603176,111,5.45746040626614,0.019484946377192735,0.019153784753176775
GF_00312,Negative,-0.015193370165745845,0.25,0.26519337016574585,64,0.0101018981226342,0.9199408737169477,0.019130638473350062
GF_00036,Positive,0.6454755190976673,0.7659574468085106,0.12048192771084337,94,154.18927605216425,2.1055460139667572e-35,0.01908682918606019
GF_00327,Negative,-0.13562428407789234,0.21993127147766323,0.35555555555555557,291,8.067267298606353,0.004507204044495222,0.019052591167395473
GF_01815,Negative,-0.09710424710424712,0.17857142857142858,0.2756756756756757,56,1.8920582555086938,0.16896995341198118,0.0189793194217884
GF_00816,Positive,0.39207675190603,0.5822784810126582,0.19020172910662825,79,49.04270794099968,2.504495736155827e-12,0.018971699485668125
GF_00489,Positive,0.7154929577464788,0.8591549295774648,0.14366197183098592,71,152.6298111919927,4.615064198336301e-35,0.018908278676255476
GF_00251,Positive,0.5733283486434522,0.6693548387096774,0.09602649006622517,124,146.1629316719852,1.1959746611845598e-33,0.01889815487617944
GF_00179,Negative,-0.060476394237626574,0.21052631578947367,0.27100271002710025,57,0.6458811750909039,0.42158912754714195,0.01887855906120201
GF_00643,Positive,0.5225441654703659,0.6542056074766355,0.13166144200626959,107,110.21663564017776,8.784628419096283e-26,0.01887844594564794
GF_00958,Positive,0.37790914168683676,0.4083969465648855,0.03048780487804878,262,72.39571561544881,1.7609584513264685e-17,0.018839191243218634
GF_00018,Positive,0.3346204403549129,0.5441176470588235,0.20949720670391062,68,31.31445788304024,2.194393727511595e-08,0.0188344247006489
GF_00170,Positive,0.6132599786672654,0.8085106382978723,0.19525065963060687,47,78.01621906486594,1.0219795430276171e-18,0.018830106794171242
GF_00527,Negative,-0.05608352865970595,0.2153846153846154,0.27146814404432135,65,0.6280473604328518,0.4280724607554679,0.018742092840785825
GF_01685,Positive,0.10136612021857921,0.35,0.24863387978142076,60,2.2352038785259323,0.13489882974991374,0.01869478887807213
GF_00316,Positive,0.5202898550724637,0.6,0.07971014492753623,150,133.08255347005183,8.672933022622756e-31,0.018610934843508998
GF_01535,Positive,0.7924076607387142,0.8953488372093024,0.10294117647058823,86,218.3307107260954,2.091723701925899e-49,0.018343066103267178
GF_00220,Positive,0.313862607980255,0.5384615384615384,0.22459893048128343,52,21.615487164226742,3.331508828919668e-06,0.018333238256260095
GF_00244,Positive,0.07936507936507936,0.3333333333333333,0.25396825396825395,48,1.0051202357933633,0.31607472445295015,0.018152655339181308
GF_02225,Negative,-0.11703958691910499,0.1686746987951807,0.2857142857142857,83,4.13923863907203,0.04190001081496007,0.018033050221616956
GF_01822,Positive,0.6047852698669635,0.7924528301886793,0.1876675603217158,53,84.49584407423944,3.850233033946258e-20,0.01800020783255974
GF_01374,Positive,0.0465241280458672,0.2980769230769231,0.2515527950310559,104,0.6543608171052651,0.4185578748519002,0.01794935363394425
GF_02122,Positive,0.39473826665944894,0.6122448979591837,0.21750663129973474,49,32.86005778260745,9.903734537798627e-09,0.017931686013469627
GF_01735,Negative,-0.06716826265389877,0.20930232558139536,0.27647058823529413,86,1.2701553804198322,0.25973753266537564,0.017842474330588123
GF_02041,Negative,-0.2559954152706754,0.13551401869158877,0.3915094339622642,214,34.7054903937233,3.835483415499076e-09,0.017823667708855278
GF_01245,Negative,-0.0959742351046699,0.18518518518518517,0.2811594202898551,81,2.642408722466185,0.10404568626218412,0.017643725267659553
GF_00482,Positive,0.7135494752623688,0.8793103448275862,0.16576086956521738,58,127.98305645484669,1.1320528801944193e-29,0.017440721752724
GF_01330,Positive,0.45157891039376163,0.6265060240963856,0.1749271137026239,83,68.01269621058054,1.6244618463257645e-16,0.017400116138024477
GF_00431,Positive,0.6018939393939393,0.7291666666666666,0.12727272727272726,96,135.9345422006835,2.0621782835494632e-31,0.01735272820666845
GF_00565,Positive,0.5568866964215802,0.6511627906976745,0.09427609427609428,129,141.06749901890436,1.5551865500759396e-32,0.01733641183107926
GF_01674,Positive,0.5273279352226721,0.6491228070175439,0.12179487179487179,114,117.10150578840998,2.72745288959902e-27,0.017323542010846998
GF_00324,Positive,0.6893192059432468,0.8405797101449275,0.15126050420168066,69,138.24688362606187,6.435710135025243e-32,0.017321861649624827
GF_01233,Positive,0.35509150311864557,0.40711462450592883,0.05202312138728324,253,65.0313773689673,7.371490699739616e-16,0.017308994736812175
GF_01840,Positive,0.03694195312239523,0.29213483146067415,0.2551928783382789,89,0.32351028441364843,0.5695056900238911,0.017277794481316524
GF_00075,Positive,0.15736607142857142,0.40476190476190477,0.24739583333333334,42,4.060012101352283,0.043910184743762334,0.017178386401090987
GF_01448,Positive,0.7095921066015665,0.8275862068965517,0.11799410029498525,87,176.24339609995826,3.2039540209272954e-40,0.017174967354687595
GF_01684,Positive,0.5362628420303124,0.6896551724137931,0.15339233038348082,87,99.99060463391831,1.531217139509163e-23,0.017160334272272964
GF_00340,Positive,0.44329214474845546,0.4772727272727273,0.03398058252427184,220,105.60237913493731,9.011944185613617e-25,0.017080957420265573
GF_00250,Positive,0.7386912983425414,0.890625,0.15193370165745856,64,149.34757916587984,2.4074950712537055e-34,0.01694556633596795
GF_01623,Positive,0.30891366792572317,0.39271255060728744,0.08379888268156424,247,49.52603465831415,1.9575661094579026e-12,0.016823467870351255
GF_00017,Positive,0.37600928184121424,0.40148698884758366,0.025477707006369428,269,70.4014627680117,4.838403514767428e-17,0.016639706923165933
GF_00143,Positive,0.3960437612260608,0.4144486692015209,0.018404907975460124,263,79.41923345607928,5.023468947166853e-19,0.016508309852049183
GF_00014,Negative,-0.08477919975719561,0.18867924528301888,0.2734584450402145,53,1.3114927049137284,0.2521245707805394,0.016504787218314127
GF_00966,Positive,0.0014163589458242587,0.2641509433962264,0.26273458445040215,53,0.0,1.0,0.016428229162437115
GF_01315,Positive,0.43657352748261835,0.6349206349206349,0.19834710743801653,63,50.56997983301338,1.1499056464687119e-12,0.016423260012459417
GF_00751,Positive,0.36795927935168443,0.42616033755274263,0.0582010582010582,237,71.57700075716815,2.66646680619777e-17,0.01640268615732575
GF_00048,Positive,0.6049485682513206,0.7272727272727273,0.12232415902140673,99,140.40515825479375,2.170780343736564e-32,0.01633307181246535
GF_02139,Positive,0.17017374517374514,0.4107142857142857,0.24054054054054055,56,6.416748962399127,0.011304893102268945,0.016305531256519953
GF_00732,Positive,0.7424584004294149,0.8641975308641975,0.12173913043478261,81,182.78780967985824,1.1933108745602035e-41,0.016280552736074674
GF_00613,Positive,0.38689320388349513,0.45,0.06310679611650485,220,80.18958216673947,3.401559009927801e-19,0.016247545848955703
GF_00640,Positive,0.6592261904761905,0.8571428571428571,0.19791666666666666,42,81.53301261724334,1.7235829775882984e-19,0.016145413152608135
GF_01690,Positive,0.446033048165944,0.5403726708074534,0.09433962264150944,161,100.52890410504975,1.1668172353080291e-23,0.01611760398557954
GF_00871,Negative,-0.15597085840988278,0.12195121951219512,0.2779220779220779,41,3.881470171287687,0.04882178826677935,0.016080716472608312
GF_01626,Negative,-0.04683056478405315,0.24916943521594684,0.296,301,0.7724817986148702,0.37945038141520493,0.01593750914743314
GF_01333,Positive,0.6862501037258318,0.7606837606837606,0.0744336569579288,117,202.71312533935048,5.343018104243001e-46,0.01593690777881321
GF_01636,Negative,-0.012013285280192187,0.25842696629213485,0.27044025157232704,267,0.02516902784982144,0.8739466065888486,0.015880223220148725
GF_01679,Positive,0.6575198167118743,0.7244094488188977,0.06688963210702341,127,195.48474873717205,2.01936988943423e-44,0.0158248680548631
GF_01376,Positive,0.3494579945799458,0.4105691056910569,0.06111111111111111,246,63.71186246781997,1.440147656885529e-15,0.0158005954711434
GF_00874,Positive,0.07688162385485897,0.3157894736842105,0.23890784982935154,133,2.407515432579094,0.12075388393191641,0.015786359759755075
GF_00262,Positive,0.5073746312684365,0.6666666666666666,0.1592920353982301,87,89.36879528244808,3.2766435072978616e-21,0.015737239484844078
GF_00813,Negative,-0.10843762988962269,0.1694915254237288,0.2779291553133515,59,2.549996657617352,0.1102944885748783,0.01565626980859314
GF_01396,Positive,0.2770680147058823,0.4294117647058823,0.15234375,170,39.05199021195112,4.126682308438457e-10,0.015586460844348405
GF_00110,Negative,-0.17979274611398963,0.1,0.27979274611398963,40,5.153613495340794,0.023198049709214536,0.01552070166164942
GF_00529,Negative,-0.03661044837515426,0.23076923076923078,0.26737967914438504,52,0.15509152764152281,0.6937164353818559,0.015468356009453925
GF_01802,Positive,0.4059748618616795,0.627906976744186,0.22193211488250653,43,30.818103746603963,2.8338178705720534e-08,0.015435671253742574
GF_01409,Positive,0.08691796008869185,0.34146341463414637,0.2545454545454545,41,1.030823270528713,0.3099653835248875,0.01537644188932733
GF_00620,Negative,-0.1427450980392157,0.13725490196078433,0.28,51,4.012609671894236,0.04516119728354051,0.015331261738503766
GF_01549,Positive,0.4889202478336604,0.5119617224880383,0.02304147465437788,209,128.8131297355371,7.451364786987554e-30,0.015294845665178153
GF_00084,Negative,-0.05811812261396812,0.21311475409836064,0.27123287671232876,61,0.6357562184718891,0.4252517228755265,0.015241079677315151
GF_01926,Positive,0.3378191934498903,0.4048582995951417,0.0670391061452514,247,59.38880248995026,1.2940330769110239e-14,0.01514963026953168
GF_01925,Negative,-0.08890512726829863,0.18840579710144928,0.2773109243697479,69,1.9220202550696266,0.1656341196440709,0.015128515712410438
GF_01460,Positive,0.2825057027548693,0.45323741007194246,0.17073170731707318,139,37.12272520330602,1.1092344221848164e-09,0.015109829424622426
GF_00414,Positive,0.12216870606612859,0.358695652173913,0.23652694610778444,92,4.942873406147904,0.026198449209670998,0.015104836384938494
GF_02137,Negative,-0.038984953963620034,0.22950819672131148,0.2684931506849315,61,0.23341127389148042,0.6290058758029825,0.015027446741679724
GF_00013,Negative,-0.014397905759162277,0.25,0.2643979057591623,44,0.0006060966516226438,0.980358839936188,0.014918723226321715
GF_02074,Positive,0.6956391875746715,0.8703703703703703,0.17473118279569894,54,114.18924943680469,1.184468682427849e-26,0.014912930737060239
GF_00303,Positive,0.5813114250614251,0.7432432432432432,0.16193181818181818,74,103.64514924056002,2.419990912839385e-24,0.014816539174521677
GF_00621,Positive,0.6842165242165242,0.8266666666666667,0.14245014245014245,75,145.77557214017406,1.4534652050720087e-33,0.014787331192786543
GF_02219,Negative,-0.07803030303030306,0.19696969696969696,0.275,66,1.3728802397841011,0.241317634476447,0.0147523075451885
GF_00578,Positive,0.761769710720363,0.8780487804878049,0.11627906976744186,82,194.36979244823777,3.5363495328985977e-44,0.014664917480701525
GF_00124,Positive,0.4155508521777877,0.49214659685863876,0.07659574468085106,191,91.75620171603236,9.804053849956894e-22,0.014655390160861143
GF_00867,Negative,-0.1781450872359963,0.1111111111111111,0.2892561983471074,63,7.896131223189912,0.0049540644789155385,0.014545591301829494
GF_00680,Negative,-0.16309429837877226,0.11627906976744186,0.2793733681462141,43,4.498243194081628,0.03392969513081921,0.01443092708598565
GF_01921,Positive,0.5876479817429753,0.7719298245614035,0.1842818428184282,57,84.97648631151438,3.019344452739193e-20,0.014410585714618535
GF_00538,Positive,0.6085106382978724,0.8,0.19148936170212766,50,81.21411654756258,2.0254001853607794e-19,0.014406273041407075
GF_00623,Positive,0.5439022157114082,0.5872093023255814,0.04330708661417323,172,153.7604722604213,2.61261501349944e-35,0.014257459790568458
GF_00389,Positive,0.6646426619709758,0.8604651162790697,0.195822454308094,43,84.72995144502057,3.420297397416275e-20,0.014241395488856496
GF_01445,Negative,-0.03785613679606614,0.23776223776223776,0.2756183745583039,143,0.5207497216272049,0.4705220472130328,0.014223447839571628
GF_01372,Positive,0.7471076584536391,0.8539325842696629,0.10682492581602374,89,198.95383711499625,3.5328970131541836e-45,0.014221303458135624
GF_00726,Positive,0.36086363636363633,0.412,0.05113636363636364,250,67.5569525046013,2.0468818268834888e-16,0.014202479606594274
GF_00122,Positive,0.46357147904741713,0.5534591194968553,0.0898876404494382,159,108.13134385519784,2.515439071893079e-25,0.014197667065600515
GF_00305,Positive,0.7466676120249575,0.8658536585365854,0.11918604651162791,82,186.6637954305034,1.7005351210372192e-42,0.01417702013499479
GF_01844,Positive,0.6433006535947712,0.725,0.08169934640522876,120,180.76942604071883,3.291738556091931e-41,0.014069922454009894
GF_00946,Positive,0.6538297872340425,0.84,0.18617021276595744,50,94.00826589513193,3.142089723349493e-22,0.014060595775397719
GF_02157,Positive,0.43713305551078674,0.5266272189349113,0.08949416342412451,169,98.29002843706203,3.6138112243364954e-23,0.013939087340142372
GF_00112,Positive,0.30800415800415804,0.47692307692307695,0.16891891891891891,130,42.644026186925274,6.566466200241856e-11,0.013936592265946398
GF_01648,Positive,0.15883569739952721,0.3680555555555556,0.20921985815602837,144,11.603842248695619,0.0006581570452150057,0.013871833958917976
GF_00633,Positive,0.39907208176438946,0.5795454545454546,0.1804733727810651,88,55.33961697025719,1.0140409254209374e-13,0.0138502482202955
GF_01395,Positive,0.39458689458689455,0.4074074074074074,0.01282051282051282,270,77.41621283771961,1.3847385521042502e-18,0.013755872353247031
GF_00755,Positive,0.37965865552072453,0.4099616858237548,0.030303030303030304,261,73.24585869599322,1.1446509087497534e-17,0.013726865303990143
GF_01447,Positive,0.7019164364640884,0.859375,0.1574585635359116,64,134.66952799068414,3.899615979728225e-31,0.013639151081254202
GF_01336,Positive,0.5651554404145078,0.775,0.20984455958549222,40,56.856470868034755,4.688088343720916e-14,0.013621590238532775
GF_01680,Positive,0.16053064582476348,0.40384615384615385,0.24331550802139038,52,5.270774364849276,0.02168636361106543,0.013618955684240272
GF_00549,Negative,-0.014397905759162277,0.25,0.2643979057591623,44,0.0006060966516226438,0.980358839936188,0.013528559824271475
GF_00932,Negative,-0.15262843488649944,0.12962962962962962,0.28225806451612906,54,4.908273696395552,0.026728341614749948,0.013521059076932846
GF_00400,Positive,0.35211558307533536,0.47368421052631576,0.12156862745098039,171,63.68464854765239,1.4601804000981238e-15,0.013409629076653926
GF_00728,Negative,-0.00690208667736758,0.2571428571428571,0.2640449438202247,70,0.0,1.0,0.013397326815143724
GF_02178,Positive,0.6518156850778152,0.7816091954022989,0.12979351032448377,87,148.44066840037954,3.800178728473892e-34,0.013394406705031725
GF_01677,Positive,0.236356579117609,0.33559322033898303,0.09923664122137404,295,24.945700017400164,5.896790255517691e-07,0.013338346781401198
GF_00310,Negative,-0.17979274611398963,0.1,0.27979274611398963,40,5.153613495340794,0.023198049709214536,0.013311039629134594
GF_00424,Positive,0.22925782925782928,0.43243243243243246,0.20317460317460317,111,21.09364387948328,4.3737648795132974e-06,0.013294267532367331
GF_01329,Positive,0.4700996677740864,0.5476190476190477,0.07751937984496124,168,113.61697989422957,1.5807491512106138e-26,0.013212727147065905
GF_00724,Positive,0.697542926038332,0.8507462686567164,0.1532033426183844,67,138.18966293280457,6.623849115588431e-32,0.013198659264701129
GF_00949,Positive,0.6282275416890801,0.7613636363636364,0.13313609467455623,88,138.97523478213662,4.459764208399816e-32,0.013151819888912676
GF_00547,Negative,-0.043424317617866,0.22580645161290322,0.2692307692307692,62,0.31576179565210094,0.5741658525731479,0.01315051241252952
GF_00391,Negative,-0.10212201591511935,0.1794871794871795,0.28160919540229884,78,2.922325942712571,0.08736185285558089,0.013107083666736383
GF_02229,Negative,-0.14647887323943662,0.14084507042253522,0.28732394366197184,71,5.816799363057326,0.015873804887467986,0.01310154599338335
GF_01541,Positive,0.40145919654116374,0.4344262295081967,0.03296703296703297,244,84.63812017804669,3.582902513419494e-20,0.012939780769030474
GF_01306,Positive,0.5072765072765073,0.6153846153846154,0.10810810810810811,130,117.3428030115381,2.4150190588365184e-27,0.012938363154448447
GF_02070,Negative,-0.048277375466315525,0.23129251700680273,0.27956989247311825,147,0.9221753077937274,0.33690445498761373,0.012912325535052352
GF_00120,Negative,-0.03286230693394676,0.23529411764705882,0.2681564245810056,68,0.17145343541554958,0.6788233109273012,0.01288525866959598
GF_01819,Positive,0.6547169811320755,0.7547169811320755,0.1,106,172.76430499673,1.842648375165755e-39,0.01287636928794294
GF_02230,Positive,0.526397133724402,0.6867469879518072,0.16034985422740525,83,92.85966479039138,5.613701337384822e-22,0.012856388717825
GF_00615,Positive,0.5457079505859994,0.7560975609756098,0.21038961038961038,41,54.16008179247238,1.8480324876239092e-13,0.012852509212302804
GF_00108,Negative,-0.0563633301521361,0.2127659574468085,0.2691292875989446,47,0.4254787037378055,0.514215860208981,0.012808696985832861
GF_00638,Negative,-0.13822393822393825,0.14285714285714285,0.2810810810810811,56,4.10857891223067,0.042666199042395506,0.012797595902539701
GF_01692,Positive,0.39802391511817214,0.6170212765957447,0.21899736147757257,47,32.16050866595728,1.4194684111731306e-08,0.012750940756869248
GF_01693,Positive,0.3910782703886152,0.4942528735632184,0.10317460317460317,174,79.22870205420736,5.532052262143452e-19,0.012743705068863404
GF_00642,Positive,0.5695948429415589,0.6814159292035398,0.11182108626198083,113,136.07692315323658,1.9194839202848612e-31,0.012743417741860373
GF_01400,Positive,0.4872513107807225,0.5751633986928104,0.08791208791208792,153,117.62067145574544,2.099312015228416e-27,0.012734565137862698
GF_00351,Negative,-0.15951725042634135,0.12698412698412698,0.2865013774104683,63,6.249830464638347,0.01242051937670069,0.012712065814405623
GF_00155,Positive,0.49648529028898725,0.6521739130434783,0.15568862275449102,92,89.20650923730634,3.5567673356950136e-21,0.0126842469001521
GF_00410,Positive,0.4107697180867913,0.6341463414634146,0.22337662337662337,41,30.178034012692745,3.9414838304068735e-08,0.012664695685589561
GF_00599,Negative,-0.07668455973060384,0.20224719101123595,0.2789317507418398,89,1.75908537932433,0.18473863814204738,0.012658266513111976
GF_01872,Positive,0.5481060606060606,0.6875,0.1393939393939394,96,112.4749087012212,2.812011946977019e-26,0.012624826400772574
GF_00388,Positive,0.5188957055214725,0.66,0.1411042944785276,100,103.66527175604426,2.3955365886793865e-24,0.012577514985008965
GF_01487,Positive,0.5659340659340659,0.6428571428571429,0.07692307692307693,140,152.4349219323102,5.090627682124979e-35,0.0125550453600153
GF_01404,Positive,0.6889174154899443,0.8596491228070176,0.17073170731707318,57,117.39095225733278,2.3570970266523886e-27,0.0125166265724132
GF_01742,Positive,0.6365030674846626,0.75,0.11349693251533742,100,156.71780291934385,5.8994845687329617e-36,0.0125089621607663
GF_01241,Positive,0.6192778314940153,0.7528089887640449,0.13353115727002968,89,136.15534095694517,1.8451553724761317e-31,0.012450813912531633
GF_00333,Negative,-0.035424710424710404,0.23214285714285715,0.26756756756756755,56,0.15868929249914812,0.6903661310050732,0.012394970105004425
GF_01661,Positive,0.5608108108108107,0.75,0.1891891891891892,56,76.07028798172522,2.7374534206596984e-18,0.012383307555656732
GF_00773,Positive,0.538888888888889,0.65,0.1111111111111111,120,126.40457631101805,2.5077449413868706e-29,0.012370766357076088
GF_00655,Positive,0.5333918513642016,0.6122448979591837,0.07885304659498207,147,138.60458273905118,5.37489282568746e-32,0.012305343729344583
GF_00046,Positive,0.5124109310155822,0.6201550387596899,0.10774410774410774,129,119.22559328231637,9.347112117596238e-28,0.012236368090359882
GF_00085,Positive,0.05646806226516371,0.30864197530864196,0.25217391304347825,81,0.807649850764639,0.3688159864821844,0.012169323545542288
GF_01683,Positive,0.4975829842088301,0.6355140186915887,0.13793103448275862,107,99.81720053156354,1.671324252730074e-23,0.011980797897421895
GF_00963,Positive,0.5813114250614251,0.7432432432432432,0.16193181818181818,74,103.64514924056002,2.419990912839385e-24,0.011980687345260057
GF_00347,Positive,0.2458727712965001,0.4406779661016949,0.19480519480519481,118,25.360683231040987,4.755115844085017e-07,0.011969999363085751
GF_00320,Positive,0.08761191764884413,0.33962264150943394,0.2520107238605898,53,1.4138156173549719,0.23442401038808555,0.011958975214262351
GF_00566,Positive,0.6598306624088126,0.7570093457943925,0.09717868338557993,107,176.62316977882136,2.647019933829788e-40,0.011956489977163474
GF_00969,Positive,0.5057676098735702,0.5894039735099338,0.08363636363636363,151,126.07224477646199,2.964907693342834e-29,0.011862416506979875
GF_00970,Positive,0.5436292270531401,0.6304347826086957,0.08680555555555555,138,139.48700086633846,3.446642338450043e-32,0.011828821022936574
GF_00777,Positive,0.533152689337488,0.6446280991735537,0.11147540983606558,121,124.33582603915397,7.112708704132664e-29,0.01181753757016766
GF_00405,Positive,0.4493705528188287,0.5287356321839081,0.07936507936507936,174,104.94950203134735,1.2528848803626227e-24,0.0117154097301751
GF_00574,Positive,0.7658154483824511,0.8795180722891566,0.11370262390670553,83,198.3146366607249,4.8710602694625044e-45,0.011691249149032275
GF_02089,Positive,0.35911749069643806,0.4298245614035088,0.0707070707070707,228,68.68273296379704,1.1564910233917762e-16,0.011672544900467445
GF_02060,Positive,0.32720909886264216,0.5555555555555556,0.2283464566929134,45,20.57923729876122,5.7213267554503364e-06,0.01167202728124559
GF_01591,Positive,0.6155505767156253,0.7094017094017094,0.09385113268608414,117,162.77217861678852,2.8053829904499534e-37,0.01165902682959985
GF_00960,Positive,0.293554928584024,0.41037735849056606,0.11682242990654206,212,45.854962714226275,1.2734012373073651e-11,0.011592183325625586
GF_00342,Negative,-0.05233924375133517,0.22580645161290322,0.2781456953642384,124,0.9872317411475422,0.32041990362935846,0.011585370039075574
GF_00104,Positive,0.1151853674065928,0.3486238532110092,0.2334384858044164,109,4.974705875417035,0.025720576692129706,0.0115501502140002
GF_00480,Positive,0.6985915492957746,0.8450704225352113,0.14647887323943662,71,145.41998407643308,1.738372690816509e-33,0.011507378092226817
GF_00870,Positive,0.1623163600057053,0.40350877192982454,0.24119241192411925,57,5.901087506906151,0.015131539138232166,0.011384813902472646
GF_01540,Positive,0.4297869443877204,0.5141242937853108,0.08433734939759036,177,96.40920334923074,9.343182788671796e-23,0.011379288879907254
GF_00722,Positive,0.71107544141252,0.8571428571428571,0.14606741573033707,70,148.98321908770487,2.892069494677617e-34,0.011377084883069424
GF_00471,Positive,0.620504562533548,0.7654320987654321,0.14492753623188406,81,127.1511843771017,1.7214725293748636e-29,0.011334288842737078
GF_00094,Positive,0.3968435901957327,0.46226415094339623,0.06542056074766354,212,84.5109557869111,3.820916840827495e-20,0.011276710529333968
GF_00073,Negative,-0.04861702127659576,0.22,0.26861702127659576,50,0.3166212907527152,0.5736452355678519,0.011245482771596533
GF_00002,Positive,0.761310972560264,0.8651685393258427,0.10385756676557864,89,206.66437564010616,7.338911730068435e-47,0.011196256558637084
GF_00105,Negative,-0.05102974828375287,0.21739130434782608,0.26842105263157895,46,0.3194920445932753,0.5719130675422337,0.01116525142745688
GF_00872,Negative,-0.12461139896373055,0.15,0.27461139896373055,40,2.2967548992077105,0.1296446072993128,0.011068570807689262
GF_01837,Positive,0.316906108398609,0.5180722891566265,0.20116618075801748,83,33.01740492252304,9.133753626734357e-09,0.011062084606024437
GF_01901,Negative,-0.08953607968386293,0.1836734693877551,0.27320954907161804,49,1.3616091454478463,0.24325879724265603,0.010991511473757813
GF_01538,Negative,-0.08313176794552152,0.19480519480519481,0.27793696275071633,77,1.8411043463564174,0.17482156625146095,0.01095624873429676
GF_01823,Positive,0.7239069540859822,0.8695652173913043,0.14565826330532214,69,152.6536288220633,4.560078944725299e-35,0.01094683812137225
GF_00409,Positive,0.5164494766075625,0.6290322580645161,0.11258278145695365,124,118.33876046820107,1.4616580196781355e-27,0.010905762167680709
GF_01230,Positive,0.23566536203522506,0.4178082191780822,0.18214285714285713,146,26.299352057565667,2.9238675327104685e-07,0.010868822324724296
GF_00314,Positive,0.4901730483125831,0.6046511627906976,0.11447811447811448,129,108.99315986376237,1.6284686382409207e-25,0.010845411584793426
GF_01629,Positive,0.37246859779543706,0.5531914893617021,0.18072289156626506,94,50.54095009971837,1.1670410088105188e-12,0.010835336749753979
GF_01818,Positive,0.0346045197740113,0.2916666666666667,0.2570621468926554,72,0.21270534605804942,0.6446551947561174,0.010774017462914327
GF_01812,Positive,0.7546782876185594,0.851063829787234,0.0963855421686747,94,211.42701536634115,6.707125028539876e-48,0.010763857528010557
GF_00395,Positive,0.040960407059945914,0.29473684210526313,0.2537764350453172,95,0.4451714025138281,0.5046369427242897,0.010757786807694536
GF_01338,Positive,0.5508606245239909,0.6831683168316832,0.13230769230769232,101,117.8304920505174,1.8885753705895714e-27,0.010749710438928726
GF_00972,Positive,0.7536127167630058,0.875,0.12138728323699421,80,186.55623058246917,1.7950100144383395e-42,0.010684028512431774
GF_01242,Positive,0.6744324970131421,0.8518518518518519,0.1774193548387097,54,107.22875627097457,3.9663956691021744e-25,0.010643345772662037
GF_00325,Negative,-0.08239171374764595,0.19444444444444445,0.2768361581920904,72,1.6922712264423752,0.19330184195670108,0.01061344002943186
GF_00336,Positive,0.2653891509433962,0.46226415094339623,0.196875,106,27.585763827227694,1.5028078164254076e-07,0.010558461622430876
GF_01375,Positive,0.6649196366177499,0.7592592592592593,0.09433962264150944,108,180.51423030191825,3.742345212606383e-41,0.010462037009611498
GF_00572,Positive,0.7371015445284259,0.8823529411764706,0.1452513966480447,68,156.43590847729783,6.798494827881128e-36,0.010451254005386275
GF_00415,Positive,0.4618987569807242,0.5274725274725275,0.06557377049180328,182,112.39577886376496,2.9265113078083585e-26,0.010343510611470697
GF_01628,Negative,-0.09977116704805494,0.17391304347826086,0.2736842105263158,46,1.6243173434399492,0.20249084496324707,0.010299793957410402
GF_00047,Positive,0.43242524327799087,0.462882096069869,0.030456852791878174,229,99.96541785391722,1.5508138915937482e-23,0.010255564342386309
GF_00281,Positive,0.3592678962617483,0.3970037453183521,0.03773584905660377,267,64.53442744941486,9.486030531015217e-16,0.010219129338605836
GF_00617,Positive,0.5540798823817692,0.7454545454545455,0.19137466307277629,55,73.05052731381963,1.2637283254813004e-17,0.01017834986158095
GF_00725,Positive,0.533687707641196,0.64,0.10631229235880399,125,127.07204035834451,1.791509672071606e-29,0.010175051436914452
GF_00709,Positive,0.6374375837291438,0.7971014492753623,0.15966386554621848,69,117.97537895662282,1.755537175405023e-27,0.010150557136638311
GF_00635,Positive,0.5054933952971485,0.6058394160583942,0.10034602076124567,137,119.95483729183981,6.4717429973477895e-28,0.010107355085624943
GF_00313,Positive,0.47905410696108364,0.5968992248062015,0.11784511784511785,129,104.04907301692037,1.9736662700665726e-24,0.01010021109663735
GF_00695,Positive,0.7066130800146145,0.855072463768116,0.1484593837535014,69,145.3610153490917,1.7907488782986413e-33,0.010081124451407424
GF_01390,Positive,0.6308779119930975,0.7131147540983607,0.08223684210526316,122,175.5669297985349,4.501993873311739e-40,0.010035896425423914
GF_00531,Positive,0.36351587178864125,0.45320197044334976,0.08968609865470852,203,70.59818175597613,4.37920490002843e-17,0.010015321279848225
GF_01393,Positive,0.4485803016858917,0.5051020408163265,0.05652173913043478,196,107.57931866576496,3.323351216856122e-25,0.009849106533611285
GF_00860,Positive,0.32561426849041697,0.5373134328358209,0.2116991643454039,67,29.234025686924237,6.41428586654613e-08,0.009824015182669853
GF_00208,Positive,0.7210977701543739,0.8909090909090909,0.16981132075471697,55,124.8306506979123,5.542887435536943e-29,0.009790185710204563
GF_00503,Positive,0.22442072376985162,0.31137724550898205,0.08695652173913043,334,17.606399678759942,2.7167257704668114e-05,0.009788705251286613
GF_00331,Positive,0.677627821695873,0.7766990291262136,0.09907120743034056,103,181.5676716703593,2.2036469044588232e-41,0.009787692442241725
GF_00139,Negative,-0.1378057426444523,0.14516129032258066,0.28296703296703296,62,4.504699710594594,0.03380183083948045,0.00977035751728965
GF_01856,Positive,0.541898515378969,0.6050955414012739,0.06319702602230483,157,147.4442945780317,6.2749053545471015e-34,0.009763332043518983
GF_01534,Negative,-0.08477919975719561,0.18867924528301888,0.2734584450402145,53,1.3114927049137284,0.2521245707805394,0.009747042217018869
GF_01885,Positive,0.6445355191256831,0.8166666666666667,0.1721311475409836,60,107.20559387539342,4.0130240229253657e-25,0.009698349615819404
GF_01616,Positive,0.6785202974183715,0.847457627118644,0.16893732970027248,59,117.2791983388458,2.493721500455374e-27,0.009632012827326907
GF_02158,Positive,0.7327635327635328,0.8666666666666667,0.1339031339031339,75,167.46101065070812,2.6529617804390125e-38,0.009616961034443549
GF_01898,Positive,0.3258064516129032,0.5,0.17419354838709677,116,44.57224252081981,2.451426257603555e-11,0.009613557034647325
GF_02113,Positive,0.6612859097127223,0.7906976744186046,0.12941176470588237,86,151.49441071949815,8.171984773791352e-35,0.009531340173913773
GF_01676,Positive,0.3920248057880171,0.5730337078651685,0.18100890207715134,89,53.83068364457925,2.1853306307855766e-13,0.009505341544035283
GF_01293,Positive,0.18392716085311603,0.417910447761194,0.233983286908078,67,8.930240600857669,0.0028048739538589895,0.009502213354485173
GF_00658,Positive,0.5264447620992444,0.5706214689265536,0.04417670682730924,177,145.2544597623696,1.889426732920722e-33,0.0094251282418772
GF_01617,Positive,0.6842165242165242,0.8266666666666667,0.14245014245014245,75,145.77557214017406,1.4534652050720087e-33,0.009406464569085515
GF_00384,Positive,0.6489846394168185,0.7717391304347826,0.12275449101796407,92,153.43971381856986,3.070258695898397e-35,0.00939945880446609
GF_00387,Positive,0.6668877099911583,0.8076923076923077,0.14080459770114942,78,142.81052307393625,6.466351699267298e-33,0.00939881449044655
GF_02092,Positive,0.03898724290549338,0.29347826086956524,0.25449101796407186,92,0.3824723948619354,0.5362830136702195,0.009391340866766894
GF_01236,Positive,0.6329985818886927,0.7339449541284404,0.10094637223974763,109,164.45722990708555,1.2019269184682442e-37,0.009370419758228724
GF_00360,Positive,0.36410825199645075,0.43043478260869567,0.0663265306122449,230,70.52801567433855,4.537763274944685e-17,0.009363346230011059
GF_01814,Negative,-0.12414187643020597,0.15217391304347827,0.27631578947368424,46,2.654007534023026,0.10328920575551576,0.009197545010355988
GF_02227,Positive,0.3960437612260608,0.4144486692015209,0.018404907975460124,263,79.41923345607928,5.023468947166853e-19,0.009194616954388392
GF_02224,Positive,0.6460759870501991,0.7922077922077922,0.14613180515759314,77,132.56332141246259,1.1265548702367756e-30,0.009142230942467794
GF_02085,Negative,-0.08477919975719561,0.18867924528301888,0.2734584450402145,53,1.3114927049137284,0.2521245707805394,0.009135610525299868
GF_00916,Positive,0.40540783327344593,0.4380165289256198,0.03260869565217391,242,86.57046501851428,1.3484602070511268e-20,0.009108748088742475
GF_00332,Positive,0.34226190476190477,0.5714285714285714,0.22916666666666666,42,21.15337112091552,4.239548380006263e-06,0.009077000895923905
GF_01449,Positive,0.31742331288343556,0.3374233128834356,0.02,326,38.16733478601573,6.493033419716827e-10,0.008998066363437527
GF_00335,Positive,0.459005376344086,0.521505376344086,0.0625,186,111.56941213282235,4.439851769476e-26,0.008979657689752351
GF_00355,Positive,0.7572664829834297,0.8904109589041096,0.13314447592067988,73,175.11525638114102,5.649860118196e-40,0.008925463464055454
GF_01461,Positive,0.5399029488615155,0.624113475177305,0.08421052631578947,141,139.11943736135976,4.147406805485871e-32,0.00892496693958405
GF_01860,Positive,0.579742872539711,0.6616541353383458,0.08191126279863481,133,155.6768443391963,9.960578148953633e-36,0.00886851845778355
GF_00419,Positive,0.7651282051282051,0.8933333333333333,0.1282051282051282,75,182.7530201698514,1.2143641482417483e-41,0.008827185542020605
GF_01291,Positive,0.7346189164370982,0.8888888888888888,0.15426997245179064,63,145.73049604771109,1.4868222546405707e-33,0.008814060809963263
GF_01681,Positive,0.5375647668393783,0.75,0.21243523316062177,40,51.30852366450069,7.893217262571757e-13,0.00880277951194829
GF_02217,Positive,0.6461062910534265,0.7831325301204819,0.13702623906705538,83,140.64530836080786,1.9235432569979e-32,0.008799623722632904
GF_00339,Positive,0.7221311475409835,0.8833333333333333,0.16120218579234974,60,135.01459796256657,3.2775030646564394e-31,0.008790123094262145
GF_01247,Negative,-0.014550264550264536,0.25,0.26455026455026454,48,0.0017364778315784373,0.9667609190442457,0.008778448840662182
GF_00927,Positive,0.29271206690561524,0.5185185185185185,0.22580645161290322,54,19.36563106917823,1.0793213940524279e-05,0.0087728695978059
GF_02140,Positive,0.005633802816901401,0.2676056338028169,0.2619718309859155,71,0.0,1.0,0.008756790576666425
GF_02091,Positive,0.6273338312173263,0.717948717948718,0.09061488673139159,117,169.12497982584478,1.1489005630396421e-38,0.008755596076249325
GF_00052,Negative,-0.008533093807893133,0.2553191489361702,0.2638522427440633,47,0.0,1.0,0.008693534115839131
GF_00111,Negative,-0.07223719676549867,0.2,0.2722371967654987,55,0.9439641532176343,0.3312604437693644,0.00868435415606177
GF_01359,Positive,0.5353087619163277,0.7441860465116279,0.20887728459530025,43,54.437045275760326,1.6050834138970497e-13,0.008662640583512767
GF_00381,Positive,0.6407179075621056,0.7848101265822784,0.1440922190201729,79,133.03146748326503,8.899002662912953e-31,0.008592112871871017
GF_00699,Positive,0.7253550543024228,0.8452380952380952,0.11988304093567251,84,179.36778730621484,6.659771212236079e-41,0.008573237778533678
GF_00422,Positive,0.47321496224080006,0.583941605839416,0.11072664359861592,137,104.9702355868712,1.239843358609843e-24,0.00851688291000485
GF_01634,Positive,0.7536127167630058,0.875,0.12138728323699421,80,186.55623058246917,1.7950100144383395e-42,0.008474558252034142
GF_01813,Positive,0.5050236406619385,0.5972222222222222,0.09219858156028368,144,122.86507193283785,1.4926188673726412e-28,0.008456906432598364
GF_00688,Positive,0.33430913348946134,0.4057377049180328,0.07142857142857142,244,58.40734420608088,2.1309404310888088e-14,0.008420655463760397
GF_00436,Positive,0.10526315789473684,0.3333333333333333,0.22807017543859648,141,4.864090191429247,0.02742125354852357,0.00839188161648207
GF_00744,Positive,0.36865712214570495,0.47752808988764045,0.10887096774193548,178,70.78405027611883,3.985461328215453e-17,0.008388490351726754
GF_01621,Positive,0.404320987654321,0.4166666666666667,0.012345679012345678,264,82.61670385468652,9.961171203893343e-20,0.00837553105935926
GF_01439,Positive,0.6430501930501931,0.8214285714285714,0.1783783783783784,56,100.49485133521259,1.1870512582302858e-23,0.008346093090980809
GF_00421,Positive,0.6956391875746715,0.8703703703703703,0.17473118279569894,54,114.18924943680469,1.184468682427849e-26,0.00833216859581634
GF_00637,Positive,0.23349514563106796,0.38349514563106796,0.15,206,28.737287715473112,8.289224673006566e-08,0.008306085189792298
GF_00228,Negative,-0.11202185792349725,0.16666666666666666,0.2786885245901639,60,2.785067577268456,0.09514667989179958,0.008268529941163949
GF_01397,Positive,0.3445566778900112,0.3939393939393939,0.04938271604938271,264,59.73868544263149,1.0832615643895216e-14,0.008264102616924772
GF_00607,Negative,-0.038984953963620034,0.22950819672131148,0.2684931506849315,61,0.23341127389148042,0.6290058758029825,0.008227831677562764
GF_00569,Positive,0.0056949806949807,0.26785714285714285,0.26216216216216215,56,0.0,1.0,0.008224022393364365
GF_01688,Positive,0.6137556221889056,0.7931034482758621,0.1793478260869565,58,94.25182607367694,2.778303237882879e-22,0.008206746369366698
GF_01527,Positive,0.37965865552072453,0.4099616858237548,0.030303030303030304,261,73.24585869599322,1.1446509087497534e-17,0.008199155514949546
GF_01028,Positive,0.3588624338624339,0.4398148148148148,0.08095238095238096,216,68.9208051353503,1.0249780592960931e-16,0.00819841124994961
GF_01401,Positive,0.6374375837291438,0.7971014492753623,0.15966386554621848,69,117.97537895662282,1.755537175405023e-27,0.008190043680847199
GF_00624,Positive,0.49147822212320375,0.5340314136125655,0.0425531914893617,191,128.8084387188349,7.468996505113642e-30,0.008187852513638424
GF_02159,Positive,0.7064138077988494,0.8615384615384616,0.15512465373961218,65,138.2188357822727,6.527252771629915e-32,0.008157844603993948
GF_00606,Negative,-0.041176470588235314,0.23333333333333334,0.27450980392156865,120,0.5566440330112936,0.455615581791749,0.008143879125037562
GF_00229,Positive,0.26262626262626265,0.48484848484848486,0.2222222222222222,66,18.51901463882455,1.682176917019976e-05,0.008032116403805316
GF_00869,Positive,0.313936170212766,0.54,0.22606382978723405,50,20.853355483345595,4.958228762746484e-06,0.007991652779730697
GF_01842,Positive,0.7610521662245799,0.8846153846153846,0.1235632183908046,78,186.53585044533492,1.8134928262366172e-42,0.007980274760295177
GF_02131,Positive,0.456017813195828,0.546583850931677,0.09056603773584905,161,105.13219649864409,1.1425330237033151e-24,0.007945027093224834
GF_00008,Negative,-0.13486890468022544,0.14545454545454545,0.2803234501347709,55,3.826931873086826,0.05043517508696605,0.007920591492420623
GF_01314,Positive,0.5298892988929889,0.6,0.07011070110701106,155,140.14614161714792,2.473181928550905e-32,0.007920319586223499
GF_01732,Negative,-0.09578947368421056,0.18421052631578946,0.28,76,2.4828704602441034,0.1150920331250757,0.007847565549848825
GF_00369,Positive,0.6422348484848485,0.7604166666666666,0.11818181818181818,96,154.98645419195654,1.4097884773367573e-35,0.007811153767803855
GF_02220,Positive,0.41060874704491723,0.5347222222222222,0.12411347517730496,144,80.82817215208941,2.4622259394684914e-19,0.007793486130298044
GF_00933,Negative,-0.06197183098591552,0.2112676056338028,0.27323943661971833,71,0.8745791628753421,0.34969071432588994,0.007791699839973512
GF_01672,Positive,0.7690225563909774,0.8947368421052632,0.12571428571428572,76,186.6079070451094,1.7489845002810386e-42,0.007790893024340308
GF_00472,Positive,0.7924076607387142,0.8953488372093024,0.10294117647058823,86,218.3307107260954,2.091723701925899e-49,0.007782983289851574
GF_01536,Positive,0.5627363737486095,0.6724137931034483,0.10967741935483871,116,135.05185071453622,3.2165827163176285e-31,0.007780489092877545
GF_00564,Positive,0.5802816901408451,0.7464788732394366,0.16619718309859155,71,99.83527070063691,1.6561446710553005e-23,0.007715433765428643
GF_00088,Positive,0.3930008332341388,0.4059040590405904,0.012903225806451613,271,76.57194327059727,2.123349754012504e-18,0.0077120256165706755
GF_00413,Positive,0.35238620081560673,0.44075829383886256,0.08837209302325581,211,66.43082099750612,3.6239125024460243e-16,0.00770769489868126
GF_00115,Negative,-0.03557474044580064,0.23376623376623376,0.2693409742120344,77,0.2488418398752027,0.6178917566965862,0.007690536438393842
GF_01466,Positive,0.6857798917500411,0.8021978021978022,0.11641791044776119,91,170.14635294204118,6.873874899907676e-39,0.0076840969233787915
GF_00404,Positive,0.37557461103253187,0.4603960396039604,0.08482142857142858,202,75.3873045231042,3.868695332651708e-18,0.007665781093754175
GF_01900,Positive,0.22927474315939372,0.30973451327433627,0.08045977011494253,339,17.61541821455019,2.703873041837891e-05,0.007618485366558133
GF_00457,Positive,0.4335459861775651,0.494949494949495,0.06140350877192982,198,100.56057101578858,1.1483105616859198e-23,0.00754909408359175
GF_00417,Positive,0.6132599786672654,0.8085106382978723,0.19525065963060687,47,78.01621906486594,1.0219795430276171e-18,0.007472884717617673
GF_00321,Negative,-0.1052055594061212,0.17721518987341772,0.2824207492795389,79,3.15248579491469,0.07581139147603698,0.007429053803867116
GF_00407,Positive,0.533920539730135,0.7241379310344828,0.19021739130434784,58,70.97456932841445,3.618592258074039e-17,0.007364916149907807
GF_01810,Positive,0.47616860751189105,0.6373626373626373,0.16119402985074627,91,81.2886678202693,1.9504176951653072e-19,0.007267577989831202
GF_00364,Positive,0.6391724010529719,0.8135593220338984,0.17438692098092642,59,103.88297161413116,2.1462619791639627e-24,0.00723745878481868
GF_02084,Negative,-0.05364705882352938,0.21568627450980393,0.2693333333333333,51,0.41864082320826435,0.5176160273175122,0.007226508857625273
GF_01479,Positive,0.3960437612260608,0.4144486692015209,0.018404907975460124,263,79.41923345607928,5.023468947166853e-19,0.007170367224922732
GF_00619,Positive,0.5727232537577365,0.7307692307692307,0.15804597701149425,78,104.91615186475889,1.2741507750447012e-24,0.0071673577169996845
GF_02138,Negative,-0.020354030206246987,0.24489795918367346,0.26525198938992045,49,0.01742206809761512,0.8949900800348958,0.007140378305235411
GF_01240,Positive,0.6019479996780166,0.6910569105691057,0.0891089108910891,123,160.4875647775557,8.853648749779247e-37,0.007110958067298124
GF_01004,Positive,0.4925035697287007,0.7045454545454546,0.21204188481675393,44,46.87644111758493,7.56061275020405e-12,0.007109160869182195
GF_00741,Positive,0.6099290780141844,0.6666666666666666,0.05673758865248227,144,179.85818432466408,5.204565736986904e-41,0.007093824545918847
GF_00116,Negative,-0.10843762988962269,0.1694915254237288,0.2779291553133515,59,2.549996657617352,0.1102944885748783,0.007081633221912331
GF_00362,Positive,0.4936753586318988,0.5723270440251572,0.07865168539325842,159,122.79492579595652,1.546333037106839e-28,0.0070148410488661
GF_01641,Positive,0.4606349206349206,0.5873015873015873,0.12666666666666668,126,94.7930553343949,2.113658625980392e-22,0.0069711640849111
GF_00051,Positive,0.38439955106621776,0.4090909090909091,0.024691358024691357,264,74.57949860151788,5.824493057289585e-18,0.006896698458100025
GF_01675,Positive,0.6549982275788728,0.8225806451612904,0.16758241758241757,62,113.92744081712078,1.3516512805183493e-26,0.006848674330964336
GF_00185,Positive,0.6842165242165242,0.8266666666666667,0.14245014245014245,75,145.77557214017406,1.4534652050720087e-33,0.006815050209502953
GF_01741,Positive,0.022965248621579226,0.2830188679245283,0.26005361930294907,53,0.03558863345250006,0.850367534747864,0.006744247728149302
GF_00729,Positive,0.38675661363479386,0.4163424124513619,0.029585798816568046,257,76.71372160219289,1.976254756734888e-18,0.0067286400881897
GF_00093,Positive,0.4018973888528405,0.4393305439330544,0.0374331550802139,239,85.3827620472736,2.4585457458971562e-20,0.006712410872936388
GF_00864,Positive,0.41281800391389434,0.5342465753424658,0.12142857142857143,146,82.27301821956314,1.1852917836744658e-19,0.0067031770686146385
GF_00390,Positive,0.7341313269493843,0.8488372093023255,0.11470588235294117,86,187.12208352614118,1.3506495728415139e-42,0.006657944087151703
GF_00522,Negative,-0.0499004479840717,0.22448979591836735,0.27439024390243905,98,0.7291489738538954,0.39315917833061753,0.00665554691481235
GF_00136,Positive,0.3658591096012873,0.42436974789915966,0.05851063829787234,238,70.67219366020905,4.2179583377418545e-17,0.0066506590873475074
GF_01334,Positive,0.7281701444622793,0.8714285714285714,0.14325842696629212,70,156.3218864447214,7.199937206610764e-36,0.006627047798235483
GF_00438,Positive,0.39876490725616986,0.48663101604278075,0.08786610878661087,187,84.04111540516418,4.8459125361148127e-20,0.006605531781410183
GF_00570,Positive,0.005633802816901401,0.2676056338028169,0.2619718309859155,71,0.0,1.0,0.006588185300728573
GF_00385,Positive,0.715059513541487,0.8352941176470589,0.12023460410557185,85,175.85186706853017,3.901066213082917e-40,0.00650776845210335
GF_00346,Positive,0.7183025253840146,0.8260869565217391,0.10778443113772455,92,188.35979727293744,7.250364411908222e-43,0.00647166922883132
GF_00178,Positive,0.22451274362818593,0.29347826086956524,0.06896551724137931,368,11.899464102080842,0.0005615009625710529,0.006383826562739756
GF_00341,Positive,0.36586084905660377,0.5377358490566038,0.171875,106,53.12661340960962,3.1272661299873905e-13,0.00636182337796015
GF_00845,Positive,0.2340285976649613,0.2975206611570248,0.06349206349206349,363,13.988527122435013,0.00018392953580211588,0.006284583142681751
GF_00072,Positive,0.38855698529411764,0.41796875,0.029411764705882353,256,77.59789423189905,1.2630470311381914e-18,0.006257427507544814
GF_00641,Positive,0.7358881590501949,0.8554216867469879,0.119533527696793,83,182.97070914235496,1.0884854447605659e-41,0.006125851655668066
GF_01689,Positive,0.00836120401337792,0.2692307692307692,0.2608695652173913,104,0.0016237618098066903,0.9678572001647472,0.0060664265587577326
GF_00386,Positive,0.47355200945626474,0.5763888888888888,0.10283687943262411,144,107.87836133519592,2.857905592703571e-25,0.006061018914238192
GF_01811,Positive,0.5319425696404467,0.6137931034482759,0.08185053380782918,145,136.92650255266142,1.2513196147785026e-31,0.006047546291065092
GF_00408,Positive,0.7453580901856764,0.8717948717948718,0.12643678160919541,78,178.84336837216978,8.668906722838691e-41,0.006035123598778146
GF_00138,Negative,-0.10285902070325334,0.17647058823529413,0.27932960893854747,68,2.611681227418377,0.10607924762141022,0.005958590303274438
GF_01542,Positive,0.38454916675863593,0.4479638009049774,0.06341463414634146,221,79.18210861219765,5.664070000079213e-19,0.005944451607124275
GF_01544,Negative,-0.10505430242272348,0.17857142857142858,0.28362573099415206,84,3.317586594015749,0.06854237939420446,0.005939532915051192
GF_00403,Negative,-0.1580806235537693,0.13043478260869565,0.28851540616246496,69,6.6630988521135395,0.009842960406748242,0.005891201319746226
GF_01428,Positive,0.5669683851502033,0.746031746031746,0.1790633608815427,63,86.146864153094,1.6705661708486082e-20,0.005806534360414268
GF_00078,Negative,-0.08173616596682326,0.19402985074626866,0.2757660167130919,67,1.5475921183796157,0.21349126171505517,0.00578384810643431
GF_00137,Negative,-0.10237106600954637,0.1780821917808219,0.2804532577903683,73,2.764317026376044,0.09638781658507067,0.005749192771287556
GF_02223,Positive,0.35128998968008257,0.403921568627451,0.05263157894736842,255,63.38216895038269,1.7025219148797146e-15,0.0057183550582275
GF_01477,Positive,0.38910969793322736,0.46568627450980393,0.07657657657657657,204,81.06370273244863,2.185576302452122e-19,0.005622397275778043
GF_01929,Negative,-0.11703958691910499,0.1686746987951807,0.2857142857142857,83,4.13923863907203,0.04190001081496007,0.0056207439147307504
GF_02076,Negative,-0.15081967213114753,0.13333333333333333,0.28415300546448086,60,5.297521708445831,0.021355788709884974,0.005573161157335471
GF_00338,Positive,0.6935907046476761,0.8620689655172413,0.16847826086956522,58,120.82484064976016,4.174055790621828e-28,0.0055015433586493925
GF_00614,Positive,0.39436026936026936,0.4128787878787879,0.018518518518518517,264,78.5467013386251,7.812918824083157e-19,0.005479089496674197
GF_01836,Positive,0.4190614183369557,0.5609756097560976,0.1419141914191419,123,77.1325330139208,1.5986221549763622e-18,0.005387222526949721
GF_02184,Positive,0.4177989498186543,0.6326530612244898,0.21485411140583555,49,36.93396142684597,1.2219877153368258e-09,0.005304065042199601
GF_00609,Positive,0.4710701484895033,0.5714285714285714,0.1003584229390681,147,107.82647246943628,2.9337156721031106e-25,0.005288219574713433
GF_01919,Positive,0.6467541436464088,0.8125,0.16574585635359115,64,114.07570990785271,1.2542692278172078e-26,0.005275454779665321
GF_00676,Positive,0.6699190861494526,0.8636363636363636,0.193717277486911,44,87.94974750489823,6.7138685910816436e-21,0.005248336918530791
GF_00319,Negative,-0.08480134932533734,0.1896551724137931,0.27445652173913043,58,1.4474245963559964,0.22894164775807543,0.005245259837940262
GF_00433,Positive,0.35919117647058824,0.40625,0.047058823529411764,256,66.17370614354668,4.128838462805349e-16,0.0052260260542104755
GF_02101,Positive,0.7373015873015873,0.8444444444444444,0.10714285714285714,90,195.34229529889183,2.169231808957861e-44,0.00521403278618715
GF_00785,Positive,0.637175096839387,0.8297872340425532,0.19261213720316622,47,84.3453801140368,4.154685988409409e-20,0.00518167455953511
GF_00365,Positive,0.36437592258487783,0.5494505494505495,0.18507462686567164,91,47.166125058073135,6.521789692859808e-12,0.005165419409331449
GF_01231,Positive,0.3211397998136403,0.34055727554179566,0.019417475728155338,323,39.92073240879465,2.644809670302184e-10,0.005159108408767773
GF_01639,Positive,0.7210977701543739,0.8909090909090909,0.16981132075471697,55,124.8306506979123,5.542887435536943e-29,0.005081389659076803
GF_00659,Positive,0.7805785576186481,0.8987341772151899,0.11815561959654179,79,198.31807532296648,4.8626507567073524e-45,0.004976624821188747
GF_00427,Positive,0.011982287053920293,0.2727272727272727,0.2607449856733524,77,0.005355484566691221,0.9416619453442225,0.004946803904366424
GF_01237,Negative,-0.03286230693394676,0.23529411764705882,0.2681564245810056,68,0.17145343541554958,0.6788233109273012,0.00493370081865005
GF_01923,Negative,-0.15959821428571427,0.11904761904761904,0.2786458333333333,42,4.186714897319399,0.040741973650855884,0.004888827615192325
GF_01502,Positive,0.3787372434675339,0.42738589211618255,0.04864864864864865,241,75.52672579204048,3.604942614297332e-18,0.004693193356409919
GF_02094,Positive,0.1617728531855956,0.4,0.23822714681440443,65,6.627274909177841,0.010042879282826307,0.004518964703836959
GF_02136,Positive,0.3831872933669341,0.41312741312741313,0.029940119760479042,259,74.96618018096206,4.788467423467942e-18,0.004450099275001845
GF_01801,Negative,-0.17934362934362935,0.10714285714285714,0.2864864864864865,56,7.1738526473918025,0.007397374187663999,0.004429771590542598
GF_00113,Negative,-0.14467766116941527,0.13793103448275862,0.2826086956521739,58,4.690960912251734,0.030321686050592645,0.00433724825585111
GF_01635,Positive,0.7690028901734104,0.8875,0.11849710982658959,80,194.33390468320187,3.600707206636026e-44,0.004264265734864283
GF_01552,Positive,0.3667214012041598,0.4126984126984127,0.04597701149425287,252,69.55074442815233,7.44736447786784e-17,0.004258605900772335
GF_02218,Positive,0.407258064516129,0.5,0.09274193548387097,178,86.60055371791128,1.3280996057644002e-20,0.0041313918701218885
GF_00071,Negative,-0.13925531914893613,0.14,0.27925531914893614,50,3.7267841564139546,0.053546393016316994,0.004033403678248468
GF_00106,Negative,-0.10199556541019952,0.17073170731707318,0.2727272727272727,41,1.4976493914328188,0.22103339595824134,0.003952396940767267
GF_00428,Negative,-0.06508805330794856,0.20454545454545456,0.2696335078534031,44,0.5593681132224401,0.45451495142125387,0.003754319799872232
GF_00947,Negative,-0.12422871246400657,0.15384615384615385,0.27807486631016043,52,3.022845682441387,0.08209928874803588,0.003702638064864959
GF_00727,Positive,0.36714019294085143,0.4085603112840467,0.04142011834319527,257,69.03434136509127,9.676376351712144e-17,0.0036332928072154154
GF_00142,Negative,-0.14851258581235696,0.13043478260869565,0.2789473684210526,46,3.935216085379262,0.0472850653376301,0.003602827365983702
GF_01387,Positive,0.40703874866690365,0.4482758620689655,0.041237113402061855,232,88.23994255863965,5.797728304068378e-21,0.0033609780396521
GF_02194,Positive,0.7375421419664712,0.8983050847457628,0.16076294277929154,59,138.89637854494794,4.640415252411687e-32,0.0031226589873306933
GF_00015,Positive,0.4105090311986864,0.5057471264367817,0.09523809523809523,174,87.40123098781024,8.859533430585947e-21,0.00308801445078007
GF_00353,Positive,0.4315638450502152,0.47058823529411764,0.03902439024390244,221,99.99627458403207,1.5268398610614005e-23,0.002996594595828545
GF_00740,Positive,0.411894715692184,0.49206349206349204,0.08016877637130802,189,89.94117861407241,2.4534698603469735e-21,0.0027701670902261456
GF_00121,Negative,-0.09311443273707426,0.18181818181818182,0.2749326145552561,55,1.6894894898995971,0.1936682793039714,0.0027034354378411346
GF_00109,Negative,-0.13925531914893613,0.14,0.27925531914893614,50,3.7267841564139546,0.053546393016316994,0.0026622613639682665
GF_00868,Negative,-0.0807302809870204,0.19298245614035087,0.27371273712737126,57,1.2700289299059357,0.259761252739441,0.0023355596469267527
GF_01803,Negative,-0.11021505376344085,0.16666666666666666,0.2768817204301075,54,2.4144566143952972,0.12021967925229753,0.002043616590592781
GF_00117,Negative,-0.11659574468085107,0.16,0.2765957446808511,50,2.523455598537355,0.11216454895286908,0.001968395034314968
GF_00074,Negative,-0.12047058823529411,0.1568627450980392,0.2773333333333333,51,2.769290718835305,0.0960887304947293,0.0017924214751431963
GF_01579,Positive,0.2635294117647059,0.2635294117647059,0.0,425,0.0,1.0,0.00153674890730455
GF_00087,Positive,0.2635294117647059,0.2635294117647059,0.0,425,0.0,1.0,0.00094288048358185
GF_01297,Positive,0.26291079812206575,0.26291079812206575,0.0,426,0.0,1.0,0.0
GF_01899,Positive,0.26291079812206575,0.26291079812206575,0.0,426,0.0,1.0,0.0
GF_01945,Positive,0.26291079812206575,0.26291079812206575,0.0,426,0.0,1.0,0.0
