gene_family,representative,num_genomes
GF_00000,GCF_000007925.1|WP_011125419.1,125
GF_00001,GCF_000009705.1|WP_010994417.1,48
GF_00002,GCF_000009705.1|WP_010994745.1,89
GF_00003,GCF_000009705.1|WP_010995334.1,44
GF_00004,GCF_000009705.1|WP_010995511.1,41
GF_00005,GCF_000009705.1|WP_010998083.1,40
GF_00006,GCF_000009705.1|WP_010998234.1,49
GF_00007,GCF_000009705.1|WP_010998941.1,55
GF_00008,GCF_000009725.1|WP_010871438.1,55
GF_00009,GCF_000009725.1|WP_010871612.1,64
GF_00010,GCF_000009725.1|WP_010873265.1,44
GF_00011,GCF_000009725.1|WP_269464884.1,58
GF_00012,GCF_000010065.1|WP_011243162.1,41
GF_00013,GCF_000010625.1|WP_002733247.1,44
GF_00014,GCF_000010625.1|WP_002759776.1,53
GF_00015,GCF_000010625.1|WP_004162436.1,174
GF_00016,GCF_000011345.1|WP_231833820.1,40
GF_00017,GCF_000011385.1|WP_011144274.1,269
GF_00018,GCF_000011385.1|WP_164929297.1,68
GF_00019,GCF_000011465.1|WP_011132377.1,41
GF_00020,GCF_000011465.1|WP_011133060.1,131
GF_00021,GCF_000011485.1|WP_011129823.1,89
GF_00022,GCF_000011485.1|WP_011131312.1,71
GF_00023,GCF_000012465.1|WP_011295460.1,144
GF_00024,GCF_000012505.1|WP_006169854.1,103
GF_00025,GCF_000012505.1|WP_006173546.1,109
GF_00026,GCF_000012505.1|WP_011359198.1,59
GF_00027,GCF_000012505.1|WP_011359235.1,45
GF_00028,GCF_000012505.1|WP_011359417.1,71
GF_00029,GCF_000012505.1|WP_011359909.1,53
GF_00030,GCF_000012505.1|WP_011360084.1,70
GF_00031,GCF_000012505.1|WP_011360095.1,45
GF_00032,GCF_000012505.1|WP_011360994.1,40
GF_00033,GCF_000012505.1|WP_041425114.1,70
GF_00034,GCF_000012505.1|WP_041425471.1,111
GF_00035,GCF_000012505.1|WP_255346182.1,159
GF_00036,GCF_000012525.1|WP_011243750.1,94
GF_00037,GCF_000012625.1|WP_011363283.1,98
GF_00038,GCF_000012625.1|WP_011363381.1,87
GF_00039,GCF_000012625.1|WP_011365091.1,69
GF_00040,GCF_000012645.1|WP_002806486.1,105
GF_00041,GCF_000012645.1|WP_011376071.1,76
GF_00042,GCF_000012645.1|WP_011376930.1,42
GF_00043,GCF_000013205.1|WP_011431127.1,260
GF_00044,GCF_000013225.1|WP_011432158.1,44
GF_00045,GCF_000013225.1|WP_011432996.1,144
GF_00046,GCF_000013225.1|WP_011433725.1,129
GF_00047,GCF_000014265.1|WP_011610260.1,229
GF_00048,GCF_000014265.1|WP_011610914.1,99
GF_00049,GCF_000014265.1|WP_011611412.1,96
GF_00050,GCF_000014265.1|WP_011612218.1,55
GF_00051,GCF_000014265.1|WP_011613666.1,264
GF_00052,GCF_000014265.1|WP_011613974.1,47
GF_00053,GCF_000014585.1|WP_011618696.1,42
GF_00054,GCF_000014585.1|WP_011618982.1,51
GF_00055,GCF_000014585.1|WP_011619267.1,53
GF_00056,GCF_000014585.1|WP_011619473.1,99
GF_00057,GCF_000014585.1|WP_011619619.1,46
GF_00058,GCF_000014585.1|WP_011620302.1,42
GF_00059,GCF_000014585.1|WP_041426383.1,108
GF_00060,GCF_000014585.1|WP_041426790.1,48
GF_00061,GCF_000014585.1|WP_369791611.1,49
GF_00062,GCF_000015645.1|WP_002807348.1,43
GF_00063,GCF_000015645.1|WP_011819167.1,148
GF_00064,GCF_000015665.1|WP_011819579.1,89
GF_00065,GCF_000015705.1|WP_011824761.1,51
GF_00066,GCF_000015705.1|WP_011826038.1,150
GF_00067,GCF_000015705.1|WP_011826626.1,153
GF_00068,GCF_000015705.1|WP_011826927.1,153
GF_00069,GCF_000015705.1|WP_041374694.1,53
GF_00070,GCF_000015965.1|WP_011376303.1,95
GF_00071,GCF_000017845.1|WP_008272520.1,50
GF_00072,GCF_000017845.1|WP_009543471.1,256
GF_00073,GCF_000017845.1|WP_009543769.1,50
GF_00074,GCF_000017845.1|WP_009543802.1,51
GF_00075,GCF_000017845.1|WP_009543837.1,42
GF_00076,GCF_000017845.1|WP_009544615.1,54
GF_00077,GCF_000017845.1|WP_009545005.1,56
GF_00078,GCF_000017845.1|WP_009545495.1,67
GF_00079,GCF_000017845.1|WP_009545719.1,84
GF_00080,GCF_000017845.1|WP_009546385.1,98
GF_00081,GCF_000017845.1|WP_009546827.1,161
GF_00082,GCF_000017845.1|WP_009546875.1,50
GF_00083,GCF_000017845.1|WP_009547634.1,45
GF_00084,GCF_000017845.1|WP_009548018.1,61
GF_00085,GCF_000017845.1|WP_024750131.1,81
GF_00086,GCF_000017845.1|WP_024750138.1,66
GF_00087,GCF_000017845.1|WP_041231990.1,425
GF_00088,GCF_000017845.1|WP_198019428.1,271
GF_00089,GCF_000018065.1|WP_002807795.1,153
GF_00090,GCF_000018065.1|WP_012007905.1,52
GF_00091,GCF_000018065.1|WP_012008320.1,43
GF_00092,GCF_000018065.1|WP_012008577.1,153
GF_00093,GCF_000018105.1|WP_012163575.1,239
GF_00094,GCF_000018105.1|WP_012165917.1,212
GF_00095,GCF_000020025.1|WP_012406861.1,52
GF_00096,GCF_000020025.1|WP_012407446.1,68
GF_00097,GCF_000020025.1|WP_012408113.1,52
GF_00098,GCF_000020025.1|WP_012408911.1,54
GF_00099,GCF_000020025.1|WP_012409454.1,40
GF_00100,GCF_000020025.1|WP_012410028.1,47
GF_00101,GCF_000020025.1|WP_012410631.1,65
GF_00102,GCF_000020025.1|WP_012411674.1,46
GF_00103,GCF_000020025.1|WP_012412424.1,44
GF_00104,GCF_000021805.1|WP_012593685.1,109
GF_00105,GCF_000021805.1|WP_012594389.1,46
GF_00106,GCF_000021805.1|WP_012594946.1,41
GF_00107,GCF_000021805.1|WP_012594993.1,69
GF_00108,GCF_000021805.1|WP_012595059.1,47
GF_00109,GCF_000021805.1|WP_012595371.1,50
GF_00110,GCF_000021805.1|WP_012595624.1,40
GF_00111,GCF_000021805.1|WP_012596068.1,55
GF_00112,GCF_000021805.1|WP_012597054.1,130
GF_00113,GCF_000021805.1|WP_012597132.1,58
GF_00114,GCF_000021805.1|WP_012597191.1,56
GF_00115,GCF_000021805.1|WP_015785239.1,77
GF_00116,GCF_000021825.1|WP_012598263.1,59
GF_00117,GCF_000021825.1|WP_012598890.1,50
GF_00118,GCF_000021825.1|WP_012599210.1,46
GF_00119,GCF_000021825.1|WP_015954520.1,58
GF_00120,GCF_000021825.1|WP_015954870.1,68
GF_00121,GCF_000021825.1|WP_015955917.1,55
GF_00122,GCF_000021825.1|WP_015955931.1,159
GF_00123,GCF_000021825.1|WP_015956087.1,55
GF_00124,GCF_000021825.1|WP_015956359.1,191
GF_00125,GCF_000025125.1|WP_012954085.1,42
GF_00126,GCF_000063505.1|WP_011932117.1,47
GF_00127,GCF_000063505.1|WP_011933106.1,53
GF_00128,GCF_000063505.1|WP_011933798.1,77
GF_00129,GCF_000063505.1|WP_041428492.1,40
GF_00130,GCF_000063505.1|WP_083833639.1,69
GF_00131,GCF_000063525.1|WP_011934467.1,58
GF_00132,GCF_000063525.1|WP_011934525.1,76
GF_00133,GCF_000063525.1|WP_011935271.1,74
GF_00134,GCF_000063525.1|WP_043738436.1,82
GF_00135,GCF_000063525.1|WP_083831688.1,149
GF_00136,GCF_000147335.1|WP_013320542.1,238
GF_00137,GCF_000147335.1|WP_013320705.1,73
GF_00138,GCF_000147335.1|WP_013321113.1,68
GF_00139,GCF_000147335.1|WP_013322272.1,62
GF_00140,GCF_000147335.1|WP_013324305.1,46
GF_00141,GCF_000147335.1|WP_013324980.1,51
GF_00142,GCF_000147335.1|WP_071881442.1,46
GF_00143,GCF_000147335.1|WP_083786811.1,263
GF_00144,GCF_000161795.2|WP_006851435.1,81
GF_00145,GCF_000179235.2|WP_010303680.1,153
GF_00146,GCF_000179235.2|WP_010306227.1,77
GF_00147,GCF_000179235.2|WP_010308261.1,107
GF_00148,GCF_000179235.2|WP_010308496.1,45
GF_00149,GCF_000179235.2|WP_010309253.1,43
GF_00150,GCF_000179235.2|WP_010310621.1,151
GF_00151,GCF_000179235.2|WP_010310835.1,101
GF_00152,GCF_000179235.2|WP_010311829.1,81
GF_00153,GCF_000195975.1|WP_011127908.1,51
GF_00154,GCF_000195975.1|WP_011128786.1,72
GF_00155,GCF_000196515.1|WP_013189728.1,92
GF_00156,GCF_000196515.1|WP_013189929.1,44
GF_00157,GCF_000196515.1|WP_013190623.1,57
GF_00158,GCF_000196515.1|WP_013190626.1,42
GF_00159,GCF_000196515.1|WP_013190739.1,57
GF_00160,GCF_000196515.1|WP_013190832.1,54
GF_00161,GCF_000196515.1|WP_013190892.1,51
GF_00162,GCF_000196515.1|WP_013191127.1,61
GF_00163,GCF_000196515.1|WP_013191225.1,56
GF_00164,GCF_000196515.1|WP_013191366.1,188
GF_00165,GCF_000196515.1|WP_013191488.1,45
GF_00166,GCF_000196515.1|WP_013191543.1,52
GF_00167,GCF_000196515.1|WP_013191594.1,44
GF_00168,GCF_000196515.1|WP_013192381.1,76
GF_00169,GCF_000196515.1|WP_013192398.1,63
GF_00170,GCF_000196515.1|WP_013192517.1,47
GF_00171,GCF_000204075.1|WP_011318121.1,40
GF_00172,GCF_000204075.1|WP_011318298.1,51
GF_00173,GCF_000204075.1|WP_011318504.1,55
GF_00174,GCF_000204075.1|WP_011318538.1,56
GF_00175,GCF_000204075.1|WP_011318545.1,46
GF_00176,GCF_000204075.1|WP_011319029.1,42
GF_00177,GCF_000204075.1|WP_041456166.1,41
GF_00178,GCF_000284135.1|WP_010871958.1,368
GF_00179,GCF_000284135.1|WP_010874337.1,57
GF_00180,GCF_000284455.1|WP_010871399.1,75
GF_00181,GCF_000284455.1|WP_010873244.1,46
GF_00182,GCF_000312705.1|WP_015079642.1,67
GF_00183,GCF_000312705.1|WP_015081207.1,57
GF_00184,GCF_000312705.1|WP_015083029.1,57
GF_00185,GCF_000312705.1|WP_015083579.1,75
GF_00186,GCF_000312705.1|WP_371260351.1,65
GF_00187,GCF_000316515.1|WP_015107690.1,63
GF_00188,GCF_000316515.1|WP_015108077.1,67
GF_00189,GCF_000316515.1|WP_015108086.1,73
GF_00190,GCF_000316515.1|WP_015108962.1,103
GF_00191,GCF_000316515.1|WP_015109416.1,126
GF_00192,GCF_000316515.1|WP_015109676.1,99
GF_00193,GCF_000316515.1|WP_015109700.1,153
GF_00194,GCF_000316515.1|WP_015109774.1,151
GF_00195,GCF_000316515.1|WP_015109864.1,95
GF_00196,GCF_000316515.1|WP_015109932.1,52
GF_00197,GCF_000316515.1|WP_015110789.1,153
GF_00198,GCF_000316515.1|WP_043327500.1,100
GF_00199,GCF_000316515.1|WP_245552542.1,107
GF_00200,GCF_000316575.1|WP_015126631.1,58
GF_00201,GCF_000316575.1|WP_015126913.1,69
GF_00202,GCF_000316575.1|WP_015126944.1,55
GF_00203,GCF_000316575.1|WP_015126945.1,40
GF_00204,GCF_000316575.1|WP_015127018.1,51
GF_00205,GCF_000316575.1|WP_015127112.1,63
GF_00206,GCF_000316575.1|WP_015127194.1,58
GF_00207,GCF_000316575.1|WP_015127588.1,47
GF_00208,GCF_000316575.1|WP_015127803.1,55
GF_00209,GCF_000316575.1|WP_015127853.1,47
GF_00210,GCF_000316575.1|WP_015127987.1,44
GF_00211,GCF_000316575.1|WP_015128230.1,40
GF_00212,GCF_000316575.1|WP_015128541.1,41
GF_00213,GCF_000316575.1|WP_015128725.1,53
GF_00214,GCF_000316575.1|WP_015128791.1,66
GF_00215,GCF_000316575.1|WP_015129224.1,49
GF_00216,GCF_000316575.1|WP_015129368.1,43
GF_00217,GCF_000316575.1|WP_015129458.1,58
GF_00218,GCF_000316575.1|WP_015129760.1,54
GF_00219,GCF_000316575.1|WP_015129882.1,59
GF_00220,GCF_000316575.1|WP_015131229.1,52
GF_00221,GCF_000316575.1|WP_015131277.1,43
GF_00222,GCF_000316575.1|WP_015131279.1,42
GF_00223,GCF_000316575.1|WP_015131393.1,51
GF_00224,GCF_000316575.1|WP_015131554.1,42
GF_00225,GCF_000316575.1|WP_015131799.1,71
GF_00226,GCF_000316575.1|WP_015132063.1,40
GF_00227,GCF_000316575.1|WP_015132070.1,48
GF_00228,GCF_000316605.1|WP_015134439.1,60
GF_00229,GCF_000316605.1|WP_015136264.1,66
GF_00230,GCF_000316625.1|WP_015111134.1,70
GF_00231,GCF_000316625.1|WP_015111163.1,68
GF_00232,GCF_000316625.1|WP_015111552.1,44
GF_00233,GCF_000316625.1|WP_015111793.1,43
GF_00234,GCF_000316625.1|WP_015111895.1,61
GF_00235,GCF_000316625.1|WP_015112079.1,78
GF_00236,GCF_000316625.1|WP_015112426.1,43
GF_00237,GCF_000316625.1|WP_015112480.1,41
GF_00238,GCF_000316625.1|WP_015112487.1,71
GF_00239,GCF_000316625.1|WP_015112699.1,58
GF_00240,GCF_000316625.1|WP_015112922.1,75
GF_00241,GCF_000316625.1|WP_015112974.1,42
GF_00242,GCF_000316625.1|WP_015113096.1,57
GF_00243,GCF_000316625.1|WP_015113436.1,49
GF_00244,GCF_000316625.1|WP_015113562.1,48
GF_00245,GCF_000316625.1|WP_015113602.1,72
GF_00246,GCF_000316625.1|WP_015113902.1,66
GF_00247,GCF_000316625.1|WP_015114403.1,53
GF_00248,GCF_000316625.1|WP_015114658.1,76
GF_00249,GCF_000316625.1|WP_015114772.1,58
GF_00250,GCF_000316625.1|WP_015114897.1,64
GF_00251,GCF_000316625.1|WP_015114906.1,124
GF_00252,GCF_000316625.1|WP_015115269.1,43
GF_00253,GCF_000316625.1|WP_015115733.1,61
GF_00254,GCF_000316625.1|WP_015115782.1,43
GF_00255,GCF_000316625.1|WP_015115959.1,40
GF_00256,GCF_000316625.1|WP_044499822.1,50
GF_00257,GCF_000316625.1|WP_044501131.1,48
GF_00258,GCF_000316645.1|WP_015136692.1,68
GF_00259,GCF_000316645.1|WP_015136759.1,46
GF_00260,GCF_000316645.1|WP_015136807.1,68
GF_00261,GCF_000316645.1|WP_015137163.1,53
GF_00262,GCF_000316645.1|WP_015137280.1,87
GF_00263,GCF_000316645.1|WP_015137332.1,57
GF_00264,GCF_000316645.1|WP_015137353.1,58
GF_00265,GCF_000316645.1|WP_015137627.1,41
GF_00266,GCF_000316645.1|WP_015137731.1,57
GF_00267,GCF_000316645.1|WP_015137732.1,69
GF_00268,GCF_000316645.1|WP_015137812.1,46
GF_00269,GCF_000316645.1|WP_015138169.1,41
GF_00270,GCF_000316645.1|WP_015138432.1,51
GF_00271,GCF_000316645.1|WP_015138465.1,45
GF_00272,GCF_000316645.1|WP_015138480.1,50
GF_00273,GCF_000316645.1|WP_015138850.1,41
GF_00274,GCF_000316645.1|WP_015138891.1,41
GF_00275,GCF_000316645.1|WP_015139547.1,48
GF_00276,GCF_000316645.1|WP_015139735.1,61
GF_00277,GCF_000316645.1|WP_015139835.1,53
GF_00278,GCF_000316645.1|WP_015140113.1,48
GF_00279,GCF_000316645.1|WP_015140517.1,60
GF_00280,GCF_000316645.1|WP_015140805.1,51
GF_00281,GCF_000316645.1|WP_015141170.1,267
GF_00282,GCF_000316645.1|WP_015141192.1,48
GF_00283,GCF_000316645.1|WP_015141455.1,42
GF_00284,GCF_000316645.1|WP_015141670.1,47
GF_00285,GCF_000316645.1|WP_015141674.1,47
GF_00286,GCF_000316645.1|WP_041555590.1,55
GF_00287,GCF_000316645.1|WP_041555873.1,55
GF_00288,GCF_000316665.1|WP_015116305.1,55
GF_00289,GCF_000316665.1|WP_015116666.1,62
GF_00290,GCF_000316665.1|WP_015117004.1,271
GF_00291,GCF_000316665.1|WP_015117101.1,70
GF_00292,GCF_000316665.1|WP_015117240.1,59
GF_00293,GCF_000316665.1|WP_015117271.1,52
GF_00294,GCF_000316665.1|WP_015117428.1,71
GF_00295,GCF_000316665.1|WP_015117691.1,58
GF_00296,GCF_000316665.1|WP_015117909.1,102
GF_00297,GCF_000316665.1|WP_015118318.1,63
GF_00298,GCF_000316665.1|WP_015118651.1,63
GF_00299,GCF_000316665.1|WP_015118663.1,65
GF_00300,GCF_000316665.1|WP_015119621.1,103
GF_00301,GCF_000316665.1|WP_015120199.1,72
GF_00302,GCF_000316665.1|WP_015121218.1,63
GF_00303,GCF_000316665.1|WP_015121313.1,74
GF_00304,GCF_000316665.1|WP_015121684.1,55
GF_00305,GCF_000316665.1|WP_015122041.1,82
GF_00306,GCF_000316665.1|WP_015122351.1,54
GF_00307,GCF_000316665.1|WP_044291090.1,62
GF_00308,GCF_000316685.1|WP_015124094.1,49
GF_00309,GCF_000316685.1|WP_015124997.1,313
GF_00310,GCF_000316685.1|WP_015125045.1,40
GF_00311,GCF_000316685.1|WP_015125659.1,88
GF_00312,GCF_000316685.1|WP_015126040.1,64
GF_00313,GCF_000317025.1|WP_015142316.1,129
GF_00314,GCF_000317025.1|WP_015142428.1,129
GF_00315,GCF_000317025.1|WP_015142544.1,53
GF_00316,GCF_000317025.1|WP_015142757.1,150
GF_00317,GCF_000317025.1|WP_015143644.1,46
GF_00318,GCF_000317025.1|WP_015144219.1,48
GF_00319,GCF_000317025.1|WP_015144347.1,58
GF_00320,GCF_000317025.1|WP_015144512.1,53
GF_00321,GCF_000317025.1|WP_015144714.1,79
GF_00322,GCF_000317025.1|WP_015144810.1,57
GF_00323,GCF_000317025.1|WP_015145013.1,161
GF_00324,GCF_000317025.1|WP_015145219.1,69
GF_00325,GCF_000317025.1|WP_015145597.1,72
GF_00326,GCF_000317025.1|WP_371265303.1,263
GF_00327,GCF_000317045.1|WP_015170153.1,291
GF_00328,GCF_000317045.1|WP_015170859.1,63
GF_00329,GCF_000317045.1|WP_015171086.1,62
GF_00330,GCF_000317045.1|WP_015171679.1,167
GF_00331,GCF_000317045.1|WP_015171743.1,103
GF_00332,GCF_000317045.1|WP_015171913.1,42
GF_00333,GCF_000317045.1|WP_015172317.1,56
GF_00334,GCF_000317045.1|WP_015172638.1,55
GF_00335,GCF_000317045.1|WP_015172983.1,186
GF_00336,GCF_000317045.1|WP_015173083.1,106
GF_00337,GCF_000317045.1|WP_015173832.1,55
GF_00338,GCF_000317045.1|WP_015173881.1,58
GF_00339,GCF_000317045.1|WP_041268749.1,60
GF_00340,GCF_000317065.1|WP_015163544.1,220
GF_00341,GCF_000317065.1|WP_015164046.1,106
GF_00342,GCF_000317065.1|WP_413773414.1,124
GF_00343,GCF_000317085.1|WP_015167578.1,257
GF_00344,GCF_000317085.1|WP_015167606.1,227
GF_00345,GCF_000317085.1|WP_015168344.1,70
GF_00346,GCF_000317105.1|WP_015147187.1,92
GF_00347,GCF_000317105.1|WP_015147598.1,118
GF_00348,GCF_000317105.1|WP_015149222.1,45
GF_00349,GCF_000317105.1|WP_015150336.1,285
GF_00350,GCF_000317105.1|WP_015150398.1,320
GF_00351,GCF_000317105.1|WP_015150406.1,63
GF_00352,GCF_000317105.1|WP_263011614.1,161
GF_00353,GCF_000317125.1|WP_015152286.1,221
GF_00354,GCF_000317125.1|WP_015152316.1,52
GF_00355,GCF_000317125.1|WP_015152545.1,73
GF_00356,GCF_000317125.1|WP_015153752.1,70
GF_00357,GCF_000317125.1|WP_015154065.1,50
GF_00358,GCF_000317125.1|WP_015154169.1,126
GF_00359,GCF_000317125.1|WP_015154701.1,71
GF_00360,GCF_000317125.1|WP_015154821.1,230
GF_00361,GCF_000317125.1|WP_015155216.1,73
GF_00362,GCF_000317125.1|WP_015156595.1,159
GF_00363,GCF_000317125.1|WP_015156709.1,103
GF_00364,GCF_000317125.1|WP_015157257.1,59
GF_00365,GCF_000317435.1|WP_015195880.1,91
GF_00366,GCF_000317435.1|WP_015196246.1,63
GF_00367,GCF_000317435.1|WP_015196343.1,46
GF_00368,GCF_000317435.1|WP_015196416.1,58
GF_00369,GCF_000317435.1|WP_015197209.1,96
GF_00370,GCF_000317435.1|WP_015197248.1,69
GF_00371,GCF_000317435.1|WP_015199056.1,52
GF_00372,GCF_000317435.1|WP_015199068.1,68
GF_00373,GCF_000317435.1|WP_015199161.1,71
GF_00374,GCF_000317435.1|WP_015199536.1,57
GF_00375,GCF_000317435.1|WP_015199655.1,65
GF_00376,GCF_000317435.1|WP_015199753.1,73
GF_00377,GCF_000317435.1|WP_015199959.1,81
GF_00378,GCF_000317435.1|WP_015200855.1,76
GF_00379,GCF_000317435.1|WP_015200882.1,71
GF_00380,GCF_000317435.1|WP_015200967.1,63
GF_00381,GCF_000317435.1|WP_015201058.1,79
GF_00382,GCF_000317435.1|WP_203225930.1,46
GF_00383,GCF_000317435.1|WP_415748909.1,68
GF_00384,GCF_000317475.1|WP_015176672.1,92
GF_00385,GCF_000317475.1|WP_015176726.1,85
GF_00386,GCF_000317475.1|WP_015178715.1,144
GF_00387,GCF_000317495.1|WP_015201288.1,78
GF_00388,GCF_000317495.1|WP_015201869.1,100
GF_00389,GCF_000317495.1|WP_015202808.1,43
GF_00390,GCF_000317495.1|WP_015203289.1,86
GF_00391,GCF_000317495.1|WP_015203294.1,78
GF_00392,GCF_000317495.1|WP_015203462.1,49
GF_00393,GCF_000317495.1|WP_015203653.1,269
GF_00394,GCF_000317495.1|WP_015203689.1,59
GF_00395,GCF_000317515.1|WP_015181464.1,95
GF_00396,GCF_000317515.1|WP_015181581.1,169
GF_00397,GCF_000317515.1|WP_015183407.1,43
GF_00398,GCF_000317515.1|WP_015183850.1,59
GF_00399,GCF_000317515.1|WP_015184078.1,82
GF_00400,GCF_000317515.1|WP_015184541.1,171
GF_00401,GCF_000317515.1|WP_015185144.1,69
GF_00402,GCF_000317515.1|WP_015185386.1,54
GF_00403,GCF_000317515.1|WP_015185672.1,69
GF_00404,GCF_000317515.1|WP_041780046.1,202
GF_00405,GCF_000317515.1|WP_041780987.1,174
GF_00406,GCF_000317555.1|WP_015186855.1,95
GF_00407,GCF_000317555.1|WP_015187210.1,58
GF_00408,GCF_000317555.1|WP_015187355.1,78
GF_00409,GCF_000317555.1|WP_015188066.1,124
GF_00410,GCF_000317555.1|WP_015188284.1,41
GF_00411,GCF_000317555.1|WP_015188712.1,73
GF_00412,GCF_000317555.1|WP_015188752.1,66
GF_00413,GCF_000317555.1|WP_015188757.1,211
GF_00414,GCF_000317555.1|WP_015188884.1,92
GF_00415,GCF_000317555.1|WP_015189091.1,182
GF_00416,GCF_000317555.1|WP_015189456.1,48
GF_00417,GCF_000317555.1|WP_015189593.1,47
GF_00418,GCF_000317555.1|WP_015189983.1,40
GF_00419,GCF_000317555.1|WP_015190108.1,75
GF_00420,GCF_000317555.1|WP_015190223.1,62
GF_00421,GCF_000317555.1|WP_015190353.1,54
GF_00422,GCF_000317555.1|WP_015190541.1,137
GF_00423,GCF_000317555.1|WP_015190911.1,54
GF_00424,GCF_000317555.1|WP_015190917.1,111
GF_00425,GCF_000317555.1|WP_041918716.1,46
GF_00426,GCF_000317555.1|WP_231295638.1,149
GF_00427,GCF_000317575.1|WP_015192125.1,77
GF_00428,GCF_000317575.1|WP_015192980.1,44
GF_00429,GCF_000317575.1|WP_015193274.1,52
GF_00430,GCF_000317575.1|WP_015194676.1,127
GF_00431,GCF_000317575.1|WP_041619654.1,96
GF_00432,GCF_000317615.1|WP_015228822.1,148
GF_00433,GCF_000317615.1|WP_015230177.1,256
GF_00434,GCF_000317615.1|WP_015230724.1,138
GF_00435,GCF_000317615.1|WP_198007742.1,182
GF_00436,GCF_000317635.1|WP_015226619.1,141
GF_00437,GCF_000317635.1|WP_015227559.1,74
GF_00438,GCF_000317655.1|WP_015223154.1,187
GF_00439,GCF_000317655.1|WP_015223432.1,42
GF_00440,GCF_000317675.1|WP_015219449.1,60
GF_00441,GCF_000317675.1|WP_015219556.1,73
GF_00442,GCF_000317695.1|WP_015212856.1,55
GF_00443,GCF_000317695.1|WP_015213227.1,48
GF_00444,GCF_000317695.1|WP_015213454.1,41
GF_00445,GCF_000317695.1|WP_015214381.1,63
GF_00446,GCF_000317695.1|WP_015214459.1,65
GF_00447,GCF_000317695.1|WP_015214529.1,54
GF_00448,GCF_000317695.1|WP_015214599.1,69
GF_00449,GCF_000317695.1|WP_015214702.1,69
GF_00450,GCF_000317695.1|WP_015214708.1,66
GF_00451,GCF_000317695.1|WP_015215075.1,53
GF_00452,GCF_000317695.1|WP_015215296.1,62
GF_00453,GCF_000317695.1|WP_015215322.1,60
GF_00454,GCF_000317695.1|WP_015216738.1,49
GF_00455,GCF_000317695.1|WP_015217027.1,95
GF_00456,GCF_000340785.1|WP_010872076.1,47
GF_00457,GCF_000340785.1|WP_010872691.1,198
GF_00458,GCF_000340785.1|WP_010872811.1,60
GF_00459,GCF_000478825.2|WP_028948690.1,54
GF_00460,GCF_000478825.2|WP_028948701.1,55
GF_00461,GCF_000734895.2|WP_035148907.1,56
GF_00462,GCF_000734895.2|WP_035149106.1,47
GF_00463,GCF_000734895.2|WP_035149701.1,55
GF_00464,GCF_000734895.2|WP_035151139.1,45
GF_00465,GCF_000734895.2|WP_035151477.1,55
GF_00466,GCF_000734895.2|WP_035152131.1,40
GF_00467,GCF_000734895.2|WP_035152141.1,50
GF_00468,GCF_000734895.2|WP_035152834.1,73
GF_00469,GCF_000734895.2|WP_035153075.1,67
GF_00470,GCF_000734895.2|WP_035153188.1,60
GF_00471,GCF_000734895.2|WP_035153408.1,81
GF_00472,GCF_000734895.2|WP_035153575.1,86
GF_00473,GCF_000734895.2|WP_035153946.1,50
GF_00474,GCF_000734895.2|WP_035154073.1,69
GF_00475,GCF_000734895.2|WP_035154247.1,72
GF_00476,GCF_000734895.2|WP_035154970.1,74
GF_00477,GCF_000734895.2|WP_035155488.1,106
GF_00478,GCF_000734895.2|WP_035155590.1,68
GF_00479,GCF_000734895.2|WP_035156119.1,65
GF_00480,GCF_000734895.2|WP_035156290.1,71
GF_00481,GCF_000734895.2|WP_035156893.1,68
GF_00482,GCF_000734895.2|WP_035156910.1,58
GF_00483,GCF_000734895.2|WP_035157454.1,73
GF_00484,GCF_000734895.2|WP_035157744.1,54
GF_00485,GCF_000734895.2|WP_035158090.1,72
GF_00486,GCF_000734895.2|WP_035158181.1,72
GF_00487,GCF_000734895.2|WP_035158475.1,46
GF_00488,GCF_000734895.2|WP_035159069.1,209
GF_00489,GCF_000734895.2|WP_035159372.1,71
GF_00490,GCF_000734895.2|WP_035159660.1,49
GF_00491,GCF_000734895.2|WP_168163402.1,73
GF_00492,GCF_000734895.2|WP_168163491.1,55
GF_00493,GCF_000734895.2|WP_256388833.1,45
GF_00494,GCF_000737535.1|WP_038542862.1,52
GF_00495,GCF_000737535.1|WP_038542877.1,51
GF_00496,GCF_000737535.1|WP_038542879.1,52
GF_00497,GCF_000737535.1|WP_038543129.1,153
GF_00498,GCF_000737535.1|WP_038543265.1,122
GF_00499,GCF_000737535.1|WP_038543564.1,49
GF_00500,GCF_000737535.1|WP_038543712.1,62
GF_00501,GCF_000737535.1|WP_038544339.1,152
GF_00502,GCF_000737535.1|WP_038546431.1,52
GF_00503,GCF_000737535.1|WP_038546575.1,334
GF_00504,GCF_000737535.1|WP_038547308.1,97
GF_00505,GCF_000737535.1|WP_038547845.1,54
GF_00506,GCF_000737535.1|WP_156097881.1,56
GF_00507,GCF_000737575.1|WP_043691062.1,70
GF_00508,GCF_000737575.1|WP_043691591.1,52
GF_00509,GCF_000737575.1|WP_043691771.1,69
GF_00510,GCF_000737575.1|WP_043693869.1,72
GF_00511,GCF_000737575.1|WP_043694283.1,70
GF_00512,GCF_000737575.1|WP_043694653.1,53
GF_00513,GCF_000737575.1|WP_043696700.1,71
GF_00514,GCF_000737595.1|WP_038551436.1,71
GF_00515,GCF_000737595.1|WP_038556010.1,48
GF_00516,GCF_000757845.1|WP_011819135.1,136
GF_00517,GCF_000757845.1|WP_042849746.1,41
GF_00518,GCF_000757845.1|WP_042850718.1,150
GF_00519,GCF_000757865.1|WP_011125327.1,53
GF_00520,GCF_000757865.1|WP_011294252.1,135
GF_00521,GCF_000757865.1|WP_038654211.1,40
GF_00522,GCF_000829235.1|WP_044105550.1,98
GF_00523,GCF_000829235.1|WP_044105749.1,71
GF_00524,GCF_000829235.1|WP_044105798.1,145
GF_00525,GCF_000829235.1|WP_044106434.1,56
GF_00526,GCF_000829235.1|WP_044107032.1,82
GF_00527,GCF_000829235.1|WP_044107165.1,65
GF_00528,GCF_000829235.1|WP_044107565.1,56
GF_00529,GCF_000981785.1|WP_016514648.1,52
GF_00530,GCF_000981785.1|WP_046661131.1,77
GF_00531,GCF_000981785.2|WP_002753908.1,203
GF_00532,GCF_001182765.1|WP_049691460.1,43
GF_00533,GCF_001182765.1|WP_049692062.1,53
GF_00534,GCF_001182765.1|WP_049692587.1,124
GF_00535,GCF_001182765.1|WP_231852754.1,68
GF_00536,GCF_001264245.1|WP_425311603.1,113
GF_00537,GCF_001277295.1|WP_039201368.1,57
GF_00538,GCF_001277295.1|WP_039202298.1,50
GF_00539,GCF_001277295.1|WP_053538449.1,70
GF_00540,GCF_001277295.1|WP_053538817.1,59
GF_00541,GCF_001277295.1|WP_053538924.1,56
GF_00542,GCF_001277295.1|WP_053539165.1,47
GF_00543,GCF_001277295.1|WP_053540016.1,40
GF_00544,GCF_001277295.1|WP_053540267.1,58
GF_00545,GCF_001277295.1|WP_233455458.1,57
GF_00546,GCF_001277295.1|WP_233455595.1,60
GF_00547,GCF_001318385.1|WP_010872863.1,62
GF_00548,GCF_001521855.1|WP_012306720.1,63
GF_00549,GCF_001548115.1|WP_066115868.1,44
GF_00550,GCF_001548115.1|WP_066116388.1,47
GF_00551,GCF_001548375.1|WP_067763314.1,50
GF_00552,GCF_001548375.1|WP_067765009.1,42
GF_00553,GCF_001548375.1|WP_067766036.1,44
GF_00554,GCF_001548375.1|WP_067766897.1,63
GF_00555,GCF_001548375.1|WP_067768551.1,54
GF_00556,GCF_001548375.1|WP_067769005.1,46
GF_00557,GCF_001548375.1|WP_067769771.1,46
GF_00558,GCF_001548375.1|WP_067770011.1,65
GF_00559,GCF_001548375.1|WP_067770172.1,52
GF_00560,GCF_001548375.1|WP_067771461.1,41
GF_00561,GCF_001548375.1|WP_067773233.1,58
GF_00562,GCF_001548375.1|WP_067775017.1,42
GF_00563,GCF_001548375.1|WP_171843540.1,43
GF_00564,GCF_001548395.1|WP_068510479.1,71
GF_00565,GCF_001548395.1|WP_286132651.1,129
GF_00566,GCF_001548395.1|WP_317134255.1,107
GF_00567,GCF_001548435.1|WP_068382895.1,79
GF_00568,GCF_001548435.1|WP_068383519.1,46
GF_00569,GCF_001548435.1|WP_068385944.1,56
GF_00570,GCF_001548435.1|WP_068388013.1,71
GF_00571,GCF_001548455.1|WP_009455266.1,42
GF_00572,GCF_001548455.1|WP_009459944.1,68
GF_00573,GCF_001548455.1|WP_026086338.1,72
GF_00574,GCF_001548455.1|WP_026086521.1,83
GF_00575,GCF_001548455.1|WP_062242581.1,63
GF_00576,GCF_001548455.1|WP_062242741.1,43
GF_00577,GCF_001548455.1|WP_062243577.1,51
GF_00578,GCF_001548455.1|WP_062243693.1,82
GF_00579,GCF_001548455.1|WP_062243835.1,53
GF_00580,GCF_001548455.1|WP_062243887.1,70
GF_00581,GCF_001548455.1|WP_062243928.1,58
GF_00582,GCF_001548455.1|WP_062244540.1,71
GF_00583,GCF_001548455.1|WP_062244801.1,60
GF_00584,GCF_001548455.1|WP_062245224.1,63
GF_00585,GCF_001548455.1|WP_062246257.1,58
GF_00586,GCF_001548455.1|WP_062246480.1,54
GF_00587,GCF_001548455.1|WP_062246890.1,56
GF_00588,GCF_001548455.1|WP_062247077.1,99
GF_00589,GCF_001548455.1|WP_062248090.1,55
GF_00590,GCF_001548455.1|WP_062249091.1,40
GF_00591,GCF_001548455.1|WP_062249137.1,70
GF_00592,GCF_001548455.1|WP_062249293.1,61
GF_00593,GCF_001548455.1|WP_062249519.1,77
GF_00594,GCF_001693275.1|WP_041443506.1,43
GF_00595,GCF_001693295.1|WP_041443765.1,41
GF_00596,GCF_001693295.1|WP_065716485.1,67
GF_00597,GCF_001693295.1|WP_065716664.1,43
GF_00598,GCF_001704955.1|WP_002766588.1,45
GF_00599,GCF_001746915.2|WP_069965199.1,89
GF_00600,GCF_001746915.2|WP_069965439.1,63
GF_00601,GCF_001746915.2|WP_069965909.1,52
GF_00602,GCF_001746915.2|WP_069966027.1,82
GF_00603,GCF_001746915.2|WP_069967036.1,112
GF_00604,GCF_001746915.2|WP_069968655.1,102
GF_00605,GCF_001746915.2|WP_069968979.1,89
GF_00606,GCF_001746915.2|WP_069969246.1,120
GF_00607,GCF_001746915.2|WP_069969485.1,61
GF_00608,GCF_001746915.2|WP_069970039.1,49
GF_00609,GCF_001746915.2|WP_141724258.1,147
GF_00610,GCF_001747005.2|WP_069789373.1,41
GF_00611,GCF_001747005.2|WP_069791756.1,79
GF_00612,GCF_001747005.2|WP_069792118.1,213
GF_00613,GCF_001767235.1|WP_070391491.1,220
GF_00614,GCF_001767235.1|WP_070391749.1,264
GF_00615,GCF_001767235.1|WP_070392134.1,41
GF_00616,GCF_001767235.1|WP_083305426.1,48
GF_00617,GCF_001767235.1|WP_229423933.1,55
GF_00618,GCF_001854205.2|WP_008183615.1,172
GF_00619,GCF_001854205.2|WP_008184397.1,78
GF_00620,GCF_001854205.2|WP_071102125.1,51
GF_00621,GCF_001854205.2|WP_071104505.1,75
GF_00622,GCF_001854205.2|WP_071104661.1,71
GF_00623,GCF_001854205.2|WP_071105090.1,172
GF_00624,GCF_001854205.2|WP_071106450.1,191
GF_00625,GCF_001885215.1|WP_071799947.1,97
GF_00626,GCF_001885215.1|WP_071800020.1,78
GF_00627,GCF_001885215.1|WP_071800179.1,94
GF_00628,GCF_001885215.1|WP_071800705.1,152
GF_00629,GCF_001885215.1|WP_071800737.1,125
GF_00630,GCF_001885215.1|WP_071801245.1,74
GF_00631,GCF_001885215.1|WP_071802073.1,102
GF_00632,GCF_001885215.1|WP_083544554.1,153
GF_00633,GCF_002075285.2|WP_080806024.1,88
GF_00634,GCF_002075285.2|WP_080808897.1,107
GF_00635,GCF_002075285.2|WP_080810839.1,137
GF_00636,GCF_002075285.3|WP_080811895.1,70
GF_00637,GCF_002075285.3|WP_088431350.1,206
GF_00638,GCF_002095975.1|WP_002737956.1,56
GF_00639,GCF_002095975.1|WP_002742030.1,52
GF_00640,GCF_002142475.1|WP_017290890.1,42
GF_00641,GCF_002142475.1|WP_316426824.1,83
GF_00642,GCF_002142495.1|WP_017287941.1,113
GF_00643,GCF_002163975.1|WP_087538421.1,107
GF_00644,GCF_002163975.1|WP_087538453.1,59
GF_00645,GCF_002163975.1|WP_087538459.1,58
GF_00646,GCF_002163975.1|WP_087538828.1,71
GF_00647,GCF_002163975.1|WP_087538864.1,40
GF_00648,GCF_002163975.1|WP_087538881.1,70
GF_00649,GCF_002163975.1|WP_087538942.1,46
GF_00650,GCF_002163975.1|WP_087539086.1,64
GF_00651,GCF_002163975.1|WP_087539676.1,61
GF_00652,GCF_002163975.1|WP_087540221.1,66
GF_00653,GCF_002163975.1|WP_087541247.1,66
GF_00654,GCF_002163975.1|WP_087541304.1,57
GF_00655,GCF_002163975.1|WP_087541323.1,147
GF_00656,GCF_002163975.1|WP_087541373.1,51
GF_00657,GCF_002163975.1|WP_087541571.1,42
GF_00658,GCF_002163975.1|WP_087541574.1,177
GF_00659,GCF_002163975.1|WP_087541655.1,79
GF_00660,GCF_002163975.1|WP_087542353.1,72
GF_00661,GCF_002163975.1|WP_087542563.1,66
GF_00662,GCF_002163975.1|WP_087542576.1,76
GF_00663,GCF_002163975.1|WP_087542819.1,68
GF_00664,GCF_002163975.1|WP_087542934.1,60
GF_00665,GCF_002163975.1|WP_087543494.1,58
GF_00666,GCF_002163975.1|WP_087543635.1,75
GF_00667,GCF_002163975.1|WP_087543655.1,62
GF_00668,GCF_002163975.1|WP_087543704.1,63
GF_00669,GCF_002163975.1|WP_087543734.1,79
GF_00670,GCF_002163975.1|WP_087543797.1,45
GF_00671,GCF_002163975.1|WP_087544024.1,71
GF_00672,GCF_002163975.1|WP_087544255.1,44
GF_00673,GCF_002163975.1|WP_087544636.1,61
GF_00674,GCF_002163975.1|WP_087544663.1,47
GF_00675,GCF_002163975.1|WP_087545188.1,74
GF_00676,GCF_002163975.1|WP_087545909.1,44
GF_00677,GCF_002163975.1|WP_087546021.1,68
GF_00678,GCF_002163975.1|WP_087546286.1,68
GF_00679,GCF_002163975.1|WP_087546342.1,68
GF_00680,GCF_002355455.1|WP_096379489.1,43
GF_00681,GCF_002355455.1|WP_096383993.1,50
GF_00682,GCF_002355455.1|WP_096384020.1,74
GF_00683,GCF_002355455.1|WP_096384375.1,52
GF_00684,GCF_002355455.1|WP_096386831.1,44
GF_00685,GCF_002355455.1|WP_096387333.1,72
GF_00686,GCF_002356215.1|WP_071990938.1,43
GF_00687,GCF_002356215.1|WP_096416714.1,45
GF_00688,GCF_002368175.1|WP_086688748.1,244
GF_00689,GCF_002368175.1|WP_096586646.1,40
GF_00690,GCF_002368175.1|WP_096586696.1,40
GF_00691,GCF_002368175.1|WP_096586726.1,43
GF_00692,GCF_002368175.1|WP_096586943.1,42
GF_00693,GCF_002368175.1|WP_096587222.1,42
GF_00694,GCF_002368175.1|WP_096587528.1,69
GF_00695,GCF_002368175.1|WP_096587588.1,69
GF_00696,GCF_002368175.1|WP_096587994.1,59
GF_00697,GCF_002368175.1|WP_096588446.1,54
GF_00698,GCF_002368175.1|WP_096588803.1,51
GF_00699,GCF_002368175.1|WP_096589266.1,84
GF_00700,GCF_002368175.1|WP_096589292.1,47
GF_00701,GCF_002368175.1|WP_096590036.1,45
GF_00702,GCF_002368175.1|WP_096590357.1,41
GF_00703,GCF_002368175.1|WP_096590482.1,40
GF_00704,GCF_002368175.1|WP_096590506.1,48
GF_00705,GCF_002368175.1|WP_096591165.1,44
GF_00706,GCF_002368175.1|WP_096591418.1,49
GF_00707,GCF_002368175.1|WP_096591781.1,69
GF_00708,GCF_002368175.1|WP_096591940.1,61
GF_00709,GCF_002368175.1|WP_096592098.1,69
GF_00710,GCF_002368175.1|WP_096593212.1,58
GF_00711,GCF_002368175.1|WP_096593339.1,63
GF_00712,GCF_002368175.1|WP_096593488.1,44
GF_00713,GCF_002368175.1|WP_096593924.1,46
GF_00714,GCF_002368175.1|WP_096594201.1,59
GF_00715,GCF_002368175.1|WP_096594568.1,40
GF_00716,GCF_002368175.1|WP_096594639.1,41
GF_00717,GCF_002368175.1|WP_096594857.1,60
GF_00718,GCF_002368175.1|WP_096595033.1,50
GF_00719,GCF_002368175.1|WP_096595082.1,64
GF_00720,GCF_002368175.1|WP_096595085.1,46
GF_00721,GCF_002368175.1|WP_096595442.1,49
GF_00722,GCF_002368175.1|WP_096595486.1,70
GF_00723,GCF_002368255.1|WP_017288122.1,162
GF_00724,GCF_002368255.1|WP_017289646.1,67
GF_00725,GCF_002368255.1|WP_026148612.1,125
GF_00726,GCF_002368355.1|WP_096717845.1,250
GF_00727,GCF_002368355.1|WP_096718524.1,257
GF_00728,GCF_002368355.1|WP_096720536.1,70
GF_00729,GCF_002368355.1|WP_096723375.1,257
GF_00730,GCF_002368395.1|WP_096619929.1,62
GF_00731,GCF_002368395.1|WP_096620182.1,65
GF_00732,GCF_002368395.1|WP_096620388.1,81
GF_00733,GCF_002368395.1|WP_096620598.1,67
GF_00734,GCF_002368395.1|WP_096621459.1,73
GF_00735,GCF_002368395.1|WP_096621616.1,70
GF_00736,GCF_002368395.1|WP_096621721.1,97
GF_00737,GCF_002368395.1|WP_096621801.1,74
GF_00738,GCF_002368395.1|WP_096621828.1,62
GF_00739,GCF_002368395.1|WP_096622290.1,52
GF_00740,GCF_002368395.1|WP_096622297.1,189
GF_00741,GCF_002368395.1|WP_096622373.1,144
GF_00742,GCF_002368395.1|WP_096622500.1,63
GF_00743,GCF_002368395.1|WP_096624943.1,65
GF_00744,GCF_002368395.1|WP_096625199.1,178
GF_00745,GCF_002368395.1|WP_096626538.1,65
GF_00746,GCF_002368395.1|WP_172892810.1,43
GF_00747,GCF_002368455.1|WP_096684936.1,42
GF_00748,GCF_002368455.1|WP_096684988.1,45
GF_00749,GCF_002368455.1|WP_096685008.1,45
GF_00750,GCF_002368455.1|WP_096686211.1,65
GF_00751,GCF_002368455.1|WP_096687364.1,237
GF_00752,GCF_002368455.1|WP_096688527.1,44
GF_00753,GCF_002368455.1|WP_096689483.1,46
GF_00754,GCF_002368455.1|WP_096689899.1,68
GF_00755,GCF_002368455.1|WP_096689905.1,261
GF_00756,GCF_002368455.1|WP_096690132.1,105
GF_00757,GCF_002368455.1|WP_096690402.1,71
GF_00758,GCF_002368455.1|WP_096690651.1,55
GF_00759,GCF_002368455.1|WP_096691260.1,67
GF_00760,GCF_002368455.1|WP_096691411.1,49
GF_00761,GCF_002368455.1|WP_096691861.1,46
GF_00762,GCF_002368455.1|WP_096692096.1,58
GF_00763,GCF_002368455.1|WP_096692478.1,62
GF_00764,GCF_002368455.1|WP_096692624.1,54
GF_00765,GCF_002368455.1|WP_096692754.1,53
GF_00766,GCF_002368455.1|WP_096694448.1,51
GF_00767,GCF_002754935.1|WP_099798204.1,50
GF_00768,GCF_002754935.1|WP_099798671.1,50
GF_00769,GCF_002813575.1|WP_100897817.1,46
GF_00770,GCF_002813575.1|WP_100898429.1,46
GF_00771,GCF_002813575.1|WP_100900104.1,218
GF_00772,GCF_002813575.1|WP_100901898.1,44
GF_00773,GCF_002813575.1|WP_100901953.1,120
GF_00774,GCF_002813575.1|WP_225912500.1,42
GF_00775,GCF_002896875.1|WP_103135604.1,60
GF_00776,GCF_002896875.1|WP_103135631.1,40
GF_00777,GCF_002896875.1|WP_103136309.1,121
GF_00778,GCF_002896875.1|WP_103136880.1,55
GF_00779,GCF_002896875.1|WP_103137382.1,42
GF_00780,GCF_002896875.1|WP_103137566.1,65
GF_00781,GCF_002896875.1|WP_103137655.1,69
GF_00782,GCF_002896875.1|WP_103137814.1,40
GF_00783,GCF_002896875.1|WP_103137977.1,63
GF_00784,GCF_002896875.1|WP_103138683.1,47
GF_00785,GCF_002896875.1|WP_103139424.1,47
GF_00786,GCF_002896875.1|WP_103139795.1,56
GF_00787,GCF_002896875.1|WP_103140280.1,41
GF_00788,GCF_002896875.1|WP_225977397.1,43
GF_00789,GCF_002949735.1|WP_094328316.1,43
GF_00790,GCF_002949735.1|WP_094329904.1,48
GF_00791,GCF_002949735.1|WP_094330256.1,61
GF_00792,GCF_002949735.1|WP_094330458.1,60
GF_00793,GCF_002949735.1|WP_104900344.1,57
GF_00794,GCF_002949795.1|WP_012412259.1,72
GF_00795,GCF_002949795.1|WP_094349537.1,66
GF_00796,GCF_002949795.1|WP_104904955.1,182
GF_00797,GCF_002949795.1|WP_104905569.1,51
GF_00798,GCF_002949795.1|WP_104905897.1,55
GF_00799,GCF_002949795.1|WP_104906191.1,49
GF_00800,GCF_002949795.1|WP_104906450.1,47
GF_00801,GCF_002949795.1|WP_104906615.1,51
GF_00802,GCF_002949795.1|WP_104906820.1,45
GF_00803,GCF_002949795.1|WP_104907025.1,47
GF_00804,GCF_002949795.1|WP_104907288.1,47
GF_00805,GCF_002949795.1|WP_104907381.1,41
GF_00806,GCF_002949795.1|WP_104907585.1,68
GF_00807,GCF_002949795.1|WP_104908204.1,50
GF_00808,GCF_002949795.1|WP_104908888.1,45
GF_00809,GCF_002949795.1|WP_104909186.1,59
GF_00810,GCF_002949795.1|WP_104909653.1,72
GF_00811,GCF_002949795.1|WP_104909795.1,54
GF_00812,GCF_002949795.1|WP_199784787.1,41
GF_00813,GCF_003015225.1|WP_010871976.1,59
GF_00814,GCF_003015225.1|WP_010874147.1,249
GF_00815,GCF_003019735.1|WP_002736108.1,103
GF_00816,GCF_003019735.1|WP_008197804.1,79
GF_00817,GCF_003019735.1|WP_008203357.1,45
GF_00818,GCF_003054475.1|WP_006194120.1,57
GF_00819,GCF_003054475.1|WP_006194296.1,351
GF_00820,GCF_003054475.1|WP_006194493.1,40
GF_00821,GCF_003054475.1|WP_006194625.1,47
GF_00822,GCF_003054475.1|WP_006194632.1,40
GF_00823,GCF_003054475.1|WP_006194756.1,72
GF_00824,GCF_003054475.1|WP_006194819.1,41
GF_00825,GCF_003054475.1|WP_006194867.1,62
GF_00826,GCF_003054475.1|WP_006196956.1,40
GF_00827,GCF_003054475.1|WP_006197300.1,58
GF_00828,GCF_003054475.1|WP_006197474.1,73
GF_00829,GCF_003054475.1|WP_006197908.1,63
GF_00830,GCF_003054475.1|WP_006197995.1,42
GF_00831,GCF_003054475.1|WP_006198151.1,40
GF_00832,GCF_003054475.1|WP_006198628.1,72
GF_00833,GCF_003054475.1|WP_006199206.1,50
GF_00834,GCF_003054475.1|WP_006199299.1,53
GF_00835,GCF_003054475.1|WP_017803826.1,45
GF_00836,GCF_003054475.1|WP_042201828.1,57
GF_00837,GCF_003054475.1|WP_042202394.1,50
GF_00838,GCF_003054475.1|WP_042202714.1,65
GF_00839,GCF_003054475.1|WP_042203119.1,58
GF_00840,GCF_003054475.1|WP_107805717.1,72
GF_00841,GCF_003054475.1|WP_107806151.1,43
GF_00842,GCF_003054475.1|WP_107806589.1,55
GF_00843,GCF_003054475.1|WP_107806824.1,46
GF_00844,GCF_003054475.1|WP_173403248.1,56
GF_00845,GCF_003367075.2|WP_006276131.1,363
GF_00846,GCF_003367075.2|WP_006278355.1,70
GF_00847,GCF_003367075.2|WP_006278555.1,61
GF_00848,GCF_003367075.2|WP_006278655.1,61
GF_00849,GCF_003367075.2|WP_057177343.1,52
GF_00850,GCF_003367075.2|WP_071985351.1,55
GF_00851,GCF_003367075.2|WP_115539214.1,67
GF_00852,GCF_003443655.1|WP_094328229.1,51
GF_00853,GCF_003443655.1|WP_118162089.1,46
GF_00854,GCF_003443655.1|WP_118166451.1,60
GF_00855,GCF_003443655.1|WP_118166605.1,68
GF_00856,GCF_003443655.1|WP_118166753.1,58
GF_00857,GCF_003443655.1|WP_118167292.1,229
GF_00858,GCF_003443655.1|WP_118167603.1,65
GF_00859,GCF_003443655.1|WP_118168074.1,65
GF_00860,GCF_003443655.1|WP_118168093.1,67
GF_00861,GCF_003443655.1|WP_118168598.1,58
GF_00862,GCF_003443655.1|WP_118169297.1,41
GF_00863,GCF_003443655.1|WP_118171348.1,52
GF_00864,GCF_003555505.1|WP_181494854.1,146
GF_00865,GCF_003555505.1|WP_181496404.1,40
GF_00866,GCF_003555505.1|WP_220131034.1,148
GF_00867,GCF_003574135.1|WP_119259820.1,63
GF_00868,GCF_003574135.1|WP_119259931.1,57
GF_00869,GCF_003957805.1|WP_196794062.1,50
GF_00870,GCF_003967015.1|WP_126384763.1,57
GF_00871,GCF_003990665.1|WP_011057407.1,41
GF_00872,GCF_003990665.1|WP_011057713.1,40
GF_00873,GCF_003990665.1|WP_126986339.1,61
GF_00874,GCF_003990665.1|WP_126987583.1,133
GF_00875,GCF_004209775.1|WP_007102692.1,44
GF_00876,GCF_004209775.1|WP_130128262.1,68
GF_00877,GCF_004209775.1|WP_130128342.1,62
GF_00878,GCF_004209775.1|WP_130129275.1,94
GF_00879,GCF_004209775.1|WP_130129277.1,58
GF_00880,GCF_004209775.1|WP_130129313.1,47
GF_00881,GCF_004209775.1|WP_130129356.1,69
GF_00882,GCF_004209775.1|WP_130129487.1,61
GF_00883,GCF_004209775.1|WP_130129606.1,150
GF_00884,GCF_004209775.1|WP_130129963.1,127
GF_00885,GCF_004209775.1|WP_165380883.1,83
GF_00886,GCF_004209775.1|WP_174719501.1,89
GF_00887,GCF_007904085.1|WP_146294090.1,81
GF_00888,GCF_007904085.1|WP_146296677.1,73
GF_00889,GCF_008121535.1|WP_148759688.1,74
GF_00890,GCF_008121535.1|WP_148760808.1,67
GF_00891,GCF_008121535.1|WP_148761225.1,67
GF_00892,GCF_008121535.1|WP_148761555.1,53
GF_00893,GCF_008121535.1|WP_148762867.1,81
GF_00894,GCF_008121535.1|WP_148763044.1,58
GF_00895,GCF_008121535.1|WP_148763726.1,239
GF_00896,GCF_008807075.1|WP_150881895.1,50
GF_00897,GCF_008807075.1|WP_150882011.1,42
GF_00898,GCF_008807075.1|WP_150882380.1,101
GF_00899,GCF_008807075.1|WP_150882979.1,153
GF_00900,GCF_008807075.1|WP_150883410.1,73
GF_00901,GCF_008807075.1|WP_150883645.1,45
GF_00902,GCF_008807075.1|WP_150883832.1,125
GF_00903,GCF_008807075.1|WP_150883859.1,100
GF_00904,GCF_008807075.1|WP_150884054.1,130
GF_00905,GCF_008807075.1|WP_150884302.1,102
GF_00906,GCF_008807075.1|WP_150884354.1,69
GF_00907,GCF_008807075.1|WP_150884520.1,99
GF_00908,GCF_008807075.1|WP_150884653.1,45
GF_00909,GCF_009372195.1|WP_069069307.1,44
GF_00910,GCF_009372195.1|WP_118162170.1,57
GF_00911,GCF_009372195.1|WP_118165701.1,51
GF_00912,GCF_009372195.1|WP_118166876.1,58
GF_00913,GCF_009372195.1|WP_118167326.1,48
GF_00914,GCF_009372195.1|WP_118167765.1,56
GF_00915,GCF_009372195.1|WP_118170233.1,53
GF_00916,GCF_009372195.1|WP_152588516.1,242
GF_00917,GCF_009372195.1|WP_152588976.1,62
GF_00918,GCF_009372195.1|WP_152589033.1,57
GF_00919,GCF_009372195.1|WP_152589637.1,40
GF_00920,GCF_009498015.1|WP_010995040.1,70
GF_00921,GCF_009498015.1|WP_011318224.1,42
GF_00922,GCF_009498015.1|WP_011318413.1,44
GF_00923,GCF_009498015.1|WP_011318515.1,59
GF_00924,GCF_009498015.1|WP_011318559.1,45
GF_00925,GCF_009498015.1|WP_011318964.1,62
GF_00926,GCF_009498015.1|WP_011319463.1,47
GF_00927,GCF_009498015.1|WP_011319757.1,54
GF_00928,GCF_009498015.1|WP_011319951.1,41
GF_00929,GCF_009498015.1|WP_011320936.1,75
GF_00930,GCF_009498015.1|WP_041456941.1,73
GF_00931,GCF_009498015.1|WP_153228531.1,417
GF_00932,GCF_009792235.1|WP_158201461.1,54
GF_00933,GCF_009792235.1|WP_199273306.1,71
GF_00934,GCF_009856605.1|WP_011318793.1,40
GF_00935,GCF_009856605.1|WP_011320319.1,67
GF_00936,GCF_009856605.1|WP_011320343.1,63
GF_00937,GCF_009856605.1|WP_041457040.1,55
GF_00938,GCF_009856605.1|WP_104009913.1,49
GF_00939,GCF_009873495.1|WP_012409102.1,58
GF_00940,GCF_009873495.1|WP_114080909.1,69
GF_00941,GCF_009873495.1|WP_114081430.1,65
GF_00942,GCF_009873495.1|WP_114083152.1,48
GF_00943,GCF_009873495.1|WP_114084578.1,40
GF_00944,GCF_009873495.1|WP_114084913.1,42
GF_00945,GCF_009873495.1|WP_114085115.1,45
GF_00946,GCF_009873495.1|WP_114086182.1,50
GF_00947,GCF_010196425.1|WP_103112634.1,52
GF_00948,GCF_011769525.1|WP_045869131.1,70
GF_00949,GCF_011769525.1|WP_167719980.1,88
GF_00950,GCF_011769525.1|WP_167722586.1,46
GF_00951,GCF_011769525.1|WP_167722665.1,46
GF_00952,GCF_011769525.1|WP_167725497.1,71
GF_00953,GCF_011769525.1|WP_167726334.1,58
GF_00954,GCF_011769525.1|WP_167727037.1,52
GF_00955,GCF_011769525.1|WP_167727491.1,67
GF_00956,GCF_011769525.1|WP_244329283.1,56
GF_00957,GCF_012295525.1|WP_168568322.1,124
GF_00958,GCF_012295525.1|WP_168568338.1,262
GF_00959,GCF_012295525.1|WP_168570874.1,77
GF_00960,GCF_012516315.1|WP_006616830.1,212
GF_00961,GCF_012516395.1|WP_148760786.1,47
GF_00962,GCF_012516395.1|WP_148763326.1,40
GF_00963,GCF_012516395.1|WP_168695629.1,74
GF_00964,GCF_012516395.1|WP_168696040.1,45
GF_00965,GCF_012516395.1|WP_168696357.1,54
GF_00966,GCF_013177315.1|WP_172353674.1,53
GF_00967,GCF_013177315.1|WP_172355599.1,45
GF_00968,GCF_013177315.1|WP_172355609.1,250
GF_00969,GCF_013177315.1|WP_172358468.1,151
GF_00970,GCF_013177315.1|WP_172358642.1,138
GF_00971,GCF_013177315.1|WP_172358922.1,49
GF_00972,GCF_013343235.1|WP_174710388.1,80
GF_00973,GCF_013343235.1|WP_174710699.1,67
GF_00974,GCF_013343235.1|WP_254625720.1,43
GF_00975,GCF_013393905.1|WP_094352809.1,53
GF_00976,GCF_013393905.1|WP_179063538.1,43
GF_00977,GCF_013393905.1|WP_179063889.1,41
GF_00978,GCF_013393905.1|WP_179065019.1,48
GF_00979,GCF_013393905.1|WP_179065878.1,42
GF_00980,GCF_013393905.1|WP_179065906.1,51
GF_00981,GCF_013393905.1|WP_179066480.1,53
GF_00982,GCF_013393905.1|WP_179066597.1,55
GF_00983,GCF_013393905.1|WP_179066627.1,42
GF_00984,GCF_013393905.1|WP_179066928.1,52
GF_00985,GCF_013393905.1|WP_179067128.1,46
GF_00986,GCF_013393905.1|WP_179067455.1,55
GF_00987,GCF_013393905.1|WP_179068008.1,69
GF_00988,GCF_013393905.1|WP_179068586.1,52
GF_00989,GCF_013393905.1|WP_179068597.1,48
GF_00990,GCF_013393925.1|WP_179072340.1,43
GF_00991,GCF_013393925.1|WP_179073028.1,67
GF_00992,GCF_013393925.1|WP_179073749.1,41
GF_00993,GCF_013393925.1|WP_179073924.1,40
GF_00994,GCF_013393925.1|WP_372726526.1,71
GF_00995,GCF_013393945.1|WP_179046621.1,43
GF_00996,GCF_013393945.1|WP_179046702.1,49
GF_00997,GCF_013393945.1|WP_179046935.1,43
GF_00998,GCF_013393945.1|WP_179047025.1,54
GF_00999,GCF_013393945.1|WP_179047662.1,58
GF_01000,GCF_013393945.1|WP_179048057.1,41
GF_01001,GCF_013393945.1|WP_179048110.1,67
GF_01002,GCF_013393945.1|WP_179048647.1,57
GF_01003,GCF_013393945.1|WP_179048761.1,46
GF_01004,GCF_013393945.1|WP_179048789.1,44
GF_01005,GCF_013393945.1|WP_179048874.1,111
GF_01006,GCF_013393945.1|WP_179048926.1,65
GF_01007,GCF_013393945.1|WP_179048934.1,69
GF_01008,GCF_013393945.1|WP_179049645.1,40
GF_01009,GCF_013393945.1|WP_179050013.1,43
GF_01010,GCF_013393945.1|WP_179050038.1,43
GF_01011,GCF_013393945.1|WP_179050376.1,63
GF_01012,GCF_013393945.1|WP_179050402.1,42
GF_01013,GCF_013393945.1|WP_179050519.1,47
GF_01014,GCF_013393945.1|WP_179050826.1,44
GF_01015,GCF_013393945.1|WP_179050988.1,45
GF_01016,GCF_013393945.1|WP_179051200.1,45
GF_01017,GCF_013393945.1|WP_179051544.1,65
GF_01018,GCF_013393945.1|WP_372726683.1,58
GF_01019,GCF_014023275.1|WP_069068188.1,43
GF_01020,GCF_014023275.1|WP_084227354.1,42
GF_01021,GCF_014023275.1|WP_181927586.1,45
GF_01022,GCF_014023275.1|WP_181927589.1,48
GF_01023,GCF_014023275.1|WP_181927591.1,51
GF_01024,GCF_014023275.1|WP_181928474.1,48
GF_01025,GCF_014023275.1|WP_181928496.1,56
GF_01026,GCF_014023275.1|WP_181928927.1,78
GF_01027,GCF_014023275.1|WP_181929127.1,96
GF_01028,GCF_014023275.1|WP_181929446.1,216
GF_01029,GCF_014023275.1|WP_181930010.1,40
GF_01030,GCF_014023275.1|WP_181930859.1,41
GF_01031,GCF_014023275.1|WP_181930956.1,51
GF_01032,GCF_014023275.1|WP_181931074.1,53
GF_01033,GCF_014023275.1|WP_181931332.1,40
GF_01034,GCF_014023275.1|WP_181931540.1,64
GF_01035,GCF_014023275.1|WP_181932289.1,61
GF_01036,GCF_014023275.1|WP_238845859.1,44
GF_01037,GCF_014217875.1|WP_185186721.1,98
GF_01038,GCF_014217875.1|WP_185187153.1,75
GF_01039,GCF_014217875.1|WP_185187223.1,50
GF_01040,GCF_014217875.1|WP_185188408.1,74
GF_01041,GCF_014279535.1|WP_115009647.1,75
GF_01042,GCF_014279535.1|WP_186496540.1,43
GF_01043,GCF_014279555.1|WP_186524200.1,65
GF_01044,GCF_014279555.1|WP_255476359.1,63
GF_01045,GCF_014279595.1|WP_007100738.1,111
GF_01046,GCF_014279595.1|WP_007100860.1,52
GF_01047,GCF_014279595.1|WP_007101351.1,53
GF_01048,GCF_014279595.1|WP_007101367.1,52
GF_01049,GCF_014279595.1|WP_007101392.1,68
GF_01050,GCF_014279595.1|WP_007101790.1,99
GF_01051,GCF_014279595.1|WP_007101797.1,62
GF_01052,GCF_014279595.1|WP_007102430.1,62
GF_01053,GCF_014279595.1|WP_038001097.1,48
GF_01054,GCF_014279615.1|WP_006041316.1,243
GF_01055,GCF_014279615.1|WP_006850288.1,150
GF_01056,GCF_014279615.1|WP_006851140.1,66
GF_01057,GCF_014279615.1|WP_043695066.1,49
GF_01058,GCF_014279615.1|WP_115009364.1,46
GF_01059,GCF_014279615.1|WP_115131364.1,55
GF_01060,GCF_014279615.1|WP_188021185.1,97
GF_01061,GCF_014279615.1|WP_188021834.1,67
GF_01062,GCF_014279615.1|WP_255445979.1,63
GF_01063,GCF_014279635.1|WP_006851191.1,42
GF_01064,GCF_014279635.1|WP_006851808.1,63
GF_01065,GCF_014279635.1|WP_011363747.1,153
GF_01066,GCF_014279635.1|WP_114988256.1,57
GF_01067,GCF_014279635.1|WP_186509078.1,44
GF_01068,GCF_014279655.1|WP_006854888.1,47
GF_01069,GCF_014279655.1|WP_186543996.1,152
GF_01070,GCF_014279655.1|WP_186544448.1,46
GF_01071,GCF_014279655.1|WP_186544971.1,90
GF_01072,GCF_014279655.1|WP_186545032.1,153
GF_01073,GCF_014279655.1|WP_186545151.1,48
GF_01074,GCF_014279655.1|WP_186545653.1,84
GF_01075,GCF_014279655.1|WP_186545898.1,76
GF_01076,GCF_014279655.1|WP_186546029.1,52
GF_01077,GCF_014279755.1|WP_186571304.1,108
GF_01078,GCF_014279755.1|WP_186571316.1,49
GF_01079,GCF_014279775.1|WP_186516953.1,54
GF_01080,GCF_014279775.1|WP_186519185.1,86
GF_01081,GCF_014279795.1|WP_186594235.1,66
GF_01082,GCF_014279795.1|WP_186594237.1,96
GF_01083,GCF_014279815.1|WP_010312227.1,81
GF_01084,GCF_014279815.1|WP_186480296.1,87
GF_01085,GCF_014279815.1|WP_186480306.1,86
GF_01086,GCF_014279815.1|WP_186480378.1,90
GF_01087,GCF_014279815.1|WP_186481615.1,66
GF_01088,GCF_014279815.1|WP_255442725.1,41
GF_01089,GCF_014279815.1|WP_255442852.1,77
GF_01090,GCF_014279815.1|WP_255442970.1,50
GF_01091,GCF_014279835.1|WP_186517332.1,143
GF_01092,GCF_014279835.1|WP_186524584.1,74
GF_01093,GCF_014279835.1|WP_186525733.1,49
GF_01094,GCF_014279835.1|WP_186588966.1,49
GF_01095,GCF_014279835.1|WP_186589377.1,97
GF_01096,GCF_014279835.1|WP_186590494.1,81
GF_01097,GCF_014279835.1|WP_186590656.1,58
GF_01098,GCF_014279855.1|WP_043736353.1,68
GF_01099,GCF_014279855.1|WP_186548239.1,152
GF_01100,GCF_014279855.1|WP_255445402.1,63
GF_01101,GCF_014279875.1|WP_186583020.1,64
GF_01102,GCF_014279875.1|WP_186583191.1,47
GF_01103,GCF_014279895.1|WP_114989232.1,41
GF_01104,GCF_014279895.1|WP_115132144.1,46
GF_01105,GCF_014279895.1|WP_186495892.1,70
GF_01106,GCF_014279895.1|WP_186541885.1,49
GF_01107,GCF_014279895.1|WP_370593100.1,96
GF_01108,GCF_014279955.1|WP_011933064.1,58
GF_01109,GCF_014279955.1|WP_011934215.1,78
GF_01110,GCF_014279955.1|WP_011934237.1,41
GF_01111,GCF_014279955.1|WP_186472056.1,101
GF_01112,GCF_014279955.1|WP_370593906.1,140
GF_01113,GCF_014279975.1|WP_186489802.1,70
GF_01114,GCF_014279975.1|WP_186490715.1,41
GF_01115,GCF_014279975.1|WP_186490761.1,104
GF_01116,GCF_014279975.1|WP_186490775.1,46
GF_01117,GCF_014279975.1|WP_186491610.1,168
GF_01118,GCF_014279975.1|WP_186492761.1,153
GF_01119,GCF_014279975.1|WP_255477283.1,64
GF_01120,GCF_014280015.1|WP_011126908.1,50
GF_01121,GCF_014280015.1|WP_011127547.1,89
GF_01122,GCF_014280015.1|WP_186482411.1,46
GF_01123,GCF_014280015.1|WP_186482600.1,100
GF_01124,GCF_014280035.1|WP_186469125.1,101
GF_01125,GCF_014280035.1|WP_186469459.1,53
GF_01126,GCF_014280035.1|WP_186469682.1,58
GF_01127,GCF_014280035.1|WP_186469703.1,71
GF_01128,GCF_014280035.1|WP_186470315.1,168
GF_01129,GCF_014280035.1|WP_186470435.1,136
GF_01130,GCF_014280035.1|WP_186470646.1,127
GF_01131,GCF_014280035.1|WP_186470665.1,69
GF_01132,GCF_014280035.1|WP_186471195.1,42
GF_01133,GCF_014280035.1|WP_255478457.1,49
GF_01134,GCF_014280055.1|WP_011128694.1,58
GF_01135,GCF_014280055.1|WP_011128700.1,53
GF_01136,GCF_014280055.1|WP_049691858.1,50
GF_01137,GCF_014280055.1|WP_186573284.1,153
GF_01138,GCF_014280075.1|WP_186493389.1,56
GF_01139,GCF_014280075.1|WP_186493668.1,70
GF_01140,GCF_014280095.1|WP_186470118.1,42
GF_01141,GCF_014280095.1|WP_186501488.1,41
GF_01142,GCF_014280095.1|WP_255476920.1,42
GF_01143,GCF_014280095.1|WP_370523223.1,41
GF_01144,GCF_014280115.1|WP_011363781.1,168
GF_01145,GCF_014280115.1|WP_186514139.1,40
GF_01146,GCF_014280115.1|WP_186514537.1,124
GF_01147,GCF_014280115.1|WP_186514667.1,71
GF_01148,GCF_014280175.1|WP_186586175.1,42
GF_01149,GCF_014280175.1|WP_186586273.1,55
GF_01150,GCF_014280175.1|WP_186586538.1,73
GF_01151,GCF_014280175.1|WP_186587012.1,49
GF_01152,GCF_014280175.1|WP_186587190.1,70
GF_01153,GCF_014280175.1|WP_186587347.1,41
GF_01154,GCF_014280175.1|WP_186587662.1,53
GF_01155,GCF_014280175.1|WP_286187835.1,73
GF_01156,GCF_014280195.1|WP_011128942.1,116
GF_01157,GCF_014280195.1|WP_186496561.1,65
GF_01158,GCF_014280195.1|WP_186496689.1,99
GF_01159,GCF_014280195.1|WP_186496920.1,43
GF_01160,GCF_014280195.1|WP_186498673.1,40
GF_01161,GCF_014280215.1|WP_186483733.1,81
GF_01162,GCF_014280215.1|WP_186483970.1,79
GF_01163,GCF_014280215.1|WP_186484368.1,41
GF_01164,GCF_014280215.1|WP_186484883.1,74
GF_01165,GCF_014280215.1|WP_186485096.1,41
GF_01166,GCF_014280235.1|WP_186696630.1,153
GF_01167,GCF_014280235.1|WP_186697037.1,84
GF_01168,GCF_014280235.1|WP_186697231.1,99
GF_01169,GCF_014280235.1|WP_186697321.1,44
GF_01170,GCF_014280235.1|WP_186697489.1,111
GF_01171,GCF_014280235.1|WP_186697743.1,93
GF_01172,GCF_014280235.1|WP_186700813.1,81
GF_01173,GCF_014280235.1|WP_186700841.1,51
GF_01174,GCF_014280235.1|WP_225875747.1,153
GF_01175,GCF_014304795.1|WP_007100766.1,104
GF_01176,GCF_014304795.1|WP_007101636.1,153
GF_01177,GCF_014304795.1|WP_130128286.1,53
GF_01178,GCF_014304795.1|WP_130128336.1,69
GF_01179,GCF_014304795.1|WP_130129195.1,99
GF_01180,GCF_014304795.1|WP_130129955.1,76
GF_01181,GCF_014304795.1|WP_130130196.1,77
GF_01182,GCF_014304795.1|WP_165380993.1,70
GF_01183,GCF_014304795.1|WP_254427946.1,48
GF_01184,GCF_014304795.1|WP_370587006.1,50
GF_01185,GCF_014304795.1|WP_370587034.1,73
GF_01186,GCF_014304815.1|WP_115125012.1,75
GF_01187,GCF_014304815.1|WP_186988969.1,70
GF_01188,GCF_014304815.1|WP_186990315.1,110
GF_01189,GCF_014304815.1|WP_186991100.1,48
GF_01190,GCF_014304815.1|WP_186991710.1,67
GF_01191,GCF_014489415.1|WP_096543664.1,55
GF_01192,GCF_014489415.1|WP_187705095.1,71
GF_01193,GCF_014489415.1|WP_187706713.1,56
GF_01194,GCF_014489415.1|WP_187706788.1,62
GF_01195,GCF_014489415.1|WP_187707124.1,62
GF_01196,GCF_014489415.1|WP_187707202.1,59
GF_01197,GCF_014489415.1|WP_187707348.1,64
GF_01198,GCF_015840335.1|WP_197147896.1,79
GF_01199,GCF_015840335.1|WP_197148921.1,42
GF_01200,GCF_015840335.1|WP_197153331.1,52
GF_01201,GCF_015840335.1|WP_231596265.1,98
GF_01202,GCF_015840525.1|WP_197154048.1,93
GF_01203,GCF_015840525.1|WP_197154486.1,46
GF_01204,GCF_015840525.1|WP_197155925.1,73
GF_01205,GCF_015840525.1|WP_197157485.1,153
GF_01206,GCF_015840525.1|WP_231597849.1,75
GF_01207,GCF_015840525.1|WP_231598001.1,153
GF_01208,GCF_015840715.1|WP_197210370.1,41
GF_01209,GCF_015840715.1|WP_197210695.1,92
GF_01210,GCF_015840715.1|WP_197210914.1,43
GF_01211,GCF_015840715.1|WP_197211051.1,104
GF_01212,GCF_015840715.1|WP_197211235.1,78
GF_01213,GCF_015840715.1|WP_197211273.1,62
GF_01214,GCF_015840715.1|WP_197211434.1,89
GF_01215,GCF_015840715.1|WP_197211719.1,152
GF_01216,GCF_015840715.1|WP_197212423.1,92
GF_01217,GCF_015840715.1|WP_197213313.1,54
GF_01218,GCF_015840715.1|WP_231596864.1,98
GF_01219,GCF_015840715.1|WP_231597019.1,78
GF_01220,GCF_015840915.1|WP_197157652.1,96
GF_01221,GCF_015840915.1|WP_197158615.1,59
GF_01222,GCF_015840915.1|WP_370594811.1,79
GF_01223,GCF_015840915.1|WP_370594813.1,126
GF_01224,GCF_015841355.1|WP_197161971.1,96
GF_01225,GCF_015841355.1|WP_197162777.1,93
GF_01226,GCF_015841355.1|WP_197163150.1,61
GF_01227,GCF_015841355.1|WP_197166392.1,96
GF_01228,GCF_015841355.1|WP_197167072.1,43
GF_01229,GCF_015841355.1|WP_197167506.1,45
GF_01230,GCF_016403105.1|WP_190492316.1,146
GF_01231,GCF_016403105.1|WP_190496341.1,323
GF_01232,GCF_016403105.1|WP_198804846.1,46
GF_01233,GCF_016403105.1|WP_198804963.1,253
GF_01234,GCF_016403105.1|WP_198805186.1,133
GF_01235,GCF_016403105.1|WP_198808184.1,259
GF_01236,GCF_016403105.1|WP_317135020.1,109
GF_01237,GCF_016403105.1|WP_410503862.1,68
GF_01238,GCF_016446395.1|WP_199246141.1,75
GF_01239,GCF_016446395.1|WP_199246472.1,135
GF_01240,GCF_016446395.1|WP_199247144.1,123
GF_01241,GCF_016446395.1|WP_199248384.1,89
GF_01242,GCF_016446395.1|WP_199249038.1,54
GF_01243,GCF_016446395.1|WP_199250037.1,78
GF_01244,GCF_016446395.1|WP_233258763.1,60
GF_01245,GCF_016446395.1|WP_233258820.1,81
GF_01246,GCF_016919485.1|WP_172354494.1,55
GF_01247,GCF_016919485.1|WP_172354772.1,48
GF_01248,GCF_016919485.1|WP_225906832.1,147
GF_01249,GCF_017164015.1|WP_206262622.1,55
GF_01250,GCF_017164015.1|WP_206262688.1,47
GF_01251,GCF_017164015.1|WP_206262735.1,41
GF_01252,GCF_017164015.1|WP_206262828.1,58
GF_01253,GCF_017164015.1|WP_206262935.1,67
GF_01254,GCF_017164015.1|WP_206263223.1,51
GF_01255,GCF_017164015.1|WP_206263996.1,41
GF_01256,GCF_017164015.1|WP_206264055.1,50
GF_01257,GCF_017164015.1|WP_206264246.1,56
GF_01258,GCF_017164015.1|WP_206264423.1,51
GF_01259,GCF_017164015.1|WP_206264546.1,56
GF_01260,GCF_017164015.1|WP_206265067.1,48
GF_01261,GCF_017164015.1|WP_206265139.1,50
GF_01262,GCF_017164015.1|WP_206265220.1,41
GF_01263,GCF_017164015.1|WP_206265308.1,41
GF_01264,GCF_017164015.1|WP_206265458.1,49
GF_01265,GCF_017164015.1|WP_206266194.1,62
GF_01266,GCF_017164015.1|WP_206266292.1,82
GF_01267,GCF_017164015.1|WP_206266312.1,65
GF_01268,GCF_017164015.1|WP_206266397.1,53
GF_01269,GCF_017164015.1|WP_206266773.1,41
GF_01270,GCF_017164015.1|WP_206267010.1,41
GF_01271,GCF_017164015.1|WP_206267718.1,46
GF_01272,GCF_017164015.1|WP_206267748.1,50
GF_01273,GCF_017164015.1|WP_206267845.1,46
GF_01274,GCF_017164015.1|WP_206267878.1,65
GF_01275,GCF_017164015.1|WP_206267997.1,40
GF_01276,GCF_017164015.1|WP_206268563.1,40
GF_01277,GCF_017164015.1|WP_206268760.1,65
GF_01278,GCF_017164015.1|WP_206268869.1,64
GF_01279,GCF_017164015.1|WP_245230677.1,78
GF_01280,GCF_017164015.1|WP_245230920.1,59
GF_01281,GCF_018139025.1|WP_006276631.1,59
GF_01282,GCF_018139025.1|WP_006278193.1,76
GF_01283,GCF_018139025.1|WP_006278849.1,64
GF_01284,GCF_018139025.1|WP_006279048.1,41
GF_01285,GCF_018139025.1|WP_040008949.1,68
GF_01286,GCF_018139025.1|WP_057177087.1,64
GF_01287,GCF_018139025.1|WP_057177629.1,105
GF_01288,GCF_018139025.1|WP_057178366.1,67
GF_01289,GCF_018139025.1|WP_057178370.1,40
GF_01290,GCF_018282115.1|WP_212720218.1,58
GF_01291,GCF_018336915.1|WP_212665530.1,63
GF_01292,GCF_018389385.1|WP_218079959.1,253
GF_01293,GCF_018389385.1|WP_218082005.1,67
GF_01294,GCF_018399015.1|WP_213202181.1,48
GF_01295,GCF_018399015.1|WP_213202196.1,73
GF_01296,GCF_018399015.1|WP_213203015.1,153
GF_01297,GCF_018399015.1|WP_213203186.1,426
GF_01298,GCF_018399015.1|WP_213203291.1,100
GF_01299,GCF_018399015.1|WP_213203649.1,59
GF_01300,GCF_018399015.1|WP_213203991.1,71
GF_01301,GCF_018399015.1|WP_213204559.1,64
GF_01302,GCF_018399015.1|WP_213205259.1,99
GF_01303,GCF_019056575.1|WP_190601205.1,56
GF_01304,GCF_019056575.1|WP_190601305.1,49
GF_01305,GCF_019056575.1|WP_190601329.1,54
GF_01306,GCF_019056575.1|WP_190601498.1,130
GF_01307,GCF_019056575.1|WP_190601693.1,43
GF_01308,GCF_019056575.1|WP_190601702.1,64
GF_01309,GCF_019056575.1|WP_190602566.1,46
GF_01310,GCF_019056575.1|WP_190603082.1,57
GF_01311,GCF_019056575.1|WP_190603144.1,67
GF_01312,GCF_019056575.1|WP_190603756.1,71
GF_01313,GCF_019056575.1|WP_190604137.1,67
GF_01314,GCF_019056575.1|WP_190604186.1,155
GF_01315,GCF_019056575.1|WP_190604401.1,63
GF_01316,GCF_019056575.1|WP_190604775.1,53
GF_01317,GCF_019056575.1|WP_190605151.1,51
GF_01318,GCF_019056575.1|WP_190605751.1,57
GF_01319,GCF_019056575.1|WP_190606514.1,52
GF_01320,GCF_019056575.1|WP_190607037.1,48
GF_01321,GCF_019056575.1|WP_190607570.1,72
GF_01322,GCF_019056575.1|WP_190607710.1,58
GF_01323,GCF_019056575.1|WP_190607889.1,52
GF_01324,GCF_019056575.1|WP_190607963.1,41
GF_01325,GCF_019056575.1|WP_190607972.1,48
GF_01326,GCF_019056575.1|WP_190608250.1,47
GF_01327,GCF_019704275.1|WP_071823417.1,66
GF_01328,GCF_019891175.1|WP_223046330.1,87
GF_01329,GCF_019891175.1|WP_223047016.1,168
GF_01330,GCF_019891175.1|WP_223047039.1,83
GF_01331,GCF_019891175.1|WP_223048393.1,161
GF_01332,GCF_019891175.1|WP_223048443.1,68
GF_01333,GCF_019891175.1|WP_223048583.1,117
GF_01334,GCF_019891175.1|WP_223048741.1,70
GF_01335,GCF_019891175.1|WP_223050050.1,43
GF_01336,GCF_019891175.1|WP_239033332.1,40
GF_01337,GCF_019891175.1|WP_449280006.1,105
GF_01338,GCF_019891175.1|WP_449280023.1,101
GF_01339,GCF_019924095.1|WP_212715642.1,44
GF_01340,GCF_019976755.1|WP_224085901.1,62
GF_01341,GCF_019976755.1|WP_224086082.1,50
GF_01342,GCF_019976755.1|WP_224086232.1,65
GF_01343,GCF_019976755.1|WP_224086315.1,72
GF_01344,GCF_019976755.1|WP_224086345.1,64
GF_01345,GCF_019976755.1|WP_224086628.1,58
GF_01346,GCF_019976755.1|WP_224087489.1,47
GF_01347,GCF_019976755.1|WP_224087631.1,65
GF_01348,GCF_019976755.1|WP_224088798.1,42
GF_01349,GCF_019976755.1|WP_224090935.1,49
GF_01350,GCF_019976755.1|WP_224090972.1,73
GF_01351,GCF_019976755.1|WP_224092115.1,40
GF_01352,GCF_019976755.1|WP_224092120.1,64
GF_01353,GCF_019976755.1|WP_224093299.1,57
GF_01354,GCF_019976755.1|WP_224093318.1,53
GF_01355,GCF_019976755.1|WP_224094328.1,54
GF_01356,GCF_019976755.1|WP_224095370.1,44
GF_01357,GCF_019977735.1|WP_019492001.1,80
GF_01358,GCF_019977735.1|WP_019492178.1,52
GF_01359,GCF_019977735.1|WP_223972833.1,43
GF_01360,GCF_019977735.1|WP_223973040.1,57
GF_01361,GCF_019977735.1|WP_223973305.1,46
GF_01362,GCF_019977735.1|WP_223974560.1,63
GF_01363,GCF_019977735.1|WP_223974800.1,47
GF_01364,GCF_019977735.1|WP_223975618.1,58
GF_01365,GCF_019977735.1|WP_223976752.1,75
GF_01366,GCF_019977735.1|WP_223978051.1,69
GF_01367,GCF_019977735.1|WP_223981134.1,66
GF_01368,GCF_019977735.1|WP_223987668.1,54
GF_01369,GCF_019977735.1|WP_223991197.1,63
GF_01370,GCF_019977735.1|WP_224175376.1,55
GF_01371,GCF_019977735.1|WP_224175586.1,40
GF_01372,GCF_019977735.1|WP_224177357.1,89
GF_01373,GCF_019977735.1|WP_224178722.1,41
GF_01374,GCF_020091585.1|WP_224341441.1,104
GF_01375,GCF_020091585.1|WP_224341454.1,108
GF_01376,GCF_020091585.1|WP_224341525.1,246
GF_01377,GCF_020091585.1|WP_224342542.1,154
GF_01378,GCF_020091585.1|WP_224343289.1,55
GF_01379,GCF_020091585.1|WP_224343896.1,40
GF_01380,GCF_020091585.1|WP_224345087.1,59
GF_01381,GCF_020091585.1|WP_224345761.1,210
GF_01382,GCF_020091585.1|WP_224346594.1,57
GF_01383,GCF_020091585.1|WP_449274576.1,174
GF_01384,GCF_020091585.1|WP_449274595.1,77
GF_01385,GCF_020885515.1|WP_229637079.1,51
GF_01386,GCF_021379005.1|WP_233743271.1,91
GF_01387,GCF_021379005.1|WP_233743843.1,232
GF_01388,GCF_021379005.1|WP_233743867.1,69
GF_01389,GCF_021379005.1|WP_233744667.1,80
GF_01390,GCF_021379005.1|WP_233747839.1,122
GF_01391,GCF_021379005.1|WP_233748451.1,69
GF_01392,GCF_021379005.1|WP_233748780.1,52
GF_01393,GCF_021379005.1|WP_273545973.1,196
GF_01394,GCF_021379005.1|WP_390889320.1,138
GF_01395,GCF_021379005.1|WP_428359738.1,270
GF_01396,GCF_021497025.1|WP_010468088.1,170
GF_01397,GCF_021497025.1|WP_212662798.1,264
GF_01398,GCF_021497025.1|WP_212663829.1,43
GF_01399,GCF_021497025.1|WP_212665121.1,112
GF_01400,GCF_021497025.1|WP_235107453.1,153
GF_01401,GCF_021497025.1|WP_235109753.1,69
GF_01402,GCF_021650815.1|WP_006277798.1,43
GF_01403,GCF_021650815.1|WP_057178176.1,74
GF_01404,GCF_021650815.1|WP_057178178.1,57
GF_01405,GCF_022063185.1|WP_190703530.1,53
GF_01406,GCF_022063185.1|WP_237988484.1,51
GF_01407,GCF_022063185.1|WP_237988490.1,44
GF_01408,GCF_022063185.1|WP_237988715.1,50
GF_01409,GCF_022063185.1|WP_237988911.1,41
GF_01410,GCF_022063185.1|WP_237988938.1,65
GF_01411,GCF_022063185.1|WP_237989621.1,66
GF_01412,GCF_022063185.1|WP_237990059.1,41
GF_01413,GCF_022063185.1|WP_237990380.1,51
GF_01414,GCF_022063185.1|WP_237990685.1,45
GF_01415,GCF_022063185.1|WP_237990750.1,43
GF_01416,GCF_022063185.1|WP_237990751.1,45
GF_01417,GCF_022063185.1|WP_237990826.1,50
GF_01418,GCF_022063185.1|WP_237991035.1,70
GF_01419,GCF_022063185.1|WP_237991593.1,59
GF_01420,GCF_022063185.1|WP_237992435.1,58
GF_01421,GCF_022063185.1|WP_237993060.1,40
GF_01422,GCF_022063185.1|WP_237994577.1,62
GF_01423,GCF_022063185.1|WP_237995406.1,42
GF_01424,GCF_022063185.1|WP_237996246.1,62
GF_01425,GCF_022372495.1|WP_017286710.1,136
GF_01426,GCF_022372495.1|WP_017290958.1,100
GF_01427,GCF_022376295.1|WP_089090549.1,74
GF_01428,GCF_022376295.1|WP_239726726.1,63
GF_01429,GCF_022376295.1|WP_239726851.1,59
GF_01430,GCF_022376295.1|WP_239727131.1,57
GF_01431,GCF_022376295.1|WP_239727196.1,56
GF_01432,GCF_022376295.1|WP_239728364.1,40
GF_01433,GCF_022376295.1|WP_239728409.1,52
GF_01434,GCF_022376295.1|WP_239728774.1,68
GF_01435,GCF_022376295.1|WP_239728800.1,57
GF_01436,GCF_022376295.1|WP_239729163.1,40
GF_01437,GCF_022376295.1|WP_239729260.1,61
GF_01438,GCF_022376295.1|WP_239729349.1,51
GF_01439,GCF_022376295.1|WP_239729439.1,56
GF_01440,GCF_022376295.1|WP_239729569.1,40
GF_01441,GCF_022376295.1|WP_239729720.1,69
GF_01442,GCF_022376295.1|WP_239729779.1,56
GF_01443,GCF_022376295.1|WP_239731819.1,51
GF_01444,GCF_022376295.1|WP_239732065.1,60
GF_01445,GCF_022701255.1|WP_006634996.1,143
GF_01446,GCF_022701255.1|WP_242716492.1,216
GF_01447,GCF_022701275.1|WP_006632834.1,64
GF_01448,GCF_022701275.1|WP_006635016.1,87
GF_01449,GCF_022984195.1|WP_011243129.1,326
GF_01450,GCF_023078835.1|WP_010306728.1,153
GF_01451,GCF_023078835.1|WP_247478341.1,98
GF_01452,GCF_023115425.1|WP_185187548.1,83
GF_01453,GCF_023115425.1|WP_247909656.1,64
GF_01454,GCF_023115425.1|WP_247910971.1,62
GF_01455,GCF_023115425.1|WP_247911427.1,46
GF_01456,GCF_023546805.1|WP_015152293.1,182
GF_01457,GCF_023546805.1|WP_015153693.1,54
GF_01458,GCF_023546805.1|WP_015153974.1,94
GF_01459,GCF_023546805.1|WP_015154107.1,73
GF_01460,GCF_023546805.1|WP_015154767.1,139
GF_01461,GCF_023546805.1|WP_015157072.1,141
GF_01462,GCF_023546805.1|WP_106166712.1,73
GF_01463,GCF_023546805.1|WP_106547368.1,62
GF_01464,GCF_023546805.1|WP_250015177.1,48
GF_01465,GCF_023546805.1|WP_250016729.1,68
GF_01466,GCF_023546805.1|WP_250017012.1,91
GF_01467,GCF_023650955.1|WP_250682531.1,50
GF_01468,GCF_023734775.1|WP_251955310.1,62
GF_01469,GCF_023734775.1|WP_251956566.1,55
GF_01470,GCF_023734775.1|WP_251956650.1,44
GF_01471,GCF_023734775.1|WP_251956666.1,65
GF_01472,GCF_023734775.1|WP_251957936.1,48
GF_01473,GCF_023734775.1|WP_251958218.1,40
GF_01474,GCF_023734775.1|WP_251958827.1,46
GF_01475,GCF_023734775.1|WP_251960163.1,45
GF_01476,GCF_023983615.1|WP_068788798.1,61
GF_01477,GCF_023983615.1|WP_252660049.1,204
GF_01478,GCF_023983615.1|WP_252662765.1,40
GF_01479,GCF_023983615.1|WP_252663145.1,263
GF_01480,GCF_023983615.1|WP_252663594.1,41
GF_01481,GCF_023983615.1|WP_252665176.1,42
GF_01482,GCF_024584745.1|WP_027402728.1,47
GF_01483,GCF_024584745.1|WP_027403244.1,64
GF_01484,GCF_024584745.1|WP_027403629.1,42
GF_01485,GCF_024584745.1|WP_027403809.1,64
GF_01486,GCF_024584745.1|WP_027404088.1,48
GF_01487,GCF_024584745.1|WP_027404511.1,140
GF_01488,GCF_024584745.1|WP_027404703.1,44
GF_01489,GCF_024584745.1|WP_051424469.1,72
GF_01490,GCF_024584745.1|WP_257120323.1,44
GF_01491,GCF_024584745.1|WP_257121728.1,69
GF_01492,GCF_025677855.1|WP_015137174.1,84
GF_01493,GCF_025677855.1|WP_045867530.1,45
GF_01494,GCF_025677855.1|WP_045867718.1,72
GF_01495,GCF_025677855.1|WP_045867930.1,47
GF_01496,GCF_025677855.1|WP_045868231.1,66
GF_01497,GCF_025677855.1|WP_045869029.1,76
GF_01498,GCF_025677855.1|WP_045869169.1,52
GF_01499,GCF_025677855.1|WP_045869208.1,43
GF_01500,GCF_025677855.1|WP_045870307.1,64
GF_01501,GCF_025677855.1|WP_045870384.1,53
GF_01502,GCF_025677855.1|WP_045870451.1,241
GF_01503,GCF_025677855.1|WP_045870642.1,50
GF_01504,GCF_025677855.1|WP_045871807.1,48
GF_01505,GCF_025677855.1|WP_045872125.1,41
GF_01506,GCF_025677855.1|WP_045872606.1,50
GF_01507,GCF_025677855.1|WP_045872657.1,57
GF_01508,GCF_025677855.1|WP_045872944.1,53
GF_01509,GCF_025677855.1|WP_045873001.1,58
GF_01510,GCF_025677855.1|WP_045874515.1,70
GF_01511,GCF_025860405.1|WP_045867574.1,50
GF_01512,GCF_025860405.1|WP_045867803.1,83
GF_01513,GCF_025860405.1|WP_045868132.1,59
GF_01514,GCF_025860405.1|WP_045868623.1,62
GF_01515,GCF_025860405.1|WP_045868657.1,62
GF_01516,GCF_025860405.1|WP_045868894.1,65
GF_01517,GCF_025860405.1|WP_045869442.1,50
GF_01518,GCF_025860405.1|WP_045869501.1,58
GF_01519,GCF_025860405.1|WP_045869566.1,53
GF_01520,GCF_025860405.1|WP_045869573.1,57
GF_01521,GCF_025860405.1|WP_045869599.1,41
GF_01522,GCF_025860405.1|WP_045870094.1,57
GF_01523,GCF_025860405.1|WP_045870372.1,59
GF_01524,GCF_025860405.1|WP_045870447.1,50
GF_01525,GCF_025860405.1|WP_045871226.1,56
GF_01526,GCF_025860405.1|WP_045871413.1,54
GF_01527,GCF_025860405.1|WP_045871892.1,261
GF_01528,GCF_025860405.1|WP_045871972.1,55
GF_01529,GCF_025860405.1|WP_045872041.1,72
GF_01530,GCF_025860405.1|WP_045872104.1,40
GF_01531,GCF_025860405.1|WP_045873871.1,47
GF_01532,GCF_025860405.1|WP_045874203.1,40
GF_01533,GCF_026222535.1|WP_002734810.1,48
GF_01534,GCF_026222535.1|WP_190358248.1,53
GF_01535,GCF_026240635.1|WP_265900762.1,86
GF_01536,GCF_026240635.1|WP_265900914.1,116
GF_01537,GCF_026240635.1|WP_265901283.1,56
GF_01538,GCF_026240635.1|WP_265901557.1,77
GF_01539,GCF_026240635.1|WP_265901932.1,44
GF_01540,GCF_026240635.1|WP_265902063.1,177
GF_01541,GCF_026240635.1|WP_265902316.1,244
GF_01542,GCF_026240635.1|WP_265902613.1,221
GF_01543,GCF_026240635.1|WP_265902661.1,83
GF_01544,GCF_026240635.1|WP_265903475.1,84
GF_01545,GCF_026802175.1|WP_268607540.1,64
GF_01546,GCF_026802175.1|WP_268608303.1,46
GF_01547,GCF_026802175.1|WP_268609257.1,59
GF_01548,GCF_026802175.1|WP_268609628.1,48
GF_01549,GCF_026802175.1|WP_268610277.1,209
GF_01550,GCF_026802175.1|WP_268610563.1,87
GF_01551,GCF_026802175.1|WP_268610709.1,52
GF_01552,GCF_026802175.1|WP_268611806.1,252
GF_01553,GCF_026802175.1|WP_268613159.1,141
GF_01554,GCF_027359355.1|WP_269625360.1,41
GF_01555,GCF_027359375.1|WP_036900706.1,140
GF_01556,GCF_027359375.1|WP_036901516.1,122
GF_01557,GCF_027359375.1|WP_036901808.1,125
GF_01558,GCF_027359375.1|WP_036901831.1,67
GF_01559,GCF_027359375.1|WP_036902627.1,49
GF_01560,GCF_027359375.1|WP_036902844.1,153
GF_01561,GCF_027359375.1|WP_081934252.1,143
GF_01562,GCF_027359375.1|WP_193741991.1,145
GF_01563,GCF_027359375.1|WP_269607668.1,153
GF_01564,GCF_027359395.1|WP_269609766.1,65
GF_01565,GCF_027359415.1|WP_269621868.1,62
GF_01566,GCF_027359415.1|WP_269621891.1,153
GF_01567,GCF_027359415.1|WP_269622294.1,42
GF_01568,GCF_027359415.1|WP_269622344.1,52
GF_01569,GCF_027359415.1|WP_269623048.1,153
GF_01570,GCF_027359415.1|WP_269623214.1,153
GF_01571,GCF_027359475.1|WP_110859958.1,46
GF_01572,GCF_027359475.1|WP_269614288.1,53
GF_01573,GCF_027359575.1|WP_269603350.1,153
GF_01574,GCF_027359575.1|WP_269606326.1,41
GF_01575,GCF_027359595.1|WP_038654359.1,110
GF_01576,GCF_027359595.1|WP_269611573.1,153
GF_01577,GCF_027359595.1|WP_269612104.1,125
GF_01578,GCF_027359595.1|WP_269613664.1,152
GF_01579,GCF_027942295.1|WP_126384375.1,425
GF_01580,GCF_027942295.1|WP_271252390.1,184
GF_01581,GCF_028623165.1|WP_273761982.1,50
GF_01582,GCF_028623165.1|WP_273762049.1,40
GF_01583,GCF_028623165.1|WP_273762658.1,142
GF_01584,GCF_028623165.1|WP_273763077.1,58
GF_01585,GCF_028623165.1|WP_273764560.1,62
GF_01586,GCF_028623165.1|WP_273765911.1,43
GF_01587,GCF_028623165.1|WP_273767098.1,42
GF_01588,GCF_028623165.1|WP_273767773.1,40
GF_01589,GCF_028623165.1|WP_273769283.1,53
GF_01590,GCF_028623165.1|WP_273769295.1,55
GF_01591,GCF_029910235.1|WP_281005947.1,117
GF_01592,GCF_029919255.1|WP_281153695.1,73
GF_01593,GCF_029953635.1|WP_281480594.1,42
GF_01594,GCF_029953635.1|WP_281480664.1,42
GF_01595,GCF_029953635.1|WP_281481344.1,47
GF_01596,GCF_029953635.1|WP_281481617.1,62
GF_01597,GCF_029953635.1|WP_281482039.1,47
GF_01598,GCF_029953635.1|WP_281482140.1,72
GF_01599,GCF_029953635.1|WP_281482214.1,41
GF_01600,GCF_029953635.1|WP_281482263.1,61
GF_01601,GCF_029953635.1|WP_281482484.1,41
GF_01602,GCF_029953635.1|WP_281482486.1,60
GF_01603,GCF_029953635.1|WP_281482951.1,51
GF_01604,GCF_029953635.1|WP_281483031.1,42
GF_01605,GCF_029953635.1|WP_281483067.1,52
GF_01606,GCF_029953635.1|WP_281483764.1,63
GF_01607,GCF_029953635.1|WP_281483972.1,48
GF_01608,GCF_029953635.1|WP_281484186.1,46
GF_01609,GCF_029953635.1|WP_281484415.1,46
GF_01610,GCF_029953635.1|WP_281484525.1,73
GF_01611,GCF_029953635.1|WP_281484692.1,46
GF_01612,GCF_029953635.1|WP_281485472.1,63
GF_01613,GCF_029953635.1|WP_281485661.1,56
GF_01614,GCF_029953635.1|WP_281485670.1,41
GF_01615,GCF_029953635.1|WP_281485838.1,43
GF_01616,GCF_029953635.1|WP_343217876.1,59
GF_01617,GCF_030323025.1|WP_286391022.1,75
GF_01618,GCF_030323025.1|WP_286391765.1,121
GF_01619,GCF_030323025.1|WP_286395633.1,42
GF_01620,GCF_030323025.1|WP_286395829.1,54
GF_01621,GCF_030323025.1|WP_286396802.1,264
GF_01622,GCF_030518695.1|WP_206201501.1,65
GF_01623,GCF_030518695.1|WP_302678297.1,247
GF_01624,GCF_031583435.1|WP_206201243.1,52
GF_01625,GCF_031583455.1|WP_206200665.1,59
GF_01626,GCF_031583495.1|WP_011056640.1,301
GF_01627,GCF_031583495.1|WP_206200669.1,54
GF_01628,GCF_031583515.1|WP_149821094.1,46
GF_01629,GCF_031583515.1|WP_310800663.1,94
GF_01630,GCF_031586415.1|WP_011058244.1,60
GF_01631,GCF_032163395.1|WP_105218052.1,65
GF_01632,GCF_032163395.1|WP_105218517.1,66
GF_01633,GCF_032163395.1|WP_105218806.1,66
GF_01634,GCF_032163395.1|WP_105219131.1,80
GF_01635,GCF_032163395.1|WP_105219435.1,80
GF_01636,GCF_032163395.1|WP_105219969.1,267
GF_01637,GCF_032163395.1|WP_105220111.1,95
GF_01638,GCF_032163395.1|WP_105220266.1,111
GF_01639,GCF_032163395.1|WP_105220426.1,55
GF_01640,GCF_032163395.1|WP_105221110.1,75
GF_01641,GCF_032163395.1|WP_105221125.1,126
GF_01642,GCF_032163395.1|WP_105221685.1,73
GF_01643,GCF_032163395.1|WP_105221983.1,81
GF_01644,GCF_032163395.1|WP_105222147.1,57
GF_01645,GCF_032163395.1|WP_105222205.1,70
GF_01646,GCF_032163395.1|WP_105222395.1,65
GF_01647,GCF_032163395.1|WP_105222422.1,70
GF_01648,GCF_032163395.1|WP_323713100.1,144
GF_01649,GCF_032393985.1|WP_009455393.1,60
GF_01650,GCF_032393985.1|WP_016869914.1,50
GF_01651,GCF_032393985.1|WP_102152085.1,44
GF_01652,GCF_032393985.1|WP_315785285.1,73
GF_01653,GCF_032393985.1|WP_315785556.1,63
GF_01654,GCF_032393985.1|WP_315787473.1,40
GF_01655,GCF_032393985.1|WP_315788141.1,66
GF_01656,GCF_032393985.1|WP_315788198.1,46
GF_01657,GCF_032393985.1|WP_315788738.1,70
GF_01658,GCF_032393985.1|WP_315789033.1,75
GF_01659,GCF_032393985.1|WP_315789138.1,49
GF_01660,GCF_032393985.1|WP_315789594.1,42
GF_01661,GCF_032393985.1|WP_315789640.1,56
GF_01662,GCF_032393985.1|WP_315789672.1,44
GF_01663,GCF_032393985.1|WP_315789951.1,68
GF_01664,GCF_032393985.1|WP_315790126.1,52
GF_01665,GCF_032393985.1|WP_315790310.1,58
GF_01666,GCF_032393985.1|WP_315790505.1,68
GF_01667,GCF_032393985.1|WP_315790575.1,72
GF_01668,GCF_032393985.1|WP_315790732.1,45
GF_01669,GCF_032393985.1|WP_315790805.1,68
GF_01670,GCF_032393985.1|WP_315790847.1,70
GF_01671,GCF_032393985.1|WP_315791973.1,55
GF_01672,GCF_032393985.1|WP_315792105.1,76
GF_01673,GCF_032598965.1|WP_035998578.1,109
GF_01674,GCF_032598965.1|WP_035999321.1,114
GF_01675,GCF_032598965.1|WP_036001769.1,62
GF_01676,GCF_032598965.1|WP_036002272.1,89
GF_01677,GCF_032598965.1|WP_072009710.1,295
GF_01678,GCF_032598965.1|WP_072009718.1,77
GF_01679,GCF_032598965.1|WP_316429600.1,127
GF_01680,GCF_032598965.1|WP_316430012.1,52
GF_01681,GCF_032598965.1|WP_316430223.1,40
GF_01682,GCF_032598965.1|WP_316430272.1,74
GF_01683,GCF_032598965.1|WP_316431744.1,107
GF_01684,GCF_032598965.1|WP_316432176.1,87
GF_01685,GCF_032598965.1|WP_316432266.1,60
GF_01686,GCF_032598965.1|WP_316433227.1,40
GF_01687,GCF_032598965.1|WP_316434369.1,79
GF_01688,GCF_032598965.1|WP_316435047.1,58
GF_01689,GCF_032598965.1|WP_316435287.1,104
GF_01690,GCF_032598965.1|WP_316435580.1,161
GF_01691,GCF_032598965.1|WP_420717387.1,61
GF_01692,GCF_032705245.1|WP_316789900.1,47
GF_01693,GCF_032705245.1|WP_316791984.1,174
GF_01694,GCF_034092375.1|WP_320675927.1,80
GF_01695,GCF_034092375.1|WP_320676357.1,153
GF_01696,GCF_034092375.1|WP_320676393.1,100
GF_01697,GCF_034092375.1|WP_320676451.1,153
GF_01698,GCF_034092375.1|WP_320676542.1,41
GF_01699,GCF_034092375.1|WP_320676543.1,85
GF_01700,GCF_034092375.1|WP_320676569.1,109
GF_01701,GCF_034092375.1|WP_320676930.1,40
GF_01702,GCF_034092375.1|WP_320677185.1,55
GF_01703,GCF_034092375.1|WP_320677403.1,54
GF_01704,GCF_034092375.1|WP_320677599.1,42
GF_01705,GCF_034092395.1|WP_320666684.1,84
GF_01706,GCF_034092395.1|WP_320666702.1,153
GF_01707,GCF_034092395.1|WP_320666772.1,128
GF_01708,GCF_034092395.1|WP_320667602.1,98
GF_01709,GCF_034092395.1|WP_320667871.1,43
GF_01710,GCF_034092395.1|WP_320668223.1,56
GF_01711,GCF_034092395.1|WP_320668266.1,72
GF_01712,GCF_034092395.1|WP_320668333.1,70
GF_01713,GCF_034092395.1|WP_320668443.1,45
GF_01714,GCF_034092395.1|WP_320668451.1,71
GF_01715,GCF_034092415.1|WP_320673823.1,57
GF_01716,GCF_034092415.1|WP_320673873.1,108
GF_01717,GCF_034092415.1|WP_320673897.1,125
GF_01718,GCF_034092415.1|WP_320673977.1,76
GF_01719,GCF_034092415.1|WP_320675051.1,51
GF_01720,GCF_034092415.1|WP_320675220.1,54
GF_01721,GCF_034092465.1|WP_320663356.1,53
GF_01722,GCF_034092465.1|WP_320663388.1,101
GF_01723,GCF_034092465.1|WP_320663690.1,72
GF_01724,GCF_034092465.1|WP_320663734.1,93
GF_01725,GCF_034092465.1|WP_320663778.1,137
GF_01726,GCF_034092465.1|WP_320663879.1,50
GF_01727,GCF_034092465.1|WP_320664109.1,153
GF_01728,GCF_034092465.1|WP_320664232.1,53
GF_01729,GCF_034092465.1|WP_320664365.1,82
GF_01730,GCF_034092465.1|WP_320664966.1,53
GF_01731,GCF_034092465.1|WP_320664991.1,73
GF_01732,GCF_035320825.1|WP_015218606.1,76
GF_01733,GCF_035320825.1|WP_015220943.1,81
GF_01734,GCF_035320825.1|WP_324282817.1,81
GF_01735,GCF_036345015.1|WP_015220797.1,86
GF_01736,GCF_036345015.1|WP_330204611.1,84
GF_01737,GCF_036345015.1|WP_330204889.1,49
GF_01738,GCF_036630075.1|WP_208679192.1,43
GF_01739,GCF_036630085.1|WP_208673989.1,168
GF_01740,GCF_037094475.1|WP_006633177.1,50
GF_01741,GCF_037094475.1|WP_445240790.1,53
GF_01742,GCF_038050375.1|WP_353929020.1,100
GF_01743,GCF_038050375.1|WP_353929050.1,57
GF_01744,GCF_038050375.1|WP_353929157.1,59
GF_01745,GCF_038050375.1|WP_353929287.1,100
GF_01746,GCF_038050375.1|WP_353929512.1,40
GF_01747,GCF_038050375.1|WP_353930164.1,67
GF_01748,GCF_038050375.1|WP_353930686.1,60
GF_01749,GCF_038050375.1|WP_353931061.1,68
GF_01750,GCF_038050375.1|WP_353931533.1,57
GF_01751,GCF_038050375.1|WP_353931659.1,66
GF_01752,GCF_038050375.1|WP_353932720.1,70
GF_01753,GCF_038096175.1|WP_341524558.1,50
GF_01754,GCF_038096175.1|WP_341524562.1,45
GF_01755,GCF_038096175.1|WP_341524595.1,48
GF_01756,GCF_038096175.1|WP_341524766.1,55
GF_01757,GCF_038096175.1|WP_341524878.1,42
GF_01758,GCF_038096175.1|WP_341524931.1,61
GF_01759,GCF_038096175.1|WP_341524978.1,47
GF_01760,GCF_038096175.1|WP_341525405.1,46
GF_01761,GCF_038096175.1|WP_341525523.1,46
GF_01762,GCF_038096175.1|WP_341525739.1,65
GF_01763,GCF_038096175.1|WP_341526383.1,217
GF_01764,GCF_038096175.1|WP_341526398.1,76
GF_01765,GCF_038096175.1|WP_341526821.1,48
GF_01766,GCF_038096175.1|WP_341526972.1,40
GF_01767,GCF_038096175.1|WP_341527023.1,63
GF_01768,GCF_038096175.1|WP_341527072.1,45
GF_01769,GCF_038096175.1|WP_341527718.1,61
GF_01770,GCF_038096175.1|WP_341527779.1,64
GF_01771,GCF_038096175.1|WP_341527915.1,64
GF_01772,GCF_038096175.1|WP_341527926.1,48
GF_01773,GCF_038096175.1|WP_341528152.1,40
GF_01774,GCF_038096175.1|WP_341528215.1,41
GF_01775,GCF_038096175.1|WP_341528706.1,52
GF_01776,GCF_038096175.1|WP_341529384.1,57
GF_01777,GCF_038096175.1|WP_341529605.1,43
GF_01778,GCF_038096175.1|WP_341530636.1,66
GF_01779,GCF_038096175.1|WP_341530698.1,53
GF_01780,GCF_038096175.1|WP_341531102.1,49
GF_01781,GCF_038096175.1|WP_341531130.1,49
GF_01782,GCF_038096175.1|WP_341531140.1,61
GF_01783,GCF_038396575.1|WP_045357228.1,405
GF_01784,GCF_040371545.1|WP_353291310.1,43
GF_01785,GCF_040371545.1|WP_353291419.1,41
GF_01786,GCF_040371545.1|WP_353291589.1,97
GF_01787,GCF_040371545.1|WP_353291618.1,134
GF_01788,GCF_040371545.1|WP_353291775.1,54
GF_01789,GCF_040371545.1|WP_353291794.1,53
GF_01790,GCF_040371545.1|WP_353292340.1,79
GF_01791,GCF_040371545.1|WP_353292387.1,100
GF_01792,GCF_040371545.1|WP_353292541.1,102
GF_01793,GCF_040371545.1|WP_353292679.1,134
GF_01794,GCF_040371545.1|WP_353292763.1,58
GF_01795,GCF_040371545.1|WP_353292773.1,153
GF_01796,GCF_040436315.1|WP_353671911.1,45
GF_01797,GCF_040436315.1|WP_353672190.1,48
GF_01798,GCF_040436315.1|WP_353672367.1,47
GF_01799,GCF_040436315.1|WP_353672807.1,421
GF_01800,GCF_040436315.1|WP_353672954.1,44
GF_01801,GCF_040436315.1|WP_353673106.1,56
GF_01802,GCF_040436315.1|WP_353673899.1,43
GF_01803,GCF_040436315.1|WP_353674264.1,54
GF_01804,GCF_040436315.1|WP_353674490.1,44
GF_01805,GCF_040436315.1|WP_353674580.1,57
GF_01806,GCF_040564635.1|WP_054464697.1,56
GF_01807,GCF_040564635.1|WP_054467679.1,93
GF_01808,GCF_040564635.1|WP_054469425.1,70
GF_01809,GCF_040564635.1|WP_054469854.1,152
GF_01810,GCF_040564635.1|WP_082348915.1,91
GF_01811,GCF_040564635.1|WP_190879466.1,145
GF_01812,GCF_040564635.1|WP_190880649.1,94
GF_01813,GCF_040564635.1|WP_354635123.1,144
GF_01814,GCF_041506625.1|WP_002742939.1,46
GF_01815,GCF_041506625.1|WP_002747890.1,56
GF_01816,GCF_042465725.1|WP_377474509.1,175
GF_01817,GCF_042465725.1|WP_377478458.1,75
GF_01818,GCF_042465725.1|WP_377478563.1,72
GF_01819,GCF_042465725.1|WP_377481228.1,106
GF_01820,GCF_043099305.1|WP_016872536.1,61
GF_01821,GCF_043099305.1|WP_016872818.1,47
GF_01822,GCF_043099305.1|WP_016874275.1,53
GF_01823,GCF_043099305.1|WP_016875034.1,69
GF_01824,GCF_043099305.1|WP_016875743.1,67
GF_01825,GCF_043099305.1|WP_016876711.1,45
GF_01826,GCF_043099305.1|WP_016876931.1,48
GF_01827,GCF_043099305.1|WP_016877063.1,68
GF_01828,GCF_043099305.1|WP_016877820.1,69
GF_01829,GCF_043099305.1|WP_016877828.1,68
GF_01830,GCF_043099305.1|WP_016877987.1,68
GF_01831,GCF_043099305.1|WP_016878154.1,49
GF_01832,GCF_043099305.1|WP_016879062.1,42
GF_01833,GCF_043099305.1|WP_016879615.1,42
GF_01834,GCF_043099305.1|WP_016879711.1,121
GF_01835,GCF_043099305.1|WP_026087619.1,69
GF_01836,GCF_043099305.1|WP_071588461.1,123
GF_01837,GCF_043099305.1|WP_200862400.1,83
GF_01838,GCF_043099315.1|WP_016872723.1,62
GF_01839,GCF_043099315.1|WP_016872887.1,55
GF_01840,GCF_043099315.1|WP_016873024.1,89
GF_01841,GCF_043099315.1|WP_016873221.1,129
GF_01842,GCF_043099315.1|WP_016873557.1,78
GF_01843,GCF_043099315.1|WP_016874415.1,49
GF_01844,GCF_043099315.1|WP_016874839.1,120
GF_01845,GCF_043099315.1|WP_016874861.1,69
GF_01846,GCF_043099315.1|WP_016874959.1,48
GF_01847,GCF_043099315.1|WP_016875182.1,63
GF_01848,GCF_043099315.1|WP_016875285.1,52
GF_01849,GCF_043099315.1|WP_016875621.1,45
GF_01850,GCF_043099315.1|WP_016875727.1,67
GF_01851,GCF_043099315.1|WP_016876309.1,49
GF_01852,GCF_043099315.1|WP_016876458.1,57
GF_01853,GCF_043099315.1|WP_016876592.1,52
GF_01854,GCF_043099315.1|WP_016876935.1,43
GF_01855,GCF_043099315.1|WP_016877233.1,54
GF_01856,GCF_043099315.1|WP_016877314.1,157
GF_01857,GCF_043099315.1|WP_016877774.1,40
GF_01858,GCF_043099315.1|WP_016877824.1,68
GF_01859,GCF_043099315.1|WP_016878001.1,52
GF_01860,GCF_043099315.1|WP_016878422.1,133
GF_01861,GCF_043099315.1|WP_016878463.1,55
GF_01862,GCF_043099315.1|WP_016878872.1,70
GF_01863,GCF_043099315.1|WP_016879103.1,57
GF_01864,GCF_043099315.1|WP_016879166.1,46
GF_01865,GCF_043099315.1|WP_016879314.1,45
GF_01866,GCF_043099315.1|WP_026087333.1,68
GF_01867,GCF_043099315.1|WP_026087754.1,41
GF_01868,GCF_043099315.1|WP_071588406.1,74
GF_01869,GCF_043099315.1|WP_392407357.1,68
GF_01870,GCF_043099315.1|WP_392407570.1,421
GF_01871,GCF_043099315.1|WP_392408658.1,42
GF_01872,GCF_043099725.1|WP_041566417.1,96
GF_01873,GCF_043099725.1|WP_163936474.1,42
GF_01874,GCF_043099725.1|WP_179071173.1,53
GF_01875,GCF_043099725.1|WP_179074792.1,49
GF_01876,GCF_043099725.1|WP_392478929.1,49
GF_01877,GCF_043099725.1|WP_392479981.1,41
GF_01878,GCF_043099725.1|WP_392480443.1,63
GF_01879,GCF_043099725.1|WP_392481147.1,60
GF_01880,GCF_043099725.1|WP_392481962.1,46
GF_01881,GCF_043099735.1|WP_392530373.1,53
GF_01882,GCF_043099735.1|WP_392530405.1,71
GF_01883,GCF_043099735.1|WP_392530885.1,57
GF_01884,GCF_043099735.1|WP_392531269.1,40
GF_01885,GCF_043099735.1|WP_392531316.1,60
GF_01886,GCF_043099735.1|WP_392531717.1,43
GF_01887,GCF_043099735.1|WP_392532657.1,40
GF_01888,GCF_043099735.1|WP_392533029.1,67
GF_01889,GCF_043099735.1|WP_392533083.1,69
GF_01890,GCF_043099735.1|WP_392533108.1,46
GF_01891,GCF_043099735.1|WP_392533383.1,66
GF_01892,GCF_043099735.1|WP_392533464.1,45
GF_01893,GCF_043099735.1|WP_392533594.1,41
GF_01894,GCF_043099735.1|WP_392533778.1,57
GF_01895,GCF_043099735.1|WP_392534782.1,42
GF_01896,GCF_044923475.1|WP_404783597.1,40
GF_01897,GCF_044923475.1|WP_404783962.1,83
GF_01898,GCF_044923475.1|WP_404784302.1,116
GF_01899,GCF_044923475.1|WP_404784641.1,426
GF_01900,GCF_044923475.1|WP_404786503.1,339
GF_01901,GCF_044923475.1|WP_404787232.1,49
GF_01902,GCF_044923475.1|WP_404788634.1,90
GF_01903,GCF_046847945.1|WP_010873144.1,43
GF_01904,GCF_046847955.1|WP_010872068.1,274
GF_01905,GCF_047275885.1|WP_413171304.1,43
GF_01906,GCF_047275885.1|WP_413171620.1,58
GF_01907,GCF_047275885.1|WP_413172132.1,60
GF_01908,GCF_047275885.1|WP_413172231.1,52
GF_01909,GCF_047275885.1|WP_413173095.1,52
GF_01910,GCF_047275885.1|WP_413173112.1,57
GF_01911,GCF_047275885.1|WP_413173318.1,50
GF_01912,GCF_047275885.1|WP_413173429.1,45
GF_01913,GCF_047275885.1|WP_413174603.1,43
GF_01914,GCF_047275885.1|WP_413174752.1,68
GF_01915,GCF_047275885.1|WP_413174947.1,60
GF_01916,GCF_047275885.1|WP_413174950.1,44
GF_01917,GCF_047275885.1|WP_413175021.1,60
GF_01918,GCF_047275885.1|WP_413175077.1,68
GF_01919,GCF_047275885.1|WP_413175355.1,64
GF_01920,GCF_047275885.1|WP_413175765.1,46
GF_01921,GCF_047275885.1|WP_413175804.1,57
GF_01922,GCF_047275885.1|WP_413176080.1,69
GF_01923,GCF_047276495.1|WP_413160600.1,42
GF_01924,GCF_047276495.1|WP_413161424.1,46
GF_01925,GCF_047276495.1|WP_413163040.1,69
GF_01926,GCF_047276495.1|WP_413163264.1,247
GF_01927,GCF_047276495.1|WP_413166487.1,78
GF_01928,GCF_047276495.1|WP_413166648.1,129
GF_01929,GCF_047276495.1|WP_413167329.1,83
GF_01930,GCF_047276495.1|WP_413168242.1,148
GF_01931,GCF_047302735.1|WP_413429971.1,46
GF_01932,GCF_047302735.1|WP_413430087.1,48
GF_01933,GCF_047302735.1|WP_413430114.1,79
GF_01934,GCF_047302735.1|WP_413430207.1,58
GF_01935,GCF_047302745.1|WP_413389207.1,108
GF_01936,GCF_047302765.1|WP_011125840.1,153
GF_01937,GCF_047302775.1|WP_032524307.1,41
GF_01938,GCF_047302785.1|WP_006041550.1,53
GF_01939,GCF_047302785.1|WP_006042202.1,51
GF_01940,GCF_047302785.1|WP_006042276.1,109
GF_01941,GCF_047302785.1|WP_006042292.1,63
GF_01942,GCF_047302785.1|WP_038005324.1,53
GF_01943,GCF_047302865.1|WP_036914346.1,96
GF_01944,GCF_047302865.1|WP_413350112.1,167
GF_01945,GCF_047302875.1|WP_032523910.1,426
GF_01946,GCF_047302905.1|WP_011125837.1,154
GF_01947,GCF_047302975.1|WP_011124394.1,45
GF_01948,GCF_047302975.1|WP_011124438.1,55
GF_01949,GCF_047302975.1|WP_011124509.1,55
GF_01950,GCF_047302975.1|WP_011124543.1,68
GF_01951,GCF_047302985.1|WP_036911537.1,153
GF_01952,GCF_047303025.1|WP_413440074.1,50
GF_01953,GCF_047303025.1|WP_413440213.1,124
GF_01954,GCF_047303025.1|WP_413440521.1,41
GF_01955,GCF_047303025.1|WP_413440534.1,69
GF_01956,GCF_047303025.1|WP_413440897.1,71
GF_01957,GCF_047303025.1|WP_413441403.1,136
GF_01958,GCF_047303025.1|WP_413441804.1,73
GF_01959,GCF_047303025.1|WP_413442047.1,46
GF_01960,GCF_047303025.1|WP_413442139.1,146
GF_01961,GCF_047303025.1|WP_413442199.1,45
GF_01962,GCF_047303025.1|WP_413442247.1,96
GF_01963,GCF_047303025.1|WP_413442415.1,70
GF_01964,GCF_047303025.1|WP_413442446.1,54
GF_01965,GCF_047303025.1|WP_413442497.1,82
GF_01966,GCF_047303025.1|WP_413442778.1,50
GF_01967,GCF_047303025.1|WP_413442936.1,44
GF_01968,GCF_047303035.1|WP_066911119.1,75
GF_01969,GCF_047303035.1|WP_413401495.1,69
GF_01970,GCF_047303035.1|WP_413404850.1,52
GF_01971,GCF_047303035.1|WP_413405542.1,93
GF_01972,GCF_047303035.1|WP_413405613.1,48
GF_01973,GCF_047303045.1|WP_067096925.1,68
GF_01974,GCF_047303155.1|WP_063406227.1,71
GF_01975,GCF_047303175.1|WP_036918249.1,49
GF_01976,GCF_047303345.1|WP_063420056.1,75
GF_01977,GCF_047303415.1|WP_063415604.1,153
GF_01978,GCF_047303415.1|WP_063419793.1,91
GF_01979,GCF_047303415.1|WP_413360173.1,72
GF_01980,GCF_047303465.1|WP_036912166.1,107
GF_01981,GCF_047303495.1|WP_255327582.1,61
GF_01982,GCF_047303505.1|WP_032514417.1,83
GF_01983,GCF_047303555.1|WP_032516130.1,45
GF_01984,GCF_047304065.1|WP_413403793.1,108
GF_01985,GCF_047304175.1|WP_011932021.1,81
GF_01986,GCF_047304175.1|WP_413324337.1,46
GF_01987,GCF_047304175.1|WP_413324795.1,42
GF_01988,GCF_047304175.1|WP_413324877.1,105
GF_01989,GCF_047304175.1|WP_413325748.1,44
GF_01990,GCF_047304175.1|WP_413326832.1,50
GF_01991,GCF_047304175.1|WP_413327110.1,42
GF_01992,GCF_047304245.1|WP_011934443.1,72
GF_01993,GCF_047304245.1|WP_413295996.1,65
GF_01994,GCF_047304245.1|WP_413296269.1,49
GF_01995,GCF_047304245.1|WP_413296399.1,41
GF_01996,GCF_047304245.1|WP_413297759.1,50
GF_01997,GCF_047304245.1|WP_413297782.1,55
GF_01998,GCF_047304495.1|WP_011129603.1,126
GF_01999,GCF_047304495.1|WP_063403253.1,125
GF_02000,GCF_047304495.1|WP_063403673.1,66
GF_02001,GCF_047304495.1|WP_063405376.1,153
GF_02002,GCF_047304505.1|WP_011130849.1,143
GF_02003,GCF_047304505.1|WP_041374994.1,71
GF_02004,GCF_047304505.1|WP_063405904.1,95
GF_02005,GCF_047304505.1|WP_063407613.1,105
GF_02006,GCF_047304515.1|WP_063396186.1,43
GF_02007,GCF_047304515.1|WP_063396347.1,43
GF_02008,GCF_047304515.1|WP_063396381.1,97
GF_02009,GCF_047304515.1|WP_063396543.1,48
GF_02010,GCF_047304515.1|WP_063396772.1,124
GF_02011,GCF_047304525.1|WP_002807701.1,149
GF_02012,GCF_047304535.1|WP_032517876.1,153
GF_02013,GCF_047304545.1|WP_413401571.1,50
GF_02014,GCF_047304555.1|WP_066909057.1,129
GF_02015,GCF_047304555.1|WP_186988745.1,49
GF_02016,GCF_047304555.1|WP_186990016.1,91
GF_02017,GCF_047304555.1|WP_186990837.1,60
GF_02018,GCF_047304555.1|WP_186991497.1,93
GF_02019,GCF_047304615.1|WP_036916478.1,115
GF_02020,GCF_047304615.1|WP_036919474.1,129
GF_02021,GCF_047304625.1|WP_036918069.1,47
GF_02022,GCF_047304625.1|WP_036919492.1,153
GF_02023,GCF_047304625.1|WP_036919629.1,153
GF_02024,GCF_047304675.1|WP_011294212.1,43
GF_02025,GCF_047304675.1|WP_036906091.1,73
GF_02026,GCF_047304675.1|WP_036907288.1,89
GF_02027,GCF_047304705.1|WP_066910276.1,153
GF_02028,GCF_047304705.1|WP_186988781.1,53
GF_02029,GCF_047304705.1|WP_186988801.1,47
GF_02030,GCF_047304725.1|WP_115018854.1,45
GF_02031,GCF_047304725.1|WP_115018965.1,125
GF_02032,GCF_047304725.1|WP_115118676.1,67
GF_02033,GCF_047304725.1|WP_115120760.1,40
GF_02034,GCF_047304725.1|WP_115120942.1,41
GF_02035,GCF_047304725.1|WP_244281710.1,74
GF_02036,GCF_047304725.1|WP_413743545.1,47
GF_02037,GCF_047304725.1|WP_413743907.1,107
GF_02038,GCF_047304725.1|WP_413744091.1,125
GF_02039,GCF_047304725.1|WP_413744248.1,69
GF_02040,GCF_047304725.1|WP_413744460.1,52
GF_02041,GCF_047304725.1|WP_413744786.1,214
GF_02042,GCF_047304725.1|WP_413744881.1,53
GF_02043,GCF_047304725.1|WP_413744905.1,50
GF_02044,GCF_047304725.1|WP_413745004.1,61
GF_02045,GCF_047304725.1|WP_413745035.1,98
GF_02046,GCF_047304725.1|WP_413745044.1,63
GF_02047,GCF_047304725.1|WP_413745052.1,58
GF_02048,GCF_047304905.1|WP_063400982.1,70
GF_02049,GCF_047305135.1|WP_032514257.1,44
GF_02050,GCF_047305135.1|WP_032514546.1,49
GF_02051,GCF_047305235.1|WP_413682700.1,43
GF_02052,GCF_047305235.1|WP_413683121.1,42
GF_02053,GCF_047497125.1|WP_011131859.1,58
GF_02054,GCF_047497125.1|WP_011132101.1,42
GF_02055,GCF_047497135.1|WP_066910008.1,98
GF_02056,GCF_047497135.1|WP_067327272.1,67
GF_02057,GCF_047497135.1|WP_074159298.1,51
GF_02058,GCF_047497135.1|WP_197461138.1,87
GF_02059,GCF_047649235.1|WP_017286112.1,51
GF_02060,GCF_047649235.1|WP_268242457.1,45
GF_02061,GCF_047716785.1|WP_006041373.1,63
GF_02062,GCF_047716785.1|WP_006043388.1,46
GF_02063,GCF_047716785.1|WP_415408880.1,53
GF_02064,GCF_047716785.1|WP_415410383.1,42
GF_02065,GCF_047716805.1|WP_185186411.1,102
GF_02066,GCF_047716805.1|WP_247911529.1,85
GF_02067,GCF_047716805.1|WP_415399042.1,153
GF_02068,GCF_047716805.1|WP_415399238.1,67
GF_02069,GCF_048077055.1|WP_416665778.1,110
GF_02070,GCF_048077055.1|WP_416670043.1,147
GF_02071,GCF_048077055.1|WP_416670624.1,107
GF_02072,GCF_048077055.1|WP_416670826.1,41
GF_02073,GCF_048077055.1|WP_416672586.1,52
GF_02074,GCF_048077055.1|WP_416676047.1,54
GF_02075,GCF_048077055.1|WP_416676509.1,225
GF_02076,GCF_048077055.1|WP_416676624.1,60
GF_02077,GCF_048568235.1|WP_010997847.1,53
GF_02078,GCF_048568235.1|WP_010997848.1,47
GF_02079,GCF_048568275.1|WP_010996882.1,46
GF_02080,GCF_048568275.1|WP_010996914.1,44
GF_02081,GCF_048568275.1|WP_010998466.1,74
GF_02082,GCF_048568275.1|WP_010999290.1,54
GF_02083,GCF_048568275.1|WP_010999382.1,47
GF_02084,GCF_048593405.1|WP_002736278.1,51
GF_02085,GCF_048593405.1|WP_123230847.1,53
GF_02086,GCF_048820285.1|WP_103112666.1,41
GF_02087,GCF_049200465.1|WP_421654703.1,63
GF_02088,GCF_049200465.1|WP_421655241.1,43
GF_02089,GCF_049200465.1|WP_421656218.1,228
GF_02090,GCF_049200465.1|WP_421656223.1,72
GF_02091,GCF_049200465.1|WP_421657034.1,117
GF_02092,GCF_049200465.1|WP_421658354.1,92
GF_02093,GCF_049200465.1|WP_421658492.1,111
GF_02094,GCF_049200465.1|WP_421659174.1,65
GF_02095,GCF_049315035.1|WP_015212288.1,57
GF_02096,GCF_049315035.1|WP_015212820.1,42
GF_02097,GCF_049315035.1|WP_015214004.1,57
GF_02098,GCF_049315035.1|WP_015214578.1,59
GF_02099,GCF_049315035.1|WP_015215191.1,57
GF_02100,GCF_049315035.1|WP_015215208.1,44
GF_02101,GCF_049315035.1|WP_015215395.1,90
GF_02102,GCF_049315035.1|WP_015215415.1,65
GF_02103,GCF_049315035.1|WP_015215958.1,57
GF_02104,GCF_049315035.1|WP_015216287.1,67
GF_02105,GCF_049315035.1|WP_015216288.1,57
GF_02106,GCF_049315035.1|WP_015217119.1,62
GF_02107,GCF_049315035.1|WP_015217499.1,54
GF_02108,GCF_050235535.1|WP_103137058.1,61
GF_02109,GCF_050235535.1|WP_103138950.1,42
GF_02110,GCF_050235535.1|WP_236141221.1,88
GF_02111,GCF_050235535.1|WP_236141437.1,68
GF_02112,GCF_050235535.1|WP_236143341.1,45
GF_02113,GCF_050235535.1|WP_236145034.1,86
GF_02114,GCF_050235535.1|WP_427157084.1,41
GF_02115,GCF_050235535.1|WP_427157405.1,45
GF_02116,GCF_050235535.1|WP_427157481.1,51
GF_02117,GCF_050235535.1|WP_427158386.1,43
GF_02118,GCF_050235535.1|WP_427158428.1,42
GF_02119,GCF_050235535.1|WP_427158852.1,62
GF_02120,GCF_050235535.1|WP_427158909.1,61
GF_02121,GCF_050235535.1|WP_427159134.1,60
GF_02122,GCF_050235535.1|WP_427159231.1,49
GF_02123,GCF_050235535.1|WP_427160684.1,51
GF_02124,GCF_050235535.1|WP_427160833.1,57
GF_02125,GCF_050235535.1|WP_427160857.1,53
GF_02126,GCF_050235535.1|WP_427160943.1,50
GF_02127,GCF_050235535.1|WP_427161045.1,52
GF_02128,GCF_050235535.1|WP_427161416.1,52
GF_02129,GCF_050235535.1|WP_427162808.1,40
GF_02130,GCF_050408035.1|WP_010874237.1,232
GF_02131,GCF_050422935.1|WP_208673175.1,161
GF_02132,GCF_050422935.1|WP_338430274.1,75
GF_02133,GCF_050500235.1|WP_002737827.1,44
GF_02134,GCF_050500255.1|WP_002766539.1,61
GF_02135,GCF_050500255.1|WP_079210109.1,44
GF_02136,GCF_050563455.1|WP_007303443.1,259
GF_02137,GCF_050563455.1|WP_007303695.1,61
GF_02138,GCF_050563455.1|WP_007304434.1,49
GF_02139,GCF_050563455.1|WP_007305644.1,56
GF_02140,GCF_050563455.1|WP_007307820.1,71
GF_02141,GCF_050563455.1|WP_007309476.1,98
GF_02142,GCF_050563455.1|WP_008278251.1,63
GF_02143,GCF_050563455.1|WP_430639782.1,106
GF_02144,GCF_050711215.1|WP_004163118.1,46
GF_02145,GCF_050920705.1|WP_185464605.1,300
GF_02146,GCF_050920705.1|WP_185465095.1,81
GF_02147,GCF_050920705.1|WP_255441393.1,161
GF_02148,GCF_050920705.1|WP_432785052.1,94
GF_02149,GCF_050920705.1|WP_432785304.1,99
GF_02150,GCF_051201415.1|WP_006275826.1,50
GF_02151,GCF_051201415.1|WP_006275857.1,67
GF_02152,GCF_051201415.1|WP_006276249.1,162
GF_02153,GCF_051201415.1|WP_057177073.1,65
GF_02154,GCF_051201415.1|WP_057178238.1,49
GF_02155,GCF_051201415.1|WP_096547431.1,54
GF_02156,GCF_051201415.1|WP_115538647.1,63
GF_02157,GCF_051201415.1|WP_434298421.1,169
GF_02158,GCF_052692655.1|WP_289799093.1,75
GF_02159,GCF_052692655.1|WP_445626299.1,65
GF_02160,GCF_052692655.1|WP_445626501.1,41
GF_02161,GCF_052692655.1|WP_445626774.1,55
GF_02162,GCF_052692655.1|WP_445628769.1,40
GF_02163,GCF_052692655.1|WP_445628937.1,49
GF_02164,GCF_052692655.1|WP_445629256.1,44
GF_02165,GCF_052692655.1|WP_445630742.1,66
GF_02166,GCF_052692655.1|WP_445631674.1,49
GF_02167,GCF_052692655.1|WP_445631990.1,65
GF_02168,GCF_052692655.1|WP_445632021.1,41
GF_02169,GCF_052692655.1|WP_445632182.1,69
GF_02170,GCF_052692665.1|WP_069072751.1,63
GF_02171,GCF_052692665.1|WP_096539556.1,43
GF_02172,GCF_052692665.1|WP_096542252.1,114
GF_02173,GCF_052692665.1|WP_445633302.1,44
GF_02174,GCF_052692665.1|WP_445634818.1,52
GF_02175,GCF_052692665.1|WP_445634845.1,50
GF_02176,GCF_052692665.1|WP_445635116.1,46
GF_02177,GCF_052692665.1|WP_445635307.1,58
GF_02178,GCF_052692665.1|WP_445635379.1,87
GF_02179,GCF_052692665.1|WP_445635417.1,56
GF_02180,GCF_052692665.1|WP_445635543.1,142
GF_02181,GCF_052692665.1|WP_445635706.1,43
GF_02182,GCF_052692665.1|WP_445635724.1,53
GF_02183,GCF_052692665.1|WP_445635871.1,52
GF_02184,GCF_052692665.1|WP_445635935.1,49
GF_02185,GCF_052692665.1|WP_445636168.1,68
GF_02186,GCF_052692665.1|WP_445636617.1,62
GF_02187,GCF_052692665.1|WP_445637064.1,40
GF_02188,GCF_052692665.1|WP_445637132.1,42
GF_02189,GCF_052692665.1|WP_445637238.1,69
GF_02190,GCF_052692665.1|WP_445637748.1,42
GF_02191,GCF_052692665.1|WP_445637755.1,41
GF_02192,GCF_052692665.1|WP_445638502.1,81
GF_02193,GCF_052692665.1|WP_445638527.1,48
GF_02194,GCF_052692665.1|WP_445638736.1,59
GF_02195,GCF_900088535.1|WP_087066896.1,75
GF_02196,GCF_900088535.1|WP_087067156.1,106
GF_02197,GCF_900088535.1|WP_087067205.1,55
GF_02198,GCF_900088535.1|WP_087067286.1,96
GF_02199,GCF_900088535.1|WP_087067625.1,123
GF_02200,GCF_900088535.1|WP_087068056.1,119
GF_02201,GCF_900088535.1|WP_087068163.1,94
GF_02202,GCF_900088535.1|WP_087068245.1,89
GF_02203,GCF_900088535.1|WP_087068391.1,106
GF_02204,GCF_900088535.1|WP_087068514.1,58
GF_02205,GCF_900088535.1|WP_087068762.1,86
GF_02206,GCF_900088535.1|WP_087068907.1,153
GF_02207,GCF_900088535.1|WP_087069164.1,46
GF_02208,GCF_900088535.1|WP_225867329.1,150
GF_02209,GCF_900088535.1|WP_225867330.1,125
GF_02210,GCF_900088535.1|WP_225867386.1,147
GF_02211,GCF_900088535.1|WP_225867518.1,144
GF_02212,GCF_900088535.1|WP_225867541.1,100
GF_02213,GCF_900088535.1|WP_225867551.1,82
GF_02214,GCF_900088535.1|WP_225867552.1,76
GF_02215,GCF_904830765.1|WP_026785618.1,55
GF_02216,GCF_904830765.1|WP_042152468.1,66
GF_02217,GCF_904830915.1|WP_042151002.1,83
GF_02218,GCF_904830925.1|WP_072717087.1,178
GF_02219,GCF_904830925.1|WP_072720849.1,66
GF_02220,GCF_904830925.1|WP_072722716.1,144
GF_02221,GCF_904830925.1|WP_254173924.1,85
GF_02222,GCF_904830935.1|WP_042152272.1,78
GF_02223,GCF_904830935.1|WP_042154596.1,255
GF_02224,GCF_904830935.1|WP_235751148.1,77
GF_02225,GCF_947331815.1|WP_267383329.1,83
GF_02226,GCF_963665995.1|WP_319419303.1,53
GF_02227,GCF_963665995.1|WP_319419835.1,263
GF_02228,GCF_963665995.1|WP_319420931.1,56
GF_02229,GCF_963665995.1|WP_319421866.1,71
GF_02230,GCF_963665995.1|WP_319422377.1,83
GF_02231,GCF_963920465.1|WP_214339998.1,121
GF_02232,GCF_963920465.1|WP_214341259.1,153
GF_02233,GCF_963920465.1|WP_322771506.1,94
GF_02234,GCF_963920465.1|WP_322771565.1,107
GF_02235,GCF_963920465.1|WP_322771671.1,125
GF_02236,GCF_963920465.1|WP_322772148.1,54
GF_02237,GCF_963920465.1|WP_322773086.1,60
GF_02238,GCF_963920465.1|WP_322773098.1,91
GF_02239,GCF_963920475.1|WP_094555045.1,120
GF_02240,GCF_963920475.1|WP_197162125.1,75
GF_02241,GCF_963920475.1|WP_197162701.1,239
GF_02242,GCF_963920475.1|WP_231595023.1,97
GF_02243,GCF_963920475.1|WP_322781801.1,90
GF_02244,GCF_963920475.1|WP_322781815.1,153
GF_02245,GCF_963920485.1|WP_106501739.1,90
GF_02246,GCF_963920485.1|WP_106632954.1,69
GF_02247,GCF_963920485.1|WP_322764389.1,97
GF_02248,GCF_963920485.1|WP_322764427.1,92
GF_02249,GCF_963920485.1|WP_322764834.1,84
GF_02250,GCF_963920485.1|WP_322766094.1,47
GF_02251,GCF_963920495.1|WP_197157071.1,124
GF_02252,GCF_963920495.1|WP_197158576.1,153
GF_02253,GCF_963920495.1|WP_197158936.1,71
GF_02254,GCF_963920495.1|WP_197170948.1,100
GF_02255,GCF_963920505.1|WP_006171428.1,149
GF_02256,GCF_963920505.1|WP_006172063.1,123
GF_02257,GCF_963920505.1|WP_006172572.1,153
GF_02258,GCF_963920505.1|WP_322773789.1,83
GF_02259,GCF_963920505.1|WP_322774981.1,55
GF_02260,GCF_976987195.1|WP_002739790.1,71
GF_02261,GCF_977012465.1|WP_039724928.1,63
GF_02262,GCF_977012465.1|WP_039726131.1,347
GF_02263,GCF_977012465.1|WP_039726352.1,185
GF_02264,GCF_977012465.1|WP_039729132.1,247
GF_02265,GCF_977012465.1|WP_201278894.1,57
GF_02266,GCF_977012465.1|WP_448169546.1,183
GF_02267,GCF_977927515.1|WP_094510083.1,151
GF_02268,GCF_977927515.1|WP_094510378.1,81
GF_02269,GCF_977927515.1|WP_259728775.1,100
GF_02270,GCF_977927515.1|WP_259729076.1,76
GF_02271,GCF_977927515.1|WP_259730546.1,75
GF_02272,GCF_977927515.1|WP_399221197.1,122
GF_02273,GCF_977927535.1|WP_071800145.1,153
GF_02274,GCF_977927535.1|WP_259700743.1,97
GF_02275,GCF_977927535.1|WP_259700883.1,68
GF_02276,GCF_977927535.1|WP_259701540.1,72
GF_02277,GCF_977927535.1|WP_259701654.1,58
GF_02278,GCF_977927535.1|WP_259702376.1,72
GF_02279,GCF_977927535.1|WP_259702700.1,98
GF_02280,GCF_977927535.1|WP_259703073.1,76
GF_02281,GCF_977927535.1|WP_259703248.1,59
GF_02282,GCF_977927545.1|WP_259701493.1,152
GF_02283,GCF_977927545.1|WP_259702534.1,108
GF_02284,GCF_977927545.1|WP_259702830.1,170
GF_02285,GCF_977927545.1|WP_259730929.1,51
