gene_family,total_genomes,diazotroph_count,diazotroph_pct,is_pure
GF_00000,125,0,0.0,True
GF_00001,48,47,0.9791666666666666,True
GF_00002,89,77,0.8651685393258427,False
GF_00003,44,43,0.9772727272727273,True
GF_00004,41,41,1.0,True
GF_00005,40,40,1.0,True
GF_00006,49,49,1.0,True
GF_00007,55,54,0.9818181818181818,True
GF_00008,55,8,0.14545454545454545,False
GF_00009,64,2,0.03125,True
GF_00010,44,1,0.022727272727272728,True
GF_00011,58,8,0.13793103448275862,False
GF_00012,41,6,0.14634146341463414,False
GF_00013,44,11,0.25,False
GF_00014,53,10,0.18867924528301888,False
GF_00015,174,88,0.5057471264367817,False
GF_00016,40,3,0.075,True
GF_00017,269,108,0.40148698884758366,False
GF_00018,68,37,0.5441176470588235,False
GF_00019,41,0,0.0,True
GF_00020,131,0,0.0,True
GF_00021,89,0,0.0,True
GF_00022,71,0,0.0,True
GF_00023,144,0,0.0,True
GF_00024,103,0,0.0,True
GF_00025,109,0,0.0,True
GF_00026,59,0,0.0,True
GF_00027,45,0,0.0,True
GF_00028,71,0,0.0,True
GF_00029,53,0,0.0,True
GF_00030,70,0,0.0,True
GF_00031,45,0,0.0,True
GF_00032,40,0,0.0,True
GF_00033,70,0,0.0,True
GF_00034,111,0,0.0,True
GF_00035,159,2,0.012578616352201259,True
GF_00036,94,72,0.7659574468085106,False
GF_00037,98,0,0.0,True
GF_00038,87,0,0.0,True
GF_00039,69,0,0.0,True
GF_00040,105,0,0.0,True
GF_00041,76,0,0.0,True
GF_00042,42,0,0.0,True
GF_00043,260,109,0.41923076923076924,False
GF_00044,44,16,0.36363636363636365,False
GF_00045,144,10,0.06944444444444445,True
GF_00046,129,80,0.6201550387596899,False
GF_00047,229,106,0.462882096069869,False
GF_00048,99,72,0.7272727272727273,False
GF_00049,96,58,0.6041666666666666,False
GF_00050,55,51,0.9272727272727272,True
GF_00051,264,108,0.4090909090909091,False
GF_00052,47,12,0.2553191489361702,False
GF_00053,42,0,0.0,True
GF_00054,51,0,0.0,True
GF_00055,53,0,0.0,True
GF_00056,99,0,0.0,True
GF_00057,46,0,0.0,True
GF_00058,42,0,0.0,True
GF_00059,108,0,0.0,True
GF_00060,48,0,0.0,True
GF_00061,49,0,0.0,True
GF_00062,43,0,0.0,True
GF_00063,148,0,0.0,True
GF_00064,89,0,0.0,True
GF_00065,51,0,0.0,True
GF_00066,150,0,0.0,True
GF_00067,153,0,0.0,True
GF_00068,153,0,0.0,True
GF_00069,53,0,0.0,True
GF_00070,95,0,0.0,True
GF_00071,50,7,0.14,False
GF_00072,256,107,0.41796875,False
GF_00073,50,11,0.22,False
GF_00074,51,8,0.1568627450980392,False
GF_00075,42,17,0.40476190476190477,False
GF_00076,54,6,0.1111111111111111,False
GF_00077,56,13,0.23214285714285715,False
GF_00078,67,13,0.19402985074626866,False
GF_00079,84,23,0.27380952380952384,False
GF_00080,98,83,0.8469387755102041,False
GF_00081,161,80,0.4968944099378882,False
GF_00082,50,14,0.28,False
GF_00083,45,14,0.3111111111111111,False
GF_00084,61,13,0.21311475409836064,False
GF_00085,81,25,0.30864197530864196,False
GF_00086,66,63,0.9545454545454546,True
GF_00087,425,112,0.2635294117647059,False
GF_00088,271,110,0.4059040590405904,False
GF_00089,153,0,0.0,True
GF_00090,52,0,0.0,True
GF_00091,43,0,0.0,True
GF_00092,153,0,0.0,True
GF_00093,239,105,0.4393305439330544,False
GF_00094,212,98,0.46226415094339623,False
GF_00095,52,51,0.9807692307692307,True
GF_00096,68,67,0.9852941176470589,True
GF_00097,52,51,0.9807692307692307,True
GF_00098,54,53,0.9814814814814815,True
GF_00099,40,40,1.0,True
GF_00100,47,46,0.9787234042553191,True
GF_00101,65,64,0.9846153846153847,True
GF_00102,46,45,0.9782608695652174,True
GF_00103,44,44,1.0,True
GF_00104,109,38,0.3486238532110092,False
GF_00105,46,10,0.21739130434782608,False
GF_00106,41,7,0.17073170731707318,False
GF_00107,69,16,0.2318840579710145,False
GF_00108,47,10,0.2127659574468085,False
GF_00109,50,7,0.14,False
GF_00110,40,4,0.1,False
GF_00111,55,11,0.2,False
GF_00112,130,62,0.47692307692307695,False
GF_00113,58,8,0.13793103448275862,False
GF_00114,56,12,0.21428571428571427,False
GF_00115,77,18,0.23376623376623376,False
GF_00116,59,10,0.1694915254237288,False
GF_00117,50,8,0.16,False
GF_00118,46,3,0.06521739130434782,True
GF_00119,58,5,0.08620689655172414,True
GF_00120,68,16,0.23529411764705882,False
GF_00121,55,10,0.18181818181818182,False
GF_00122,159,88,0.5534591194968553,False
GF_00123,55,12,0.21818181818181817,False
GF_00124,191,94,0.49214659685863876,False
GF_00125,42,13,0.30952380952380953,False
GF_00126,47,0,0.0,True
GF_00127,53,0,0.0,True
GF_00128,77,0,0.0,True
GF_00129,40,0,0.0,True
GF_00130,69,0,0.0,True
GF_00131,58,0,0.0,True
GF_00132,76,0,0.0,True
GF_00133,74,0,0.0,True
GF_00134,82,0,0.0,True
GF_00135,149,0,0.0,True
GF_00136,238,101,0.42436974789915966,False
GF_00137,73,13,0.1780821917808219,False
GF_00138,68,12,0.17647058823529413,False
GF_00139,62,9,0.14516129032258066,False
GF_00140,46,46,1.0,True
GF_00141,51,14,0.27450980392156865,False
GF_00142,46,6,0.13043478260869565,False
GF_00143,263,109,0.4144486692015209,False
GF_00144,81,0,0.0,True
GF_00145,153,0,0.0,True
GF_00146,77,0,0.0,True
GF_00147,107,0,0.0,True
GF_00148,45,0,0.0,True
GF_00149,43,0,0.0,True
GF_00150,151,0,0.0,True
GF_00151,101,0,0.0,True
GF_00152,81,0,0.0,True
GF_00153,51,0,0.0,True
GF_00154,72,0,0.0,True
GF_00155,92,60,0.6521739130434783,False
GF_00156,44,43,0.9772727272727273,True
GF_00157,57,56,0.9824561403508771,True
GF_00158,42,41,0.9761904761904762,True
GF_00159,57,57,1.0,True
GF_00160,54,53,0.9814814814814815,True
GF_00161,51,50,0.9803921568627451,True
GF_00162,61,60,0.9836065573770492,True
GF_00163,56,55,0.9821428571428571,True
GF_00164,188,106,0.5638297872340425,False
GF_00165,45,45,1.0,True
GF_00166,52,52,1.0,True
GF_00167,44,43,0.9772727272727273,True
GF_00168,76,76,1.0,True
GF_00169,63,62,0.9841269841269841,True
GF_00170,47,38,0.8085106382978723,False
GF_00171,40,40,1.0,True
GF_00172,51,51,1.0,True
GF_00173,55,54,0.9818181818181818,True
GF_00174,56,55,0.9821428571428571,True
GF_00175,46,30,0.6521739130434783,False
GF_00176,42,41,0.9761904761904762,True
GF_00177,41,40,0.975609756097561,True
GF_00178,368,108,0.29347826086956524,False
GF_00179,57,12,0.21052631578947367,False
GF_00180,75,16,0.21333333333333335,False
GF_00181,46,3,0.06521739130434782,True
GF_00182,67,66,0.9850746268656716,True
GF_00183,57,56,0.9824561403508771,True
GF_00184,57,56,0.9824561403508771,True
GF_00185,75,62,0.8266666666666667,False
GF_00186,65,63,0.9692307692307692,True
GF_00187,63,0,0.0,True
GF_00188,67,0,0.0,True
GF_00189,73,0,0.0,True
GF_00190,103,0,0.0,True
GF_00191,126,0,0.0,True
GF_00192,99,0,0.0,True
GF_00193,153,0,0.0,True
GF_00194,151,0,0.0,True
GF_00195,95,0,0.0,True
GF_00196,52,0,0.0,True
GF_00197,153,0,0.0,True
GF_00198,100,0,0.0,True
GF_00199,107,0,0.0,True
GF_00200,58,57,0.9827586206896551,True
GF_00201,69,66,0.9565217391304348,True
GF_00202,55,54,0.9818181818181818,True
GF_00203,40,39,0.975,True
GF_00204,51,51,1.0,True
GF_00205,63,59,0.9365079365079365,True
GF_00206,58,57,0.9827586206896551,True
GF_00207,47,46,0.9787234042553191,True
GF_00208,55,49,0.8909090909090909,False
GF_00209,47,47,1.0,True
GF_00210,44,44,1.0,True
GF_00211,40,40,1.0,True
GF_00212,41,41,1.0,True
GF_00213,53,52,0.9811320754716981,True
GF_00214,66,63,0.9545454545454546,True
GF_00215,49,49,1.0,True
GF_00216,43,43,1.0,True
GF_00217,58,57,0.9827586206896551,True
GF_00218,54,53,0.9814814814814815,True
GF_00219,59,56,0.9491525423728814,True
GF_00220,52,28,0.5384615384615384,False
GF_00221,43,42,0.9767441860465116,True
GF_00222,42,42,1.0,True
GF_00223,51,51,1.0,True
GF_00224,42,42,1.0,True
GF_00225,71,68,0.9577464788732394,True
GF_00226,40,40,1.0,True
GF_00227,48,48,1.0,True
GF_00228,60,10,0.16666666666666666,False
GF_00229,66,32,0.48484848484848486,False
GF_00230,70,68,0.9714285714285714,True
GF_00231,68,67,0.9852941176470589,True
GF_00232,44,44,1.0,True
GF_00233,43,43,1.0,True
GF_00234,61,60,0.9836065573770492,True
GF_00235,78,68,0.8717948717948718,False
GF_00236,43,43,1.0,True
GF_00237,41,41,1.0,True
GF_00238,71,68,0.9577464788732394,True
GF_00239,58,57,0.9827586206896551,True
GF_00240,75,72,0.96,True
GF_00241,42,42,1.0,True
GF_00242,57,56,0.9824561403508771,True
GF_00243,49,48,0.9795918367346939,True
GF_00244,48,16,0.3333333333333333,False
GF_00245,72,69,0.9583333333333334,True
GF_00246,66,65,0.9848484848484849,True
GF_00247,53,53,1.0,True
GF_00248,76,72,0.9473684210526315,True
GF_00249,58,56,0.9655172413793104,True
GF_00250,64,57,0.890625,False
GF_00251,124,83,0.6693548387096774,False
GF_00252,43,43,1.0,True
GF_00253,61,60,0.9836065573770492,True
GF_00254,43,43,1.0,True
GF_00255,40,39,0.975,True
GF_00256,50,49,0.98,True
GF_00257,48,48,1.0,True
GF_00258,68,67,0.9852941176470589,True
GF_00259,46,46,1.0,True
GF_00260,68,67,0.9852941176470589,True
GF_00261,53,52,0.9811320754716981,True
GF_00262,87,58,0.6666666666666666,False
GF_00263,57,57,1.0,True
GF_00264,58,57,0.9827586206896551,True
GF_00265,41,41,1.0,True
GF_00266,57,56,0.9824561403508771,True
GF_00267,69,64,0.927536231884058,True
GF_00268,46,46,1.0,True
GF_00269,41,41,1.0,True
GF_00270,51,51,1.0,True
GF_00271,45,45,1.0,True
GF_00272,50,49,0.98,True
GF_00273,41,41,1.0,True
GF_00274,41,41,1.0,True
GF_00275,48,44,0.9166666666666666,True
GF_00276,61,60,0.9836065573770492,True
GF_00277,53,52,0.9811320754716981,True
GF_00278,48,48,1.0,True
GF_00279,60,58,0.9666666666666667,True
GF_00280,51,49,0.9607843137254902,True
GF_00281,267,106,0.3970037453183521,False
GF_00282,48,45,0.9375,True
GF_00283,42,41,0.9761904761904762,True
GF_00284,47,47,1.0,True
GF_00285,47,47,1.0,True
GF_00286,55,55,1.0,True
GF_00287,55,54,0.9818181818181818,True
GF_00288,55,55,1.0,True
GF_00289,62,61,0.9838709677419355,True
GF_00290,271,111,0.4095940959409594,False
GF_00291,70,69,0.9857142857142858,True
GF_00292,59,58,0.9830508474576272,True
GF_00293,52,51,0.9807692307692307,True
GF_00294,71,68,0.9577464788732394,True
GF_00295,58,58,1.0,True
GF_00296,102,53,0.5196078431372549,False
GF_00297,63,62,0.9841269841269841,True
GF_00298,63,62,0.9841269841269841,True
GF_00299,65,64,0.9846153846153847,True
GF_00300,103,81,0.7864077669902912,False
GF_00301,72,69,0.9583333333333334,True
GF_00302,63,48,0.7619047619047619,False
GF_00303,74,55,0.7432432432432432,False
GF_00304,55,54,0.9818181818181818,True
GF_00305,82,71,0.8658536585365854,False
GF_00306,54,54,1.0,True
GF_00307,62,59,0.9516129032258065,True
GF_00308,49,0,0.0,True
GF_00309,313,108,0.3450479233226837,False
GF_00310,40,4,0.1,False
GF_00311,88,47,0.5340909090909091,False
GF_00312,64,16,0.25,False
GF_00313,129,77,0.5968992248062015,False
GF_00314,129,78,0.6046511627906976,False
GF_00315,53,14,0.2641509433962264,False
GF_00316,150,90,0.6,False
GF_00317,46,12,0.2608695652173913,False
GF_00318,48,14,0.2916666666666667,False
GF_00319,58,11,0.1896551724137931,False
GF_00320,53,18,0.33962264150943394,False
GF_00321,79,14,0.17721518987341772,False
GF_00322,57,5,0.08771929824561403,True
GF_00323,161,83,0.515527950310559,False
GF_00324,69,58,0.8405797101449275,False
GF_00325,72,14,0.19444444444444445,False
GF_00326,263,106,0.40304182509505704,False
GF_00327,291,64,0.21993127147766323,False
GF_00328,63,2,0.031746031746031744,True
GF_00329,62,9,0.14516129032258066,False
GF_00330,167,94,0.562874251497006,False
GF_00331,103,80,0.7766990291262136,False
GF_00332,42,24,0.5714285714285714,False
GF_00333,56,13,0.23214285714285715,False
GF_00334,55,54,0.9818181818181818,True
GF_00335,186,97,0.521505376344086,False
GF_00336,106,49,0.46226415094339623,False
GF_00337,55,3,0.05454545454545454,True
GF_00338,58,50,0.8620689655172413,False
GF_00339,60,53,0.8833333333333333,False
GF_00340,220,105,0.4772727272727273,False
GF_00341,106,57,0.5377358490566038,False
GF_00342,124,28,0.22580645161290322,False
GF_00343,257,112,0.4357976653696498,False
GF_00344,227,92,0.4052863436123348,False
GF_00345,70,66,0.9428571428571428,True
GF_00346,92,76,0.8260869565217391,False
GF_00347,118,52,0.4406779661016949,False
GF_00348,45,7,0.15555555555555556,False
GF_00349,285,111,0.3894736842105263,False
GF_00350,320,101,0.315625,False
GF_00351,63,8,0.12698412698412698,False
GF_00352,161,83,0.515527950310559,False
GF_00353,221,104,0.47058823529411764,False
GF_00354,52,51,0.9807692307692307,True
GF_00355,73,65,0.8904109589041096,False
GF_00356,70,66,0.9428571428571428,True
GF_00357,50,48,0.96,True
GF_00358,126,82,0.6507936507936508,False
GF_00359,71,65,0.9154929577464789,True
GF_00360,230,99,0.43043478260869567,False
GF_00361,73,68,0.9315068493150684,True
GF_00362,159,91,0.5723270440251572,False
GF_00363,103,81,0.7864077669902912,False
GF_00364,59,48,0.8135593220338984,False
GF_00365,91,50,0.5494505494505495,False
GF_00366,63,62,0.9841269841269841,True
GF_00367,46,46,1.0,True
GF_00368,58,58,1.0,True
GF_00369,96,73,0.7604166666666666,False
GF_00370,69,67,0.9710144927536232,True
GF_00371,52,52,1.0,True
GF_00372,68,67,0.9852941176470589,True
GF_00373,71,68,0.9577464788732394,True
GF_00374,57,56,0.9824561403508771,True
GF_00375,65,64,0.9846153846153847,True
GF_00376,73,70,0.958904109589041,True
GF_00377,81,75,0.9259259259259259,True
GF_00378,76,69,0.9078947368421053,True
GF_00379,71,68,0.9577464788732394,True
GF_00380,63,61,0.9682539682539683,True
GF_00381,79,62,0.7848101265822784,False
GF_00382,46,46,1.0,True
GF_00383,68,67,0.9852941176470589,True
GF_00384,92,71,0.7717391304347826,False
GF_00385,85,71,0.8352941176470589,False
GF_00386,144,83,0.5763888888888888,False
GF_00387,78,63,0.8076923076923077,False
GF_00388,100,66,0.66,False
GF_00389,43,37,0.8604651162790697,False
GF_00390,86,73,0.8488372093023255,False
GF_00391,78,14,0.1794871794871795,False
GF_00392,49,45,0.9183673469387755,True
GF_00393,269,112,0.4163568773234201,False
GF_00394,59,49,0.8305084745762712,False
GF_00395,95,28,0.29473684210526313,False
GF_00396,169,81,0.47928994082840237,False
GF_00397,43,42,0.9767441860465116,True
GF_00398,59,56,0.9491525423728814,True
GF_00399,82,78,0.9512195121951219,True
GF_00400,171,81,0.47368421052631576,False
GF_00401,69,21,0.30434782608695654,False
GF_00402,54,45,0.8333333333333334,False
GF_00403,69,9,0.13043478260869565,False
GF_00404,202,93,0.4603960396039604,False
GF_00405,174,92,0.5287356321839081,False
GF_00406,95,82,0.8631578947368421,False
GF_00407,58,42,0.7241379310344828,False
GF_00408,78,68,0.8717948717948718,False
GF_00409,124,78,0.6290322580645161,False
GF_00410,41,26,0.6341463414634146,False
GF_00411,73,67,0.9178082191780822,True
GF_00412,66,63,0.9545454545454546,True
GF_00413,211,93,0.44075829383886256,False
GF_00414,92,33,0.358695652173913,False
GF_00415,182,96,0.5274725274725275,False
GF_00416,48,46,0.9583333333333334,True
GF_00417,47,38,0.8085106382978723,False
GF_00418,40,32,0.8,False
GF_00419,75,67,0.8933333333333333,False
GF_00420,62,58,0.9354838709677419,True
GF_00421,54,47,0.8703703703703703,False
GF_00422,137,80,0.583941605839416,False
GF_00423,54,52,0.9629629629629629,True
GF_00424,111,48,0.43243243243243246,False
GF_00425,46,43,0.9347826086956522,True
GF_00426,149,70,0.4697986577181208,False
GF_00427,77,21,0.2727272727272727,False
GF_00428,44,9,0.20454545454545456,False
GF_00429,52,8,0.15384615384615385,False
GF_00430,127,52,0.4094488188976378,False
GF_00431,96,70,0.7291666666666666,False
GF_00432,148,81,0.5472972972972973,False
GF_00433,256,104,0.40625,False
GF_00434,138,43,0.3115942028985507,False
GF_00435,182,93,0.510989010989011,False
GF_00436,141,47,0.3333333333333333,False
GF_00437,74,65,0.8783783783783784,False
GF_00438,187,91,0.48663101604278075,False
GF_00439,42,2,0.047619047619047616,True
GF_00440,60,15,0.25,False
GF_00441,73,11,0.1506849315068493,False
GF_00442,55,54,0.9818181818181818,True
GF_00443,48,47,0.9791666666666666,True
GF_00444,41,40,0.975609756097561,True
GF_00445,63,62,0.9841269841269841,True
GF_00446,65,64,0.9846153846153847,True
GF_00447,54,53,0.9814814814814815,True
GF_00448,69,66,0.9565217391304348,True
GF_00449,69,66,0.9565217391304348,True
GF_00450,66,65,0.9848484848484849,True
GF_00451,53,52,0.9811320754716981,True
GF_00452,62,60,0.967741935483871,True
GF_00453,60,59,0.9833333333333333,True
GF_00454,49,48,0.9795918367346939,True
GF_00455,95,63,0.6631578947368421,False
GF_00456,47,4,0.0851063829787234,True
GF_00457,198,98,0.494949494949495,False
GF_00458,60,8,0.13333333333333333,False
GF_00459,54,3,0.05555555555555555,True
GF_00460,55,5,0.09090909090909091,True
GF_00461,56,55,0.9821428571428571,True
GF_00462,47,47,1.0,True
GF_00463,55,53,0.9636363636363636,True
GF_00464,45,45,1.0,True
GF_00465,55,52,0.9454545454545454,True
GF_00466,40,40,1.0,True
GF_00467,50,49,0.98,True
GF_00468,73,70,0.958904109589041,True
GF_00469,67,66,0.9850746268656716,True
GF_00470,60,57,0.95,True
GF_00471,81,62,0.7654320987654321,False
GF_00472,86,77,0.8953488372093024,False
GF_00473,50,50,1.0,True
GF_00474,69,64,0.927536231884058,True
GF_00475,72,69,0.9583333333333334,True
GF_00476,74,71,0.9594594594594594,True
GF_00477,106,76,0.7169811320754716,False
GF_00478,68,67,0.9852941176470589,True
GF_00479,65,61,0.9384615384615385,True
GF_00480,71,60,0.8450704225352113,False
GF_00481,68,67,0.9852941176470589,True
GF_00482,58,51,0.8793103448275862,False
GF_00483,73,69,0.9452054794520548,True
GF_00484,54,50,0.9259259259259259,True
GF_00485,72,69,0.9583333333333334,True
GF_00486,72,69,0.9583333333333334,True
GF_00487,46,46,1.0,True
GF_00488,209,85,0.40669856459330145,False
GF_00489,71,61,0.8591549295774648,False
GF_00490,49,49,1.0,True
GF_00491,73,66,0.9041095890410958,True
GF_00492,55,52,0.9454545454545454,True
GF_00493,45,45,1.0,True
GF_00494,52,0,0.0,True
GF_00495,51,0,0.0,True
GF_00496,52,0,0.0,True
GF_00497,153,0,0.0,True
GF_00498,122,0,0.0,True
GF_00499,49,0,0.0,True
GF_00500,62,0,0.0,True
GF_00501,152,0,0.0,True
GF_00502,52,0,0.0,True
GF_00503,334,104,0.31137724550898205,False
GF_00504,97,0,0.0,True
GF_00505,54,0,0.0,True
GF_00506,56,0,0.0,True
GF_00507,70,0,0.0,True
GF_00508,52,0,0.0,True
GF_00509,69,0,0.0,True
GF_00510,72,0,0.0,True
GF_00511,70,0,0.0,True
GF_00512,53,0,0.0,True
GF_00513,71,0,0.0,True
GF_00514,71,0,0.0,True
GF_00515,48,0,0.0,True
GF_00516,136,0,0.0,True
GF_00517,41,0,0.0,True
GF_00518,150,1,0.006666666666666667,True
GF_00519,53,0,0.0,True
GF_00520,135,0,0.0,True
GF_00521,40,0,0.0,True
GF_00522,98,22,0.22448979591836735,False
GF_00523,71,27,0.38028169014084506,False
GF_00524,145,89,0.6137931034482759,False
GF_00525,56,13,0.23214285714285715,False
GF_00526,82,81,0.9878048780487805,True
GF_00527,65,14,0.2153846153846154,False
GF_00528,56,13,0.23214285714285715,False
GF_00529,52,12,0.23076923076923078,False
GF_00530,77,11,0.14285714285714285,False
GF_00531,203,92,0.45320197044334976,False
GF_00532,43,0,0.0,True
GF_00533,53,0,0.0,True
GF_00534,124,0,0.0,True
GF_00535,68,0,0.0,True
GF_00536,113,60,0.5309734513274337,False
GF_00537,57,56,0.9824561403508771,True
GF_00538,50,40,0.8,False
GF_00539,70,67,0.9571428571428572,True
GF_00540,59,58,0.9830508474576272,True
GF_00541,56,55,0.9821428571428571,True
GF_00542,47,46,0.9787234042553191,True
GF_00543,40,39,0.975,True
GF_00544,58,57,0.9827586206896551,True
GF_00545,57,56,0.9824561403508771,True
GF_00546,60,20,0.3333333333333333,False
GF_00547,62,14,0.22580645161290322,False
GF_00548,63,13,0.20634920634920634,False
GF_00549,44,11,0.25,False
GF_00550,47,2,0.0425531914893617,True
GF_00551,50,48,0.96,True
GF_00552,42,42,1.0,True
GF_00553,44,44,1.0,True
GF_00554,63,62,0.9841269841269841,True
GF_00555,54,53,0.9814814814814815,True
GF_00556,46,46,1.0,True
GF_00557,46,46,1.0,True
GF_00558,65,63,0.9692307692307692,True
GF_00559,52,51,0.9807692307692307,True
GF_00560,41,41,1.0,True
GF_00561,58,57,0.9827586206896551,True
GF_00562,42,42,1.0,True
GF_00563,43,42,0.9767441860465116,True
GF_00564,71,53,0.7464788732394366,False
GF_00565,129,84,0.6511627906976745,False
GF_00566,107,81,0.7570093457943925,False
GF_00567,79,75,0.9493670886075949,True
GF_00568,46,44,0.9565217391304348,True
GF_00569,56,15,0.26785714285714285,False
GF_00570,71,19,0.2676056338028169,False
GF_00571,42,42,1.0,True
GF_00572,68,60,0.8823529411764706,False
GF_00573,72,69,0.9583333333333334,True
GF_00574,83,73,0.8795180722891566,False
GF_00575,63,62,0.9841269841269841,True
GF_00576,43,43,1.0,True
GF_00577,51,49,0.9607843137254902,True
GF_00578,82,72,0.8780487804878049,False
GF_00579,53,52,0.9811320754716981,True
GF_00580,70,58,0.8285714285714286,False
GF_00581,58,58,1.0,True
GF_00582,71,68,0.9577464788732394,True
GF_00583,60,59,0.9833333333333333,True
GF_00584,63,61,0.9682539682539683,True
GF_00585,58,57,0.9827586206896551,True
GF_00586,54,54,1.0,True
GF_00587,56,55,0.9821428571428571,True
GF_00588,99,77,0.7777777777777778,False
GF_00589,55,54,0.9818181818181818,True
GF_00590,40,40,1.0,True
GF_00591,70,66,0.9428571428571428,True
GF_00592,61,60,0.9836065573770492,True
GF_00593,77,70,0.9090909090909091,True
GF_00594,43,12,0.27906976744186046,False
GF_00595,41,8,0.1951219512195122,False
GF_00596,67,5,0.07462686567164178,True
GF_00597,43,1,0.023255813953488372,True
GF_00598,45,2,0.044444444444444446,True
GF_00599,89,18,0.20224719101123595,False
GF_00600,63,50,0.7936507936507936,False
GF_00601,52,34,0.6538461538461539,False
GF_00602,82,74,0.9024390243902439,True
GF_00603,112,71,0.6339285714285714,False
GF_00604,102,79,0.7745098039215687,False
GF_00605,89,75,0.8426966292134831,False
GF_00606,120,28,0.23333333333333334,False
GF_00607,61,14,0.22950819672131148,False
GF_00608,49,28,0.5714285714285714,False
GF_00609,147,84,0.5714285714285714,False
GF_00610,41,2,0.04878048780487805,True
GF_00611,79,41,0.5189873417721519,False
GF_00612,213,80,0.3755868544600939,False
GF_00613,220,99,0.45,False
GF_00614,264,109,0.4128787878787879,False
GF_00615,41,31,0.7560975609756098,False
GF_00616,48,41,0.8541666666666666,False
GF_00617,55,41,0.7454545454545455,False
GF_00618,172,83,0.48255813953488375,False
GF_00619,78,57,0.7307692307692307,False
GF_00620,51,7,0.13725490196078433,False
GF_00621,75,62,0.8266666666666667,False
GF_00622,71,58,0.8169014084507042,False
GF_00623,172,101,0.5872093023255814,False
GF_00624,191,102,0.5340314136125655,False
GF_00625,97,0,0.0,True
GF_00626,78,0,0.0,True
GF_00627,94,0,0.0,True
GF_00628,152,0,0.0,True
GF_00629,125,0,0.0,True
GF_00630,74,0,0.0,True
GF_00631,102,0,0.0,True
GF_00632,153,30,0.19607843137254902,False
GF_00633,88,51,0.5795454545454546,False
GF_00634,107,10,0.09345794392523364,True
GF_00635,137,83,0.6058394160583942,False
GF_00636,70,39,0.5571428571428572,False
GF_00637,206,79,0.38349514563106796,False
GF_00638,56,8,0.14285714285714285,False
GF_00639,52,3,0.057692307692307696,True
GF_00640,42,36,0.8571428571428571,False
GF_00641,83,71,0.8554216867469879,False
GF_00642,113,77,0.6814159292035398,False
GF_00643,107,70,0.6542056074766355,False
GF_00644,59,56,0.9491525423728814,True
GF_00645,58,57,0.9827586206896551,True
GF_00646,71,68,0.9577464788732394,True
GF_00647,40,38,0.95,True
GF_00648,70,67,0.9571428571428572,True
GF_00649,46,46,1.0,True
GF_00650,64,62,0.96875,True
GF_00651,61,58,0.9508196721311475,True
GF_00652,66,65,0.9848484848484849,True
GF_00653,66,63,0.9545454545454546,True
GF_00654,57,56,0.9824561403508771,True
GF_00655,147,90,0.6122448979591837,False
GF_00656,51,51,1.0,True
GF_00657,42,41,0.9761904761904762,True
GF_00658,177,101,0.5706214689265536,False
GF_00659,79,71,0.8987341772151899,False
GF_00660,72,68,0.9444444444444444,True
GF_00661,66,50,0.7575757575757576,False
GF_00662,76,73,0.9605263157894737,True
GF_00663,68,67,0.9852941176470589,True
GF_00664,60,59,0.9833333333333333,True
GF_00665,58,57,0.9827586206896551,True
GF_00666,75,70,0.9333333333333333,True
GF_00667,62,61,0.9838709677419355,True
GF_00668,63,62,0.9841269841269841,True
GF_00669,79,49,0.620253164556962,False
GF_00670,45,44,0.9777777777777777,True
GF_00671,71,69,0.971830985915493,True
GF_00672,44,44,1.0,True
GF_00673,61,60,0.9836065573770492,True
GF_00674,47,47,1.0,True
GF_00675,74,69,0.9324324324324325,True
GF_00676,44,38,0.8636363636363636,False
GF_00677,68,67,0.9852941176470589,True
GF_00678,68,67,0.9852941176470589,True
GF_00679,68,65,0.9558823529411765,True
GF_00680,43,5,0.11627906976744186,False
GF_00681,50,12,0.24,False
GF_00682,74,8,0.10810810810810811,False
GF_00683,52,6,0.11538461538461539,False
GF_00684,44,9,0.20454545454545456,False
GF_00685,72,4,0.05555555555555555,True
GF_00686,43,4,0.09302325581395349,True
GF_00687,45,5,0.1111111111111111,False
GF_00688,244,99,0.4057377049180328,False
GF_00689,40,40,1.0,True
GF_00690,40,40,1.0,True
GF_00691,43,43,1.0,True
GF_00692,42,42,1.0,True
GF_00693,42,42,1.0,True
GF_00694,69,66,0.9565217391304348,True
GF_00695,69,59,0.855072463768116,False
GF_00696,59,58,0.9830508474576272,True
GF_00697,54,53,0.9814814814814815,True
GF_00698,51,51,1.0,True
GF_00699,84,71,0.8452380952380952,False
GF_00700,47,47,1.0,True
GF_00701,45,45,1.0,True
GF_00702,41,18,0.43902439024390244,False
GF_00703,40,40,1.0,True
GF_00704,48,46,0.9583333333333334,True
GF_00705,44,44,1.0,True
GF_00706,49,48,0.9795918367346939,True
GF_00707,69,66,0.9565217391304348,True
GF_00708,61,58,0.9508196721311475,True
GF_00709,69,55,0.7971014492753623,False
GF_00710,58,57,0.9827586206896551,True
GF_00711,63,62,0.9841269841269841,True
GF_00712,44,44,1.0,True
GF_00713,46,46,1.0,True
GF_00714,59,58,0.9830508474576272,True
GF_00715,40,40,1.0,True
GF_00716,41,41,1.0,True
GF_00717,60,56,0.9333333333333333,True
GF_00718,50,49,0.98,True
GF_00719,64,63,0.984375,True
GF_00720,46,46,1.0,True
GF_00721,49,49,1.0,True
GF_00722,70,60,0.8571428571428571,False
GF_00723,162,98,0.6049382716049383,False
GF_00724,67,57,0.8507462686567164,False
GF_00725,125,80,0.64,False
GF_00726,250,103,0.412,False
GF_00727,257,105,0.4085603112840467,False
GF_00728,70,18,0.2571428571428571,False
GF_00729,257,107,0.4163424124513619,False
GF_00730,62,61,0.9838709677419355,True
GF_00731,65,64,0.9846153846153847,True
GF_00732,81,70,0.8641975308641975,False
GF_00733,67,66,0.9850746268656716,True
GF_00734,73,70,0.958904109589041,True
GF_00735,70,67,0.9571428571428572,True
GF_00736,97,78,0.8041237113402062,False
GF_00737,74,70,0.9459459459459459,True
GF_00738,62,61,0.9838709677419355,True
GF_00739,52,52,1.0,True
GF_00740,189,93,0.49206349206349204,False
GF_00741,144,96,0.6666666666666666,False
GF_00742,63,62,0.9841269841269841,True
GF_00743,65,64,0.9846153846153847,True
GF_00744,178,85,0.47752808988764045,False
GF_00745,65,64,0.9846153846153847,True
GF_00746,43,43,1.0,True
GF_00747,42,42,1.0,True
GF_00748,45,44,0.9777777777777777,True
GF_00749,45,41,0.9111111111111111,True
GF_00750,65,64,0.9846153846153847,True
GF_00751,237,101,0.42616033755274263,False
GF_00752,44,43,0.9772727272727273,True
GF_00753,46,46,1.0,True
GF_00754,68,66,0.9705882352941176,True
GF_00755,261,107,0.4099616858237548,False
GF_00756,105,80,0.7619047619047619,False
GF_00757,71,69,0.971830985915493,True
GF_00758,55,54,0.9818181818181818,True
GF_00759,67,66,0.9850746268656716,True
GF_00760,49,49,1.0,True
GF_00761,46,34,0.7391304347826086,False
GF_00762,58,57,0.9827586206896551,True
GF_00763,62,62,1.0,True
GF_00764,54,53,0.9814814814814815,True
GF_00765,53,52,0.9811320754716981,True
GF_00766,51,51,1.0,True
GF_00767,50,1,0.02,True
GF_00768,50,1,0.02,True
GF_00769,46,46,1.0,True
GF_00770,46,43,0.9347826086956522,True
GF_00771,218,109,0.5,False
GF_00772,44,43,0.9772727272727273,True
GF_00773,120,78,0.65,False
GF_00774,42,42,1.0,True
GF_00775,60,59,0.9833333333333333,True
GF_00776,40,15,0.375,False
GF_00777,121,78,0.6446280991735537,False
GF_00778,55,53,0.9636363636363636,True
GF_00779,42,42,1.0,True
GF_00780,65,64,0.9846153846153847,True
GF_00781,69,67,0.9710144927536232,True
GF_00782,40,40,1.0,True
GF_00783,63,62,0.9841269841269841,True
GF_00784,47,47,1.0,True
GF_00785,47,39,0.8297872340425532,False
GF_00786,56,55,0.9821428571428571,True
GF_00787,41,41,1.0,True
GF_00788,43,42,0.9767441860465116,True
GF_00789,43,42,0.9767441860465116,True
GF_00790,48,47,0.9791666666666666,True
GF_00791,61,58,0.9508196721311475,True
GF_00792,60,59,0.9833333333333333,True
GF_00793,57,53,0.9298245614035088,True
GF_00794,72,69,0.9583333333333334,True
GF_00795,66,65,0.9848484848484849,True
GF_00796,182,99,0.5439560439560439,False
GF_00797,51,50,0.9803921568627451,True
GF_00798,55,52,0.9454545454545454,True
GF_00799,49,49,1.0,True
GF_00800,47,47,1.0,True
GF_00801,51,51,1.0,True
GF_00802,45,45,1.0,True
GF_00803,47,47,1.0,True
GF_00804,47,47,1.0,True
GF_00805,41,41,1.0,True
GF_00806,68,67,0.9852941176470589,True
GF_00807,50,50,1.0,True
GF_00808,45,45,1.0,True
GF_00809,59,58,0.9830508474576272,True
GF_00810,72,50,0.6944444444444444,False
GF_00811,54,26,0.48148148148148145,False
GF_00812,41,41,1.0,True
GF_00813,59,10,0.1694915254237288,False
GF_00814,249,84,0.3373493975903614,False
GF_00815,103,9,0.08737864077669903,True
GF_00816,79,46,0.5822784810126582,False
GF_00817,45,2,0.044444444444444446,True
GF_00818,57,56,0.9824561403508771,True
GF_00819,351,101,0.28774928774928776,False
GF_00820,40,40,1.0,True
GF_00821,47,47,1.0,True
GF_00822,40,39,0.975,True
GF_00823,72,69,0.9583333333333334,True
GF_00824,41,41,1.0,True
GF_00825,62,61,0.9838709677419355,True
GF_00826,40,37,0.925,True
GF_00827,58,55,0.9482758620689655,True
GF_00828,73,18,0.2465753424657534,False
GF_00829,63,62,0.9841269841269841,True
GF_00830,42,41,0.9761904761904762,True
GF_00831,40,39,0.975,True
GF_00832,72,69,0.9583333333333334,True
GF_00833,50,49,0.98,True
GF_00834,53,52,0.9811320754716981,True
GF_00835,45,45,1.0,True
GF_00836,57,56,0.9824561403508771,True
GF_00837,50,49,0.98,True
GF_00838,65,64,0.9846153846153847,True
GF_00839,58,58,1.0,True
GF_00840,72,69,0.9583333333333334,True
GF_00841,43,43,1.0,True
GF_00842,55,54,0.9818181818181818,True
GF_00843,46,20,0.43478260869565216,False
GF_00844,56,55,0.9821428571428571,True
GF_00845,363,108,0.2975206611570248,False
GF_00846,70,67,0.9571428571428572,True
GF_00847,61,60,0.9836065573770492,True
GF_00848,61,60,0.9836065573770492,True
GF_00849,52,52,1.0,True
GF_00850,55,54,0.9818181818181818,True
GF_00851,67,66,0.9850746268656716,True
GF_00852,51,50,0.9803921568627451,True
GF_00853,46,46,1.0,True
GF_00854,60,59,0.9833333333333333,True
GF_00855,68,67,0.9852941176470589,True
GF_00856,58,52,0.896551724137931,False
GF_00857,229,107,0.4672489082969432,False
GF_00858,65,64,0.9846153846153847,True
GF_00859,65,64,0.9846153846153847,True
GF_00860,67,36,0.5373134328358209,False
GF_00861,58,57,0.9827586206896551,True
GF_00862,41,41,1.0,True
GF_00863,52,52,1.0,True
GF_00864,146,78,0.5342465753424658,False
GF_00865,40,2,0.05,True
GF_00866,148,55,0.3716216216216216,False
GF_00867,63,7,0.1111111111111111,False
GF_00868,57,11,0.19298245614035087,False
GF_00869,50,27,0.54,False
GF_00870,57,23,0.40350877192982454,False
GF_00871,41,5,0.12195121951219512,False
GF_00872,40,6,0.15,False
GF_00873,61,12,0.19672131147540983,False
GF_00874,133,42,0.3157894736842105,False
GF_00875,44,0,0.0,True
GF_00876,68,0,0.0,True
GF_00877,62,0,0.0,True
GF_00878,94,0,0.0,True
GF_00879,58,0,0.0,True
GF_00880,47,0,0.0,True
GF_00881,69,0,0.0,True
GF_00882,61,0,0.0,True
GF_00883,150,0,0.0,True
GF_00884,127,0,0.0,True
GF_00885,83,0,0.0,True
GF_00886,89,0,0.0,True
GF_00887,81,72,0.8888888888888888,False
GF_00888,73,10,0.136986301369863,False
GF_00889,74,70,0.9459459459459459,True
GF_00890,67,66,0.9850746268656716,True
GF_00891,67,66,0.9850746268656716,True
GF_00892,53,52,0.9811320754716981,True
GF_00893,81,75,0.9259259259259259,True
GF_00894,58,57,0.9827586206896551,True
GF_00895,239,101,0.4225941422594142,False
GF_00896,50,0,0.0,True
GF_00897,42,0,0.0,True
GF_00898,101,0,0.0,True
GF_00899,153,0,0.0,True
GF_00900,73,0,0.0,True
GF_00901,45,0,0.0,True
GF_00902,125,0,0.0,True
GF_00903,100,0,0.0,True
GF_00904,130,0,0.0,True
GF_00905,102,0,0.0,True
GF_00906,69,0,0.0,True
GF_00907,99,0,0.0,True
GF_00908,45,1,0.022222222222222223,True
GF_00909,44,43,0.9772727272727273,True
GF_00910,57,56,0.9824561403508771,True
GF_00911,51,50,0.9803921568627451,True
GF_00912,58,57,0.9827586206896551,True
GF_00913,48,48,1.0,True
GF_00914,56,55,0.9821428571428571,True
GF_00915,53,52,0.9811320754716981,True
GF_00916,242,106,0.4380165289256198,False
GF_00917,62,58,0.9354838709677419,True
GF_00918,57,53,0.9298245614035088,True
GF_00919,40,40,1.0,True
GF_00920,70,67,0.9571428571428572,True
GF_00921,42,42,1.0,True
GF_00922,44,44,1.0,True
GF_00923,59,59,1.0,True
GF_00924,45,44,0.9777777777777777,True
GF_00925,62,60,0.967741935483871,True
GF_00926,47,46,0.9787234042553191,True
GF_00927,54,28,0.5185185185185185,False
GF_00928,41,41,1.0,True
GF_00929,75,74,0.9866666666666667,True
GF_00930,73,68,0.9315068493150684,True
GF_00931,417,105,0.2517985611510791,False
GF_00932,54,7,0.12962962962962962,False
GF_00933,71,15,0.2112676056338028,False
GF_00934,40,38,0.95,True
GF_00935,67,66,0.9850746268656716,True
GF_00936,63,61,0.9682539682539683,True
GF_00937,55,54,0.9818181818181818,True
GF_00938,49,48,0.9795918367346939,True
GF_00939,58,58,1.0,True
GF_00940,69,66,0.9565217391304348,True
GF_00941,65,64,0.9846153846153847,True
GF_00942,48,47,0.9791666666666666,True
GF_00943,40,40,1.0,True
GF_00944,42,42,1.0,True
GF_00945,45,44,0.9777777777777777,True
GF_00946,50,42,0.84,False
GF_00947,52,8,0.15384615384615385,False
GF_00948,70,66,0.9428571428571428,True
GF_00949,88,67,0.7613636363636364,False
GF_00950,46,46,1.0,True
GF_00951,46,46,1.0,True
GF_00952,71,66,0.9295774647887324,True
GF_00953,58,57,0.9827586206896551,True
GF_00954,52,51,0.9807692307692307,True
GF_00955,67,66,0.9850746268656716,True
GF_00956,56,56,1.0,True
GF_00957,124,78,0.6290322580645161,False
GF_00958,262,107,0.4083969465648855,False
GF_00959,77,11,0.14285714285714285,False
GF_00960,212,87,0.41037735849056606,False
GF_00961,47,46,0.9787234042553191,True
GF_00962,40,39,0.975,True
GF_00963,74,55,0.7432432432432432,False
GF_00964,45,43,0.9555555555555556,True
GF_00965,54,53,0.9814814814814815,True
GF_00966,53,14,0.2641509433962264,False
GF_00967,45,4,0.08888888888888889,True
GF_00968,250,110,0.44,False
GF_00969,151,89,0.5894039735099338,False
GF_00970,138,87,0.6304347826086957,False
GF_00971,49,22,0.4489795918367347,False
GF_00972,80,70,0.875,False
GF_00973,67,66,0.9850746268656716,True
GF_00974,43,43,1.0,True
GF_00975,53,53,1.0,True
GF_00976,43,43,1.0,True
GF_00977,41,41,1.0,True
GF_00978,48,48,1.0,True
GF_00979,42,41,0.9761904761904762,True
GF_00980,51,50,0.9803921568627451,True
GF_00981,53,52,0.9811320754716981,True
GF_00982,55,19,0.34545454545454546,False
GF_00983,42,41,0.9761904761904762,True
GF_00984,52,51,0.9807692307692307,True
GF_00985,46,46,1.0,True
GF_00986,55,54,0.9818181818181818,True
GF_00987,69,64,0.927536231884058,True
GF_00988,52,51,0.9807692307692307,True
GF_00989,48,48,1.0,True
GF_00990,43,43,1.0,True
GF_00991,67,66,0.9850746268656716,True
GF_00992,41,38,0.926829268292683,True
GF_00993,40,40,1.0,True
GF_00994,71,68,0.9577464788732394,True
GF_00995,43,43,1.0,True
GF_00996,49,49,1.0,True
GF_00997,43,43,1.0,True
GF_00998,54,54,1.0,True
GF_00999,58,57,0.9827586206896551,True
GF_01000,41,41,1.0,True
GF_01001,67,66,0.9850746268656716,True
GF_01002,57,56,0.9824561403508771,True
GF_01003,46,45,0.9782608695652174,True
GF_01004,44,31,0.7045454545454546,False
GF_01005,111,39,0.35135135135135137,False
GF_01006,65,64,0.9846153846153847,True
GF_01007,69,66,0.9565217391304348,True
GF_01008,40,40,1.0,True
GF_01009,43,43,1.0,True
GF_01010,43,43,1.0,True
GF_01011,63,61,0.9682539682539683,True
GF_01012,42,36,0.8571428571428571,False
GF_01013,47,45,0.9574468085106383,True
GF_01014,44,44,1.0,True
GF_01015,45,45,1.0,True
GF_01016,45,43,0.9555555555555556,True
GF_01017,65,64,0.9846153846153847,True
GF_01018,58,55,0.9482758620689655,True
GF_01019,43,43,1.0,True
GF_01020,42,42,1.0,True
GF_01021,45,45,1.0,True
GF_01022,48,48,1.0,True
GF_01023,51,51,1.0,True
GF_01024,48,47,0.9791666666666666,True
GF_01025,56,55,0.9821428571428571,True
GF_01026,78,65,0.8333333333333334,False
GF_01027,96,83,0.8645833333333334,False
GF_01028,216,95,0.4398148148148148,False
GF_01029,40,40,1.0,True
GF_01030,41,41,1.0,True
GF_01031,51,51,1.0,True
GF_01032,53,52,0.9811320754716981,True
GF_01033,40,40,1.0,True
GF_01034,64,61,0.953125,True
GF_01035,61,60,0.9836065573770492,True
GF_01036,44,44,1.0,True
GF_01037,98,0,0.0,True
GF_01038,75,0,0.0,True
GF_01039,50,0,0.0,True
GF_01040,74,0,0.0,True
GF_01041,75,0,0.0,True
GF_01042,43,0,0.0,True
GF_01043,65,0,0.0,True
GF_01044,63,0,0.0,True
GF_01045,111,0,0.0,True
GF_01046,52,0,0.0,True
GF_01047,53,0,0.0,True
GF_01048,52,0,0.0,True
GF_01049,68,0,0.0,True
GF_01050,99,0,0.0,True
GF_01051,62,0,0.0,True
GF_01052,62,0,0.0,True
GF_01053,48,0,0.0,True
GF_01054,243,74,0.3045267489711934,False
GF_01055,150,0,0.0,True
GF_01056,66,0,0.0,True
GF_01057,49,0,0.0,True
GF_01058,46,0,0.0,True
GF_01059,55,0,0.0,True
GF_01060,97,0,0.0,True
GF_01061,67,0,0.0,True
GF_01062,63,0,0.0,True
GF_01063,42,0,0.0,True
GF_01064,63,0,0.0,True
GF_01065,153,0,0.0,True
GF_01066,57,0,0.0,True
GF_01067,44,0,0.0,True
GF_01068,47,0,0.0,True
GF_01069,152,0,0.0,True
GF_01070,46,0,0.0,True
GF_01071,90,0,0.0,True
GF_01072,153,0,0.0,True
GF_01073,48,0,0.0,True
GF_01074,84,0,0.0,True
GF_01075,76,0,0.0,True
GF_01076,52,0,0.0,True
GF_01077,108,0,0.0,True
GF_01078,49,0,0.0,True
GF_01079,54,0,0.0,True
GF_01080,86,0,0.0,True
GF_01081,66,0,0.0,True
GF_01082,96,0,0.0,True
GF_01083,81,0,0.0,True
GF_01084,87,0,0.0,True
GF_01085,86,0,0.0,True
GF_01086,90,0,0.0,True
GF_01087,66,0,0.0,True
GF_01088,41,0,0.0,True
GF_01089,77,0,0.0,True
GF_01090,50,0,0.0,True
GF_01091,143,0,0.0,True
GF_01092,74,0,0.0,True
GF_01093,49,0,0.0,True
GF_01094,49,0,0.0,True
GF_01095,97,0,0.0,True
GF_01096,81,0,0.0,True
GF_01097,58,0,0.0,True
GF_01098,68,0,0.0,True
GF_01099,152,0,0.0,True
GF_01100,63,0,0.0,True
GF_01101,64,0,0.0,True
GF_01102,47,0,0.0,True
GF_01103,41,0,0.0,True
GF_01104,46,0,0.0,True
GF_01105,70,0,0.0,True
GF_01106,49,0,0.0,True
GF_01107,96,0,0.0,True
GF_01108,58,0,0.0,True
GF_01109,78,0,0.0,True
GF_01110,41,0,0.0,True
GF_01111,101,0,0.0,True
GF_01112,140,0,0.0,True
GF_01113,70,0,0.0,True
GF_01114,41,0,0.0,True
GF_01115,104,0,0.0,True
GF_01116,46,0,0.0,True
GF_01117,168,0,0.0,True
GF_01118,153,0,0.0,True
GF_01119,64,0,0.0,True
GF_01120,50,0,0.0,True
GF_01121,89,0,0.0,True
GF_01122,46,0,0.0,True
GF_01123,100,0,0.0,True
GF_01124,101,0,0.0,True
GF_01125,53,0,0.0,True
GF_01126,58,0,0.0,True
GF_01127,71,0,0.0,True
GF_01128,168,0,0.0,True
GF_01129,136,0,0.0,True
GF_01130,127,0,0.0,True
GF_01131,69,0,0.0,True
GF_01132,42,0,0.0,True
GF_01133,49,0,0.0,True
GF_01134,58,0,0.0,True
GF_01135,53,0,0.0,True
GF_01136,50,0,0.0,True
GF_01137,153,0,0.0,True
GF_01138,56,0,0.0,True
GF_01139,70,0,0.0,True
GF_01140,42,0,0.0,True
GF_01141,41,0,0.0,True
GF_01142,42,0,0.0,True
GF_01143,41,0,0.0,True
GF_01144,168,0,0.0,True
GF_01145,40,0,0.0,True
GF_01146,124,0,0.0,True
GF_01147,71,3,0.04225352112676056,True
GF_01148,42,0,0.0,True
GF_01149,55,0,0.0,True
GF_01150,73,0,0.0,True
GF_01151,49,0,0.0,True
GF_01152,70,0,0.0,True
GF_01153,41,0,0.0,True
GF_01154,53,0,0.0,True
GF_01155,73,0,0.0,True
GF_01156,116,0,0.0,True
GF_01157,65,0,0.0,True
GF_01158,99,0,0.0,True
GF_01159,43,0,0.0,True
GF_01160,40,0,0.0,True
GF_01161,81,0,0.0,True
GF_01162,79,0,0.0,True
GF_01163,41,0,0.0,True
GF_01164,74,1,0.013513513513513514,True
GF_01165,41,0,0.0,True
GF_01166,153,0,0.0,True
GF_01167,84,0,0.0,True
GF_01168,99,0,0.0,True
GF_01169,44,0,0.0,True
GF_01170,111,0,0.0,True
GF_01171,93,0,0.0,True
GF_01172,81,0,0.0,True
GF_01173,51,0,0.0,True
GF_01174,153,0,0.0,True
GF_01175,104,0,0.0,True
GF_01176,153,0,0.0,True
GF_01177,53,0,0.0,True
GF_01178,69,0,0.0,True
GF_01179,99,0,0.0,True
GF_01180,76,0,0.0,True
GF_01181,77,0,0.0,True
GF_01182,70,0,0.0,True
GF_01183,48,0,0.0,True
GF_01184,50,0,0.0,True
GF_01185,73,0,0.0,True
GF_01186,75,0,0.0,True
GF_01187,70,0,0.0,True
GF_01188,110,0,0.0,True
GF_01189,48,0,0.0,True
GF_01190,67,0,0.0,True
GF_01191,55,54,0.9818181818181818,True
GF_01192,71,69,0.971830985915493,True
GF_01193,56,55,0.9821428571428571,True
GF_01194,62,61,0.9838709677419355,True
GF_01195,62,61,0.9838709677419355,True
GF_01196,59,58,0.9830508474576272,True
GF_01197,64,64,1.0,True
GF_01198,79,0,0.0,True
GF_01199,42,0,0.0,True
GF_01200,52,0,0.0,True
GF_01201,98,0,0.0,True
GF_01202,93,0,0.0,True
GF_01203,46,0,0.0,True
GF_01204,73,0,0.0,True
GF_01205,153,0,0.0,True
GF_01206,75,0,0.0,True
GF_01207,153,0,0.0,True
GF_01208,41,0,0.0,True
GF_01209,92,0,0.0,True
GF_01210,43,0,0.0,True
GF_01211,104,0,0.0,True
GF_01212,78,2,0.02564102564102564,True
GF_01213,62,0,0.0,True
GF_01214,89,0,0.0,True
GF_01215,152,0,0.0,True
GF_01216,92,0,0.0,True
GF_01217,54,0,0.0,True
GF_01218,98,0,0.0,True
GF_01219,78,0,0.0,True
GF_01220,96,0,0.0,True
GF_01221,59,0,0.0,True
GF_01222,79,0,0.0,True
GF_01223,126,0,0.0,True
GF_01224,96,0,0.0,True
GF_01225,93,0,0.0,True
GF_01226,61,0,0.0,True
GF_01227,96,0,0.0,True
GF_01228,43,0,0.0,True
GF_01229,45,0,0.0,True
GF_01230,146,61,0.4178082191780822,False
GF_01231,323,110,0.34055727554179566,False
GF_01232,46,8,0.17391304347826086,False
GF_01233,253,103,0.40711462450592883,False
GF_01234,133,46,0.3458646616541353,False
GF_01235,259,105,0.40540540540540543,False
GF_01236,109,80,0.7339449541284404,False
GF_01237,68,16,0.23529411764705882,False
GF_01238,75,69,0.92,True
GF_01239,135,61,0.45185185185185184,False
GF_01240,123,85,0.6910569105691057,False
GF_01241,89,67,0.7528089887640449,False
GF_01242,54,46,0.8518518518518519,False
GF_01243,78,72,0.9230769230769231,True
GF_01244,60,11,0.18333333333333332,False
GF_01245,81,15,0.18518518518518517,False
GF_01246,55,16,0.2909090909090909,False
GF_01247,48,12,0.25,False
GF_01248,147,86,0.5850340136054422,False
GF_01249,55,54,0.9818181818181818,True
GF_01250,47,47,1.0,True
GF_01251,41,41,1.0,True
GF_01252,58,57,0.9827586206896551,True
GF_01253,67,61,0.9104477611940298,True
GF_01254,51,51,1.0,True
GF_01255,41,41,1.0,True
GF_01256,50,50,1.0,True
GF_01257,56,53,0.9464285714285714,True
GF_01258,51,51,1.0,True
GF_01259,56,55,0.9821428571428571,True
GF_01260,48,48,1.0,True
GF_01261,50,49,0.98,True
GF_01262,41,41,1.0,True
GF_01263,41,41,1.0,True
GF_01264,49,48,0.9795918367346939,True
GF_01265,62,61,0.9838709677419355,True
GF_01266,82,64,0.7804878048780488,False
GF_01267,65,64,0.9846153846153847,True
GF_01268,53,52,0.9811320754716981,True
GF_01269,41,41,1.0,True
GF_01270,41,41,1.0,True
GF_01271,46,46,1.0,True
GF_01272,50,49,0.98,True
GF_01273,46,46,1.0,True
GF_01274,65,64,0.9846153846153847,True
GF_01275,40,40,1.0,True
GF_01276,40,40,1.0,True
GF_01277,65,64,0.9846153846153847,True
GF_01278,64,61,0.953125,True
GF_01279,78,71,0.9102564102564102,True
GF_01280,59,57,0.9661016949152542,True
GF_01281,59,58,0.9830508474576272,True
GF_01282,76,70,0.9210526315789473,True
GF_01283,64,63,0.984375,True
GF_01284,41,40,0.975609756097561,True
GF_01285,68,67,0.9852941176470589,True
GF_01286,64,63,0.984375,True
GF_01287,105,87,0.8285714285714286,False
GF_01288,67,66,0.9850746268656716,True
GF_01289,40,39,0.975,True
GF_01290,58,13,0.22413793103448276,False
GF_01291,63,56,0.8888888888888888,False
GF_01292,253,36,0.1422924901185771,False
GF_01293,67,28,0.417910447761194,False
GF_01294,48,0,0.0,True
GF_01295,73,0,0.0,True
GF_01296,153,0,0.0,True
GF_01297,426,112,0.26291079812206575,False
GF_01298,100,0,0.0,True
GF_01299,59,0,0.0,True
GF_01300,71,0,0.0,True
GF_01301,64,0,0.0,True
GF_01302,99,0,0.0,True
GF_01303,56,52,0.9285714285714286,True
GF_01304,49,48,0.9795918367346939,True
GF_01305,54,53,0.9814814814814815,True
GF_01306,130,80,0.6153846153846154,False
GF_01307,43,42,0.9767441860465116,True
GF_01308,64,59,0.921875,True
GF_01309,46,46,1.0,True
GF_01310,57,56,0.9824561403508771,True
GF_01311,67,66,0.9850746268656716,True
GF_01312,71,68,0.9577464788732394,True
GF_01313,67,66,0.9850746268656716,True
GF_01314,155,93,0.6,False
GF_01315,63,40,0.6349206349206349,False
GF_01316,53,53,1.0,True
GF_01317,51,50,0.9803921568627451,True
GF_01318,57,56,0.9824561403508771,True
GF_01319,52,51,0.9807692307692307,True
GF_01320,48,47,0.9791666666666666,True
GF_01321,72,69,0.9583333333333334,True
GF_01322,58,57,0.9827586206896551,True
GF_01323,52,51,0.9807692307692307,True
GF_01324,41,39,0.9512195121951219,True
GF_01325,48,47,0.9791666666666666,True
GF_01326,47,47,1.0,True
GF_01327,66,11,0.16666666666666666,False
GF_01328,87,77,0.8850574712643678,False
GF_01329,168,92,0.5476190476190477,False
GF_01330,83,52,0.6265060240963856,False
GF_01331,161,28,0.17391304347826086,False
GF_01332,68,26,0.38235294117647056,False
GF_01333,117,89,0.7606837606837606,False
GF_01334,70,61,0.8714285714285714,False
GF_01335,43,3,0.06976744186046512,True
GF_01336,40,31,0.775,False
GF_01337,105,87,0.8285714285714286,False
GF_01338,101,69,0.6831683168316832,False
GF_01339,44,1,0.022727272727272728,True
GF_01340,62,61,0.9838709677419355,True
GF_01341,50,49,0.98,True
GF_01342,65,64,0.9846153846153847,True
GF_01343,72,69,0.9583333333333334,True
GF_01344,64,63,0.984375,True
GF_01345,58,58,1.0,True
GF_01346,47,47,1.0,True
GF_01347,65,64,0.9846153846153847,True
GF_01348,42,42,1.0,True
GF_01349,49,49,1.0,True
GF_01350,73,69,0.9452054794520548,True
GF_01351,40,40,1.0,True
GF_01352,64,63,0.984375,True
GF_01353,57,56,0.9824561403508771,True
GF_01354,53,53,1.0,True
GF_01355,54,53,0.9814814814814815,True
GF_01356,44,41,0.9318181818181818,True
GF_01357,80,72,0.9,True
GF_01358,52,52,1.0,True
GF_01359,43,32,0.7441860465116279,False
GF_01360,57,57,1.0,True
GF_01361,46,46,1.0,True
GF_01362,63,62,0.9841269841269841,True
GF_01363,47,47,1.0,True
GF_01364,58,57,0.9827586206896551,True
GF_01365,75,69,0.92,True
GF_01366,69,66,0.9565217391304348,True
GF_01367,66,65,0.9848484848484849,True
GF_01368,54,53,0.9814814814814815,True
GF_01369,63,60,0.9523809523809523,True
GF_01370,55,53,0.9636363636363636,True
GF_01371,40,38,0.95,True
GF_01372,89,76,0.8539325842696629,False
GF_01373,41,37,0.9024390243902439,True
GF_01374,104,31,0.2980769230769231,False
GF_01375,108,82,0.7592592592592593,False
GF_01376,246,101,0.4105691056910569,False
GF_01377,154,86,0.5584415584415584,False
GF_01378,55,50,0.9090909090909091,True
GF_01379,40,22,0.55,False
GF_01380,59,54,0.9152542372881356,True
GF_01381,210,103,0.49047619047619045,False
GF_01382,57,17,0.2982456140350877,False
GF_01383,174,96,0.5517241379310345,False
GF_01384,77,70,0.9090909090909091,True
GF_01385,51,12,0.23529411764705882,False
GF_01386,91,81,0.8901098901098901,False
GF_01387,232,104,0.4482758620689655,False
GF_01388,69,65,0.9420289855072463,True
GF_01389,80,75,0.9375,True
GF_01390,122,87,0.7131147540983607,False
GF_01391,69,17,0.2463768115942029,False
GF_01392,52,5,0.09615384615384616,True
GF_01393,196,99,0.5051020408163265,False
GF_01394,138,84,0.6086956521739131,False
GF_01395,270,110,0.4074074074074074,False
GF_01396,170,73,0.4294117647058823,False
GF_01397,264,104,0.3939393939393939,False
GF_01398,43,4,0.09302325581395349,True
GF_01399,112,54,0.48214285714285715,False
GF_01400,153,88,0.5751633986928104,False
GF_01401,69,55,0.7971014492753623,False
GF_01402,43,43,1.0,True
GF_01403,74,69,0.9324324324324325,True
GF_01404,57,49,0.8596491228070176,False
GF_01405,53,50,0.9433962264150944,True
GF_01406,51,51,1.0,True
GF_01407,44,41,0.9318181818181818,True
GF_01408,50,48,0.96,True
GF_01409,41,14,0.34146341463414637,False
GF_01410,65,64,0.9846153846153847,True
GF_01411,66,62,0.9393939393939394,True
GF_01412,41,41,1.0,True
GF_01413,51,51,1.0,True
GF_01414,45,45,1.0,True
GF_01415,43,43,1.0,True
GF_01416,45,45,1.0,True
GF_01417,50,49,0.98,True
GF_01418,70,67,0.9571428571428572,True
GF_01419,59,58,0.9830508474576272,True
GF_01420,58,57,0.9827586206896551,True
GF_01421,40,40,1.0,True
GF_01422,62,61,0.9838709677419355,True
GF_01423,42,41,0.9761904761904762,True
GF_01424,62,61,0.9838709677419355,True
GF_01425,136,76,0.5588235294117647,False
GF_01426,100,86,0.86,False
GF_01427,74,70,0.9459459459459459,True
GF_01428,63,47,0.746031746031746,False
GF_01429,59,58,0.9830508474576272,True
GF_01430,57,56,0.9824561403508771,True
GF_01431,56,55,0.9821428571428571,True
GF_01432,40,40,1.0,True
GF_01433,52,51,0.9807692307692307,True
GF_01434,68,67,0.9852941176470589,True
GF_01435,57,56,0.9824561403508771,True
GF_01436,40,40,1.0,True
GF_01437,61,60,0.9836065573770492,True
GF_01438,51,50,0.9803921568627451,True
GF_01439,56,46,0.8214285714285714,False
GF_01440,40,40,1.0,True
GF_01441,69,68,0.9855072463768116,True
GF_01442,56,55,0.9821428571428571,True
GF_01443,51,50,0.9803921568627451,True
GF_01444,60,59,0.9833333333333333,True
GF_01445,143,34,0.23776223776223776,False
GF_01446,216,101,0.4675925925925926,False
GF_01447,64,55,0.859375,False
GF_01448,87,72,0.8275862068965517,False
GF_01449,326,110,0.3374233128834356,False
GF_01450,153,0,0.0,True
GF_01451,98,0,0.0,True
GF_01452,83,0,0.0,True
GF_01453,64,0,0.0,True
GF_01454,62,0,0.0,True
GF_01455,46,0,0.0,True
GF_01456,182,73,0.4010989010989011,False
GF_01457,54,52,0.9629629629629629,True
GF_01458,94,75,0.7978723404255319,False
GF_01459,73,69,0.9452054794520548,True
GF_01460,139,63,0.45323741007194246,False
GF_01461,141,88,0.624113475177305,False
GF_01462,73,63,0.863013698630137,False
GF_01463,62,61,0.9838709677419355,True
GF_01464,48,44,0.9166666666666666,True
GF_01465,68,66,0.9705882352941176,True
GF_01466,91,73,0.8021978021978022,False
GF_01467,50,1,0.02,True
GF_01468,62,61,0.9838709677419355,True
GF_01469,55,52,0.9454545454545454,True
GF_01470,44,43,0.9772727272727273,True
GF_01471,65,64,0.9846153846153847,True
GF_01472,48,46,0.9583333333333334,True
GF_01473,40,40,1.0,True
GF_01474,46,46,1.0,True
GF_01475,45,45,1.0,True
GF_01476,61,7,0.11475409836065574,False
GF_01477,204,95,0.46568627450980393,False
GF_01478,40,1,0.025,True
GF_01479,263,109,0.4144486692015209,False
GF_01480,41,35,0.8536585365853658,False
GF_01481,42,5,0.11904761904761904,False
GF_01482,47,45,0.9574468085106383,True
GF_01483,64,63,0.984375,True
GF_01484,42,41,0.9761904761904762,True
GF_01485,64,61,0.953125,True
GF_01486,48,47,0.9791666666666666,True
GF_01487,140,90,0.6428571428571429,False
GF_01488,44,42,0.9545454545454546,True
GF_01489,72,67,0.9305555555555556,True
GF_01490,44,43,0.9772727272727273,True
GF_01491,69,68,0.9855072463768116,True
GF_01492,84,78,0.9285714285714286,True
GF_01493,45,45,1.0,True
GF_01494,72,68,0.9444444444444444,True
GF_01495,47,45,0.9574468085106383,True
GF_01496,66,65,0.9848484848484849,True
GF_01497,76,70,0.9210526315789473,True
GF_01498,52,52,1.0,True
GF_01499,43,43,1.0,True
GF_01500,64,63,0.984375,True
GF_01501,53,52,0.9811320754716981,True
GF_01502,241,103,0.42738589211618255,False
GF_01503,50,50,1.0,True
GF_01504,48,43,0.8958333333333334,False
GF_01505,41,41,1.0,True
GF_01506,50,49,0.98,True
GF_01507,57,56,0.9824561403508771,True
GF_01508,53,52,0.9811320754716981,True
GF_01509,58,57,0.9827586206896551,True
GF_01510,70,67,0.9571428571428572,True
GF_01511,50,50,1.0,True
GF_01512,83,24,0.2891566265060241,False
GF_01513,59,58,0.9830508474576272,True
GF_01514,62,55,0.8870967741935484,False
GF_01515,62,61,0.9838709677419355,True
GF_01516,65,62,0.9538461538461539,True
GF_01517,50,50,1.0,True
GF_01518,58,55,0.9482758620689655,True
GF_01519,53,52,0.9811320754716981,True
GF_01520,57,56,0.9824561403508771,True
GF_01521,41,40,0.975609756097561,True
GF_01522,57,56,0.9824561403508771,True
GF_01523,59,58,0.9830508474576272,True
GF_01524,50,50,1.0,True
GF_01525,56,54,0.9642857142857143,True
GF_01526,54,53,0.9814814814814815,True
GF_01527,261,107,0.4099616858237548,False
GF_01528,55,54,0.9818181818181818,True
GF_01529,72,69,0.9583333333333334,True
GF_01530,40,40,1.0,True
GF_01531,47,46,0.9787234042553191,True
GF_01532,40,40,1.0,True
GF_01533,48,3,0.0625,True
GF_01534,53,10,0.18867924528301888,False
GF_01535,86,77,0.8953488372093024,False
GF_01536,116,78,0.6724137931034483,False
GF_01537,56,50,0.8928571428571429,False
GF_01538,77,15,0.19480519480519481,False
GF_01539,44,10,0.22727272727272727,False
GF_01540,177,91,0.5141242937853108,False
GF_01541,244,106,0.4344262295081967,False
GF_01542,221,99,0.4479638009049774,False
GF_01543,83,74,0.891566265060241,False
GF_01544,84,15,0.17857142857142858,False
GF_01545,64,60,0.9375,True
GF_01546,46,43,0.9347826086956522,True
GF_01547,59,17,0.288135593220339,False
GF_01548,48,44,0.9166666666666666,True
GF_01549,209,107,0.5119617224880383,False
GF_01550,87,78,0.896551724137931,False
GF_01551,52,51,0.9807692307692307,True
GF_01552,252,104,0.4126984126984127,False
GF_01553,141,28,0.19858156028368795,False
GF_01554,41,0,0.0,True
GF_01555,140,0,0.0,True
GF_01556,122,0,0.0,True
GF_01557,125,0,0.0,True
GF_01558,67,0,0.0,True
GF_01559,49,0,0.0,True
GF_01560,153,0,0.0,True
GF_01561,143,0,0.0,True
GF_01562,145,0,0.0,True
GF_01563,153,0,0.0,True
GF_01564,65,0,0.0,True
GF_01565,62,0,0.0,True
GF_01566,153,0,0.0,True
GF_01567,42,0,0.0,True
GF_01568,52,0,0.0,True
GF_01569,153,0,0.0,True
GF_01570,153,0,0.0,True
GF_01571,46,0,0.0,True
GF_01572,53,0,0.0,True
GF_01573,153,0,0.0,True
GF_01574,41,0,0.0,True
GF_01575,110,0,0.0,True
GF_01576,153,0,0.0,True
GF_01577,125,0,0.0,True
GF_01578,152,0,0.0,True
GF_01579,425,112,0.2635294117647059,False
GF_01580,184,99,0.5380434782608695,False
GF_01581,50,50,1.0,True
GF_01582,40,40,1.0,True
GF_01583,142,82,0.5774647887323944,False
GF_01584,58,34,0.5862068965517241,False
GF_01585,62,61,0.9838709677419355,True
GF_01586,43,43,1.0,True
GF_01587,42,40,0.9523809523809523,True
GF_01588,40,38,0.95,True
GF_01589,53,52,0.9811320754716981,True
GF_01590,55,54,0.9818181818181818,True
GF_01591,117,83,0.7094017094017094,False
GF_01592,73,15,0.2054794520547945,False
GF_01593,42,42,1.0,True
GF_01594,42,42,1.0,True
GF_01595,47,47,1.0,True
GF_01596,62,60,0.967741935483871,True
GF_01597,47,47,1.0,True
GF_01598,72,67,0.9305555555555556,True
GF_01599,41,41,1.0,True
GF_01600,61,59,0.9672131147540983,True
GF_01601,41,41,1.0,True
GF_01602,60,59,0.9833333333333333,True
GF_01603,51,50,0.9803921568627451,True
GF_01604,42,42,1.0,True
GF_01605,52,52,1.0,True
GF_01606,63,62,0.9841269841269841,True
GF_01607,48,47,0.9791666666666666,True
GF_01608,46,46,1.0,True
GF_01609,46,44,0.9565217391304348,True
GF_01610,73,70,0.958904109589041,True
GF_01611,46,46,1.0,True
GF_01612,63,62,0.9841269841269841,True
GF_01613,56,55,0.9821428571428571,True
GF_01614,41,41,1.0,True
GF_01615,43,43,1.0,True
GF_01616,59,50,0.847457627118644,False
GF_01617,75,62,0.8266666666666667,False
GF_01618,121,26,0.21487603305785125,False
GF_01619,42,18,0.42857142857142855,False
GF_01620,54,39,0.7222222222222222,False
GF_01621,264,110,0.4166666666666667,False
GF_01622,65,4,0.06153846153846154,True
GF_01623,247,97,0.39271255060728744,False
GF_01624,52,0,0.0,True
GF_01625,59,7,0.11864406779661017,False
GF_01626,301,75,0.24916943521594684,False
GF_01627,54,13,0.24074074074074073,False
GF_01628,46,8,0.17391304347826086,False
GF_01629,94,52,0.5531914893617021,False
GF_01630,60,6,0.1,False
GF_01631,65,62,0.9538461538461539,True
GF_01632,66,64,0.9696969696969697,True
GF_01633,66,60,0.9090909090909091,True
GF_01634,80,70,0.875,False
GF_01635,80,71,0.8875,False
GF_01636,267,69,0.25842696629213485,False
GF_01637,95,80,0.8421052631578947,False
GF_01638,111,73,0.6576576576576577,False
GF_01639,55,49,0.8909090909090909,False
GF_01640,75,70,0.9333333333333333,True
GF_01641,126,74,0.5873015873015873,False
GF_01642,73,69,0.9452054794520548,True
GF_01643,81,73,0.9012345679012346,True
GF_01644,57,53,0.9298245614035088,True
GF_01645,70,64,0.9142857142857143,True
GF_01646,65,62,0.9538461538461539,True
GF_01647,70,66,0.9428571428571428,True
GF_01648,144,53,0.3680555555555556,False
GF_01649,60,57,0.95,True
GF_01650,50,50,1.0,True
GF_01651,44,44,1.0,True
GF_01652,73,72,0.9863013698630136,True
GF_01653,63,62,0.9841269841269841,True
GF_01654,40,38,0.95,True
GF_01655,66,65,0.9848484848484849,True
GF_01656,46,46,1.0,True
GF_01657,70,69,0.9857142857142858,True
GF_01658,75,72,0.96,True
GF_01659,49,44,0.8979591836734694,False
GF_01660,42,42,1.0,True
GF_01661,56,42,0.75,False
GF_01662,44,44,1.0,True
GF_01663,68,67,0.9852941176470589,True
GF_01664,52,51,0.9807692307692307,True
GF_01665,58,57,0.9827586206896551,True
GF_01666,68,67,0.9852941176470589,True
GF_01667,72,69,0.9583333333333334,True
GF_01668,45,45,1.0,True
GF_01669,68,67,0.9852941176470589,True
GF_01670,70,67,0.9571428571428572,True
GF_01671,55,55,1.0,True
GF_01672,76,68,0.8947368421052632,False
GF_01673,109,63,0.5779816513761468,False
GF_01674,114,74,0.6491228070175439,False
GF_01675,62,51,0.8225806451612904,False
GF_01676,89,51,0.5730337078651685,False
GF_01677,295,99,0.33559322033898303,False
GF_01678,77,18,0.23376623376623376,False
GF_01679,127,92,0.7244094488188977,False
GF_01680,52,21,0.40384615384615385,False
GF_01681,40,30,0.75,False
GF_01682,74,69,0.9324324324324325,True
GF_01683,107,68,0.6355140186915887,False
GF_01684,87,60,0.6896551724137931,False
GF_01685,60,21,0.35,False
GF_01686,40,39,0.975,True
GF_01687,79,74,0.9367088607594937,True
GF_01688,58,46,0.7931034482758621,False
GF_01689,104,28,0.2692307692307692,False
GF_01690,161,87,0.5403726708074534,False
GF_01691,61,10,0.16393442622950818,False
GF_01692,47,29,0.6170212765957447,False
GF_01693,174,86,0.4942528735632184,False
GF_01694,80,0,0.0,True
GF_01695,153,0,0.0,True
GF_01696,100,0,0.0,True
GF_01697,153,0,0.0,True
GF_01698,41,0,0.0,True
GF_01699,85,0,0.0,True
GF_01700,109,0,0.0,True
GF_01701,40,0,0.0,True
GF_01702,55,0,0.0,True
GF_01703,54,0,0.0,True
GF_01704,42,0,0.0,True
GF_01705,84,0,0.0,True
GF_01706,153,0,0.0,True
GF_01707,128,0,0.0,True
GF_01708,98,0,0.0,True
GF_01709,43,0,0.0,True
GF_01710,56,0,0.0,True
GF_01711,72,0,0.0,True
GF_01712,70,0,0.0,True
GF_01713,45,0,0.0,True
GF_01714,71,0,0.0,True
GF_01715,57,0,0.0,True
GF_01716,108,0,0.0,True
GF_01717,125,0,0.0,True
GF_01718,76,0,0.0,True
GF_01719,51,0,0.0,True
GF_01720,54,0,0.0,True
GF_01721,53,0,0.0,True
GF_01722,101,0,0.0,True
GF_01723,72,0,0.0,True
GF_01724,93,0,0.0,True
GF_01725,137,0,0.0,True
GF_01726,50,0,0.0,True
GF_01727,153,0,0.0,True
GF_01728,53,0,0.0,True
GF_01729,82,0,0.0,True
GF_01730,53,0,0.0,True
GF_01731,73,0,0.0,True
GF_01732,76,14,0.18421052631578946,False
GF_01733,81,14,0.1728395061728395,False
GF_01734,81,14,0.1728395061728395,False
GF_01735,86,18,0.20930232558139536,False
GF_01736,84,17,0.20238095238095238,False
GF_01737,49,5,0.10204081632653061,False
GF_01738,43,1,0.023255813953488372,True
GF_01739,168,0,0.0,True
GF_01740,50,45,0.9,True
GF_01741,53,15,0.2830188679245283,False
GF_01742,100,75,0.75,False
GF_01743,57,56,0.9824561403508771,True
GF_01744,59,58,0.9830508474576272,True
GF_01745,100,76,0.76,False
GF_01746,40,39,0.975,True
GF_01747,67,66,0.9850746268656716,True
GF_01748,60,59,0.9833333333333333,True
GF_01749,68,67,0.9852941176470589,True
GF_01750,57,56,0.9824561403508771,True
GF_01751,66,65,0.9848484848484849,True
GF_01752,70,67,0.9571428571428572,True
GF_01753,50,50,1.0,True
GF_01754,45,45,1.0,True
GF_01755,48,47,0.9791666666666666,True
GF_01756,55,54,0.9818181818181818,True
GF_01757,42,42,1.0,True
GF_01758,61,60,0.9836065573770492,True
GF_01759,47,46,0.9787234042553191,True
GF_01760,46,46,1.0,True
GF_01761,46,46,1.0,True
GF_01762,65,62,0.9538461538461539,True
GF_01763,217,101,0.46543778801843316,False
GF_01764,76,70,0.9210526315789473,True
GF_01765,48,48,1.0,True
GF_01766,40,40,1.0,True
GF_01767,63,60,0.9523809523809523,True
GF_01768,45,45,1.0,True
GF_01769,61,60,0.9836065573770492,True
GF_01770,64,58,0.90625,True
GF_01771,64,63,0.984375,True
GF_01772,48,47,0.9791666666666666,True
GF_01773,40,40,1.0,True
GF_01774,41,40,0.975609756097561,True
GF_01775,52,51,0.9807692307692307,True
GF_01776,57,56,0.9824561403508771,True
GF_01777,43,42,0.9767441860465116,True
GF_01778,66,65,0.9848484848484849,True
GF_01779,53,52,0.9811320754716981,True
GF_01780,49,48,0.9795918367346939,True
GF_01781,49,48,0.9795918367346939,True
GF_01782,61,58,0.9508196721311475,True
GF_01783,405,100,0.24691358024691357,False
GF_01784,43,0,0.0,True
GF_01785,41,0,0.0,True
GF_01786,97,0,0.0,True
GF_01787,134,0,0.0,True
GF_01788,54,0,0.0,True
GF_01789,53,0,0.0,True
GF_01790,79,0,0.0,True
GF_01791,100,0,0.0,True
GF_01792,102,0,0.0,True
GF_01793,134,0,0.0,True
GF_01794,58,0,0.0,True
GF_01795,153,0,0.0,True
GF_01796,45,2,0.044444444444444446,True
GF_01797,48,3,0.0625,True
GF_01798,47,4,0.0851063829787234,True
GF_01799,421,112,0.2660332541567696,False
GF_01800,44,1,0.022727272727272728,True
GF_01801,56,6,0.10714285714285714,False
GF_01802,43,27,0.627906976744186,False
GF_01803,54,9,0.16666666666666666,False
GF_01804,44,1,0.022727272727272728,True
GF_01805,57,14,0.24561403508771928,False
GF_01806,56,18,0.32142857142857145,False
GF_01807,93,73,0.7849462365591398,False
GF_01808,70,14,0.2,False
GF_01809,152,86,0.5657894736842105,False
GF_01810,91,58,0.6373626373626373,False
GF_01811,145,89,0.6137931034482759,False
GF_01812,94,80,0.851063829787234,False
GF_01813,144,86,0.5972222222222222,False
GF_01814,46,7,0.15217391304347827,False
GF_01815,56,10,0.17857142857142858,False
GF_01816,175,85,0.4857142857142857,False
GF_01817,75,69,0.92,True
GF_01818,72,21,0.2916666666666667,False
GF_01819,106,80,0.7547169811320755,False
GF_01820,61,60,0.9836065573770492,True
GF_01821,47,47,1.0,True
GF_01822,53,42,0.7924528301886793,False
GF_01823,69,60,0.8695652173913043,False
GF_01824,67,63,0.9402985074626866,True
GF_01825,45,43,0.9555555555555556,True
GF_01826,48,48,1.0,True
GF_01827,68,67,0.9852941176470589,True
GF_01828,69,66,0.9565217391304348,True
GF_01829,68,67,0.9852941176470589,True
GF_01830,68,65,0.9558823529411765,True
GF_01831,49,49,1.0,True
GF_01832,42,41,0.9761904761904762,True
GF_01833,42,41,0.9761904761904762,True
GF_01834,121,91,0.7520661157024794,False
GF_01835,69,67,0.9710144927536232,True
GF_01836,123,69,0.5609756097560976,False
GF_01837,83,43,0.5180722891566265,False
GF_01838,62,60,0.967741935483871,True
GF_01839,55,55,1.0,True
GF_01840,89,26,0.29213483146067415,False
GF_01841,129,86,0.6666666666666666,False
GF_01842,78,69,0.8846153846153846,False
GF_01843,49,49,1.0,True
GF_01844,120,87,0.725,False
GF_01845,69,67,0.9710144927536232,True
GF_01846,48,48,1.0,True
GF_01847,63,61,0.9682539682539683,True
GF_01848,52,52,1.0,True
GF_01849,45,45,1.0,True
GF_01850,67,62,0.9253731343283582,True
GF_01851,49,49,1.0,True
GF_01852,57,56,0.9824561403508771,True
GF_01853,52,51,0.9807692307692307,True
GF_01854,43,43,1.0,True
GF_01855,54,53,0.9814814814814815,True
GF_01856,157,95,0.6050955414012739,False
GF_01857,40,37,0.925,True
GF_01858,68,67,0.9852941176470589,True
GF_01859,52,52,1.0,True
GF_01860,133,88,0.6616541353383458,False
GF_01861,55,53,0.9636363636363636,True
GF_01862,70,67,0.9571428571428572,True
GF_01863,57,56,0.9824561403508771,True
GF_01864,46,46,1.0,True
GF_01865,45,44,0.9777777777777777,True
GF_01866,68,57,0.8382352941176471,False
GF_01867,41,40,0.975609756097561,True
GF_01868,74,69,0.9324324324324325,True
GF_01869,68,67,0.9852941176470589,True
GF_01870,421,108,0.25653206650831356,False
GF_01871,42,42,1.0,True
GF_01872,96,66,0.6875,False
GF_01873,42,42,1.0,True
GF_01874,53,48,0.9056603773584906,True
GF_01875,49,47,0.9591836734693877,True
GF_01876,49,48,0.9795918367346939,True
GF_01877,41,41,1.0,True
GF_01878,63,60,0.9523809523809523,True
GF_01879,60,57,0.95,True
GF_01880,46,46,1.0,True
GF_01881,53,52,0.9811320754716981,True
GF_01882,71,70,0.9859154929577465,True
GF_01883,57,55,0.9649122807017544,True
GF_01884,40,40,1.0,True
GF_01885,60,49,0.8166666666666667,False
GF_01886,43,42,0.9767441860465116,True
GF_01887,40,40,1.0,True
GF_01888,67,64,0.9552238805970149,True
GF_01889,69,66,0.9565217391304348,True
GF_01890,46,46,1.0,True
GF_01891,66,65,0.9848484848484849,True
GF_01892,45,44,0.9777777777777777,True
GF_01893,41,41,1.0,True
GF_01894,57,56,0.9824561403508771,True
GF_01895,42,42,1.0,True
GF_01896,40,1,0.025,True
GF_01897,83,51,0.6144578313253012,False
GF_01898,116,58,0.5,False
GF_01899,426,112,0.26291079812206575,False
GF_01900,339,105,0.30973451327433627,False
GF_01901,49,9,0.1836734693877551,False
GF_01902,90,33,0.36666666666666664,False
GF_01903,43,3,0.06976744186046512,True
GF_01904,274,108,0.39416058394160586,False
GF_01905,43,42,0.9767441860465116,True
GF_01906,58,57,0.9827586206896551,True
GF_01907,60,59,0.9833333333333333,True
GF_01908,52,51,0.9807692307692307,True
GF_01909,52,51,0.9807692307692307,True
GF_01910,57,56,0.9824561403508771,True
GF_01911,50,50,1.0,True
GF_01912,45,44,0.9777777777777777,True
GF_01913,43,43,1.0,True
GF_01914,68,67,0.9852941176470589,True
GF_01915,60,59,0.9833333333333333,True
GF_01916,44,43,0.9772727272727273,True
GF_01917,60,59,0.9833333333333333,True
GF_01918,68,65,0.9558823529411765,True
GF_01919,64,52,0.8125,False
GF_01920,46,46,1.0,True
GF_01921,57,44,0.7719298245614035,False
GF_01922,69,68,0.9855072463768116,True
GF_01923,42,5,0.11904761904761904,False
GF_01924,46,46,1.0,True
GF_01925,69,13,0.18840579710144928,False
GF_01926,247,100,0.4048582995951417,False
GF_01927,78,25,0.32051282051282054,False
GF_01928,129,27,0.20930232558139536,False
GF_01929,83,14,0.1686746987951807,False
GF_01930,148,84,0.5675675675675675,False
GF_01931,46,0,0.0,True
GF_01932,48,0,0.0,True
GF_01933,79,0,0.0,True
GF_01934,58,0,0.0,True
GF_01935,108,0,0.0,True
GF_01936,153,0,0.0,True
GF_01937,41,0,0.0,True
GF_01938,53,0,0.0,True
GF_01939,51,0,0.0,True
GF_01940,109,0,0.0,True
GF_01941,63,0,0.0,True
GF_01942,53,0,0.0,True
GF_01943,96,0,0.0,True
GF_01944,167,0,0.0,True
GF_01945,426,112,0.26291079812206575,False
GF_01946,154,1,0.006493506493506494,True
GF_01947,45,0,0.0,True
GF_01948,55,0,0.0,True
GF_01949,55,0,0.0,True
GF_01950,68,0,0.0,True
GF_01951,153,0,0.0,True
GF_01952,50,0,0.0,True
GF_01953,124,0,0.0,True
GF_01954,41,0,0.0,True
GF_01955,69,0,0.0,True
GF_01956,71,0,0.0,True
GF_01957,136,0,0.0,True
GF_01958,73,0,0.0,True
GF_01959,46,0,0.0,True
GF_01960,146,0,0.0,True
GF_01961,45,0,0.0,True
GF_01962,96,0,0.0,True
GF_01963,70,0,0.0,True
GF_01964,54,0,0.0,True
GF_01965,82,0,0.0,True
GF_01966,50,0,0.0,True
GF_01967,44,0,0.0,True
GF_01968,75,0,0.0,True
GF_01969,69,0,0.0,True
GF_01970,52,0,0.0,True
GF_01971,93,0,0.0,True
GF_01972,48,0,0.0,True
GF_01973,68,0,0.0,True
GF_01974,71,0,0.0,True
GF_01975,49,0,0.0,True
GF_01976,75,0,0.0,True
GF_01977,153,0,0.0,True
GF_01978,91,0,0.0,True
GF_01979,72,0,0.0,True
GF_01980,107,0,0.0,True
GF_01981,61,0,0.0,True
GF_01982,83,0,0.0,True
GF_01983,45,0,0.0,True
GF_01984,108,0,0.0,True
GF_01985,81,0,0.0,True
GF_01986,46,0,0.0,True
GF_01987,42,0,0.0,True
GF_01988,105,0,0.0,True
GF_01989,44,0,0.0,True
GF_01990,50,0,0.0,True
GF_01991,42,0,0.0,True
GF_01992,72,0,0.0,True
GF_01993,65,0,0.0,True
GF_01994,49,0,0.0,True
GF_01995,41,0,0.0,True
GF_01996,50,0,0.0,True
GF_01997,55,0,0.0,True
GF_01998,126,0,0.0,True
GF_01999,125,0,0.0,True
GF_02000,66,0,0.0,True
GF_02001,153,0,0.0,True
GF_02002,143,0,0.0,True
GF_02003,71,0,0.0,True
GF_02004,95,0,0.0,True
GF_02005,105,0,0.0,True
GF_02006,43,0,0.0,True
GF_02007,43,0,0.0,True
GF_02008,97,0,0.0,True
GF_02009,48,0,0.0,True
GF_02010,124,0,0.0,True
GF_02011,149,0,0.0,True
GF_02012,153,0,0.0,True
GF_02013,50,0,0.0,True
GF_02014,129,0,0.0,True
GF_02015,49,0,0.0,True
GF_02016,91,0,0.0,True
GF_02017,60,0,0.0,True
GF_02018,93,0,0.0,True
GF_02019,115,0,0.0,True
GF_02020,129,0,0.0,True
GF_02021,47,0,0.0,True
GF_02022,153,0,0.0,True
GF_02023,153,0,0.0,True
GF_02024,43,0,0.0,True
GF_02025,73,0,0.0,True
GF_02026,89,0,0.0,True
GF_02027,153,0,0.0,True
GF_02028,53,0,0.0,True
GF_02029,47,0,0.0,True
GF_02030,45,0,0.0,True
GF_02031,125,0,0.0,True
GF_02032,67,0,0.0,True
GF_02033,40,0,0.0,True
GF_02034,41,0,0.0,True
GF_02035,74,0,0.0,True
GF_02036,47,0,0.0,True
GF_02037,107,0,0.0,True
GF_02038,125,0,0.0,True
GF_02039,69,0,0.0,True
GF_02040,52,0,0.0,True
GF_02041,214,29,0.13551401869158877,False
GF_02042,53,0,0.0,True
GF_02043,50,0,0.0,True
GF_02044,61,0,0.0,True
GF_02045,98,0,0.0,True
GF_02046,63,0,0.0,True
GF_02047,58,0,0.0,True
GF_02048,70,0,0.0,True
GF_02049,44,0,0.0,True
GF_02050,49,0,0.0,True
GF_02051,43,0,0.0,True
GF_02052,42,0,0.0,True
GF_02053,58,0,0.0,True
GF_02054,42,0,0.0,True
GF_02055,98,0,0.0,True
GF_02056,67,0,0.0,True
GF_02057,51,0,0.0,True
GF_02058,87,0,0.0,True
GF_02059,51,45,0.8823529411764706,False
GF_02060,45,25,0.5555555555555556,False
GF_02061,63,0,0.0,True
GF_02062,46,0,0.0,True
GF_02063,53,0,0.0,True
GF_02064,42,0,0.0,True
GF_02065,102,0,0.0,True
GF_02066,85,0,0.0,True
GF_02067,153,0,0.0,True
GF_02068,67,0,0.0,True
GF_02069,110,76,0.6909090909090909,False
GF_02070,147,34,0.23129251700680273,False
GF_02071,107,88,0.822429906542056,False
GF_02072,41,12,0.2926829268292683,False
GF_02073,52,4,0.07692307692307693,True
GF_02074,54,47,0.8703703703703703,False
GF_02075,225,96,0.4266666666666667,False
GF_02076,60,8,0.13333333333333333,False
GF_02077,53,53,1.0,True
GF_02078,47,46,0.9787234042553191,True
GF_02079,46,46,1.0,True
GF_02080,44,44,1.0,True
GF_02081,74,67,0.9054054054054054,True
GF_02082,54,54,1.0,True
GF_02083,47,46,0.9787234042553191,True
GF_02084,51,11,0.21568627450980393,False
GF_02085,53,10,0.18867924528301888,False
GF_02086,41,4,0.0975609756097561,True
GF_02087,63,58,0.9206349206349206,True
GF_02088,43,6,0.13953488372093023,False
GF_02089,228,98,0.4298245614035088,False
GF_02090,72,68,0.9444444444444444,True
GF_02091,117,84,0.717948717948718,False
GF_02092,92,27,0.29347826086956524,False
GF_02093,111,86,0.7747747747747747,False
GF_02094,65,26,0.4,False
GF_02095,57,56,0.9824561403508771,True
GF_02096,42,41,0.9761904761904762,True
GF_02097,57,56,0.9824561403508771,True
GF_02098,59,58,0.9830508474576272,True
GF_02099,57,56,0.9824561403508771,True
GF_02100,44,44,1.0,True
GF_02101,90,76,0.8444444444444444,False
GF_02102,65,64,0.9846153846153847,True
GF_02103,57,56,0.9824561403508771,True
GF_02104,67,66,0.9850746268656716,True
GF_02105,57,56,0.9824561403508771,True
GF_02106,62,61,0.9838709677419355,True
GF_02107,54,53,0.9814814814814815,True
GF_02108,61,59,0.9672131147540983,True
GF_02109,42,36,0.8571428571428571,False
GF_02110,88,73,0.8295454545454546,False
GF_02111,68,64,0.9411764705882353,True
GF_02112,45,45,1.0,True
GF_02113,86,68,0.7906976744186046,False
GF_02114,41,41,1.0,True
GF_02115,45,44,0.9777777777777777,True
GF_02116,51,51,1.0,True
GF_02117,43,42,0.9767441860465116,True
GF_02118,42,42,1.0,True
GF_02119,62,61,0.9838709677419355,True
GF_02120,61,58,0.9508196721311475,True
GF_02121,60,59,0.9833333333333333,True
GF_02122,49,30,0.6122448979591837,False
GF_02123,51,50,0.9803921568627451,True
GF_02124,57,56,0.9824561403508771,True
GF_02125,53,53,1.0,True
GF_02126,50,50,1.0,True
GF_02127,52,51,0.9807692307692307,True
GF_02128,52,51,0.9807692307692307,True
GF_02129,40,40,1.0,True
GF_02130,232,108,0.46551724137931033,False
GF_02131,161,88,0.546583850931677,False
GF_02132,75,9,0.12,False
GF_02133,44,1,0.022727272727272728,True
GF_02134,61,4,0.06557377049180328,True
GF_02135,44,1,0.022727272727272728,True
GF_02136,259,107,0.41312741312741313,False
GF_02137,61,14,0.22950819672131148,False
GF_02138,49,12,0.24489795918367346,False
GF_02139,56,23,0.4107142857142857,False
GF_02140,71,19,0.2676056338028169,False
GF_02141,98,76,0.7755102040816326,False
GF_02142,63,19,0.30158730158730157,False
GF_02143,106,75,0.7075471698113207,False
GF_02144,46,1,0.021739130434782608,True
GF_02145,300,101,0.33666666666666667,False
GF_02146,81,0,0.0,True
GF_02147,161,5,0.031055900621118012,True
GF_02148,94,0,0.0,True
GF_02149,99,0,0.0,True
GF_02150,50,50,1.0,True
GF_02151,67,66,0.9850746268656716,True
GF_02152,162,70,0.43209876543209874,False
GF_02153,65,64,0.9846153846153847,True
GF_02154,49,48,0.9795918367346939,True
GF_02155,54,51,0.9444444444444444,True
GF_02156,63,62,0.9841269841269841,True
GF_02157,169,89,0.5266272189349113,False
GF_02158,75,65,0.8666666666666667,False
GF_02159,65,56,0.8615384615384616,False
GF_02160,41,41,1.0,True
GF_02161,55,55,1.0,True
GF_02162,40,40,1.0,True
GF_02163,49,48,0.9795918367346939,True
GF_02164,44,44,1.0,True
GF_02165,66,63,0.9545454545454546,True
GF_02166,49,49,1.0,True
GF_02167,65,61,0.9384615384615385,True
GF_02168,41,37,0.9024390243902439,True
GF_02169,69,66,0.9565217391304348,True
GF_02170,63,62,0.9841269841269841,True
GF_02171,43,43,1.0,True
GF_02172,114,56,0.49122807017543857,False
GF_02173,44,44,1.0,True
GF_02174,52,51,0.9807692307692307,True
GF_02175,50,50,1.0,True
GF_02176,46,46,1.0,True
GF_02177,58,58,1.0,True
GF_02178,87,68,0.7816091954022989,False
GF_02179,56,55,0.9821428571428571,True
GF_02180,142,87,0.6126760563380281,False
GF_02181,43,42,0.9767441860465116,True
GF_02182,53,53,1.0,True
GF_02183,52,52,1.0,True
GF_02184,49,31,0.6326530612244898,False
GF_02185,68,67,0.9852941176470589,True
GF_02186,62,61,0.9838709677419355,True
GF_02187,40,40,1.0,True
GF_02188,42,41,0.9761904761904762,True
GF_02189,69,66,0.9565217391304348,True
GF_02190,42,42,1.0,True
GF_02191,41,41,1.0,True
GF_02192,81,74,0.9135802469135802,True
GF_02193,48,48,1.0,True
GF_02194,59,53,0.8983050847457628,False
GF_02195,75,0,0.0,True
GF_02196,106,0,0.0,True
GF_02197,55,0,0.0,True
GF_02198,96,0,0.0,True
GF_02199,123,0,0.0,True
GF_02200,119,0,0.0,True
GF_02201,94,0,0.0,True
GF_02202,89,0,0.0,True
GF_02203,106,0,0.0,True
GF_02204,58,0,0.0,True
GF_02205,86,0,0.0,True
GF_02206,153,0,0.0,True
GF_02207,46,0,0.0,True
GF_02208,150,0,0.0,True
GF_02209,125,0,0.0,True
GF_02210,147,0,0.0,True
GF_02211,144,0,0.0,True
GF_02212,100,0,0.0,True
GF_02213,82,0,0.0,True
GF_02214,76,0,0.0,True
GF_02215,55,49,0.8909090909090909,False
GF_02216,66,34,0.5151515151515151,False
GF_02217,83,65,0.7831325301204819,False
GF_02218,178,89,0.5,False
GF_02219,66,13,0.19696969696969696,False
GF_02220,144,77,0.5347222222222222,False
GF_02221,85,84,0.9882352941176471,True
GF_02222,78,69,0.8846153846153846,False
GF_02223,255,103,0.403921568627451,False
GF_02224,77,61,0.7922077922077922,False
GF_02225,83,14,0.1686746987951807,False
GF_02226,53,29,0.5471698113207547,False
GF_02227,263,109,0.4144486692015209,False
GF_02228,56,11,0.19642857142857142,False
GF_02229,71,10,0.14084507042253522,False
GF_02230,83,57,0.6867469879518072,False
GF_02231,121,0,0.0,True
GF_02232,153,0,0.0,True
GF_02233,94,0,0.0,True
GF_02234,107,0,0.0,True
GF_02235,125,0,0.0,True
GF_02236,54,0,0.0,True
GF_02237,60,0,0.0,True
GF_02238,91,0,0.0,True
GF_02239,120,7,0.058333333333333334,True
GF_02240,75,0,0.0,True
GF_02241,239,13,0.05439330543933055,True
GF_02242,97,0,0.0,True
GF_02243,90,0,0.0,True
GF_02244,153,0,0.0,True
GF_02245,90,0,0.0,True
GF_02246,69,0,0.0,True
GF_02247,97,0,0.0,True
GF_02248,92,0,0.0,True
GF_02249,84,5,0.05952380952380952,True
GF_02250,47,0,0.0,True
GF_02251,124,0,0.0,True
GF_02252,153,0,0.0,True
GF_02253,71,0,0.0,True
GF_02254,100,0,0.0,True
GF_02255,149,0,0.0,True
GF_02256,123,0,0.0,True
GF_02257,153,0,0.0,True
GF_02258,83,0,0.0,True
GF_02259,55,0,0.0,True
GF_02260,71,21,0.29577464788732394,False
GF_02261,63,55,0.873015873015873,False
GF_02262,347,96,0.276657060518732,False
GF_02263,185,96,0.518918918918919,False
GF_02264,247,100,0.4048582995951417,False
GF_02265,57,5,0.08771929824561403,True
GF_02266,183,97,0.5300546448087432,False
GF_02267,151,0,0.0,True
GF_02268,81,0,0.0,True
GF_02269,100,0,0.0,True
GF_02270,76,0,0.0,True
GF_02271,75,0,0.0,True
GF_02272,122,0,0.0,True
GF_02273,153,0,0.0,True
GF_02274,97,0,0.0,True
GF_02275,68,0,0.0,True
GF_02276,72,0,0.0,True
GF_02277,58,0,0.0,True
GF_02278,72,0,0.0,True
GF_02279,98,0,0.0,True
GF_02280,76,0,0.0,True
GF_02281,59,0,0.0,True
GF_02282,152,0,0.0,True
GF_02283,108,0,0.0,True
GF_02284,170,1,0.0058823529411764705,True
GF_02285,51,0,0.0,True
