gene_family,n_members,n_genomes,n_diazotroph,n_non_diazo,n_genera,frac_diazotroph
GF_00000,125,125,0,125,4,0.0
GF_00001,48,48,47,1,11,0.9791666666666666
GF_00002,89,89,77,12,29,0.8651685393258427
GF_00003,44,44,43,1,8,0.9772727272727273
GF_00004,41,41,41,0,8,1.0
GF_00005,40,40,40,0,10,1.0
GF_00006,49,49,49,0,11,1.0
GF_00007,55,55,54,1,14,0.9818181818181818
GF_00008,55,55,8,47,9,0.14545454545454545
GF_00009,64,64,2,62,6,0.03125
GF_00010,44,44,1,43,3,0.022727272727272728
GF_00011,58,58,8,50,15,0.13793103448275862
GF_00012,41,41,6,35,7,0.14634146341463414
GF_00013,44,44,11,33,12,0.25
GF_00014,53,53,10,43,7,0.18867924528301888
GF_00015,174,174,88,86,52,0.5057471264367817
GF_00016,40,40,3,37,7,0.075
GF_00017,269,269,108,161,72,0.40148698884758366
GF_00018,68,68,37,31,19,0.5441176470588235
GF_00019,41,41,0,41,2,0.0
GF_00020,131,131,0,131,4,0.0
GF_00021,89,89,0,89,4,0.0
GF_00022,71,71,0,71,3,0.0
GF_00023,144,144,0,144,4,0.0
GF_00024,103,103,0,103,4,0.0
GF_00025,109,109,0,109,4,0.0
GF_00026,59,59,0,59,2,0.0
GF_00027,45,45,0,45,2,0.0
GF_00028,71,71,0,71,4,0.0
GF_00029,53,53,0,53,2,0.0
GF_00030,70,70,0,70,3,0.0
GF_00031,45,45,0,45,2,0.0
GF_00032,41,40,0,41,2,0.0
GF_00033,70,70,0,70,3,0.0
GF_00034,111,111,0,111,4,0.0
GF_00035,159,159,2,157,6,0.012578616352201259
GF_00036,94,94,72,22,27,0.7659574468085106
GF_00037,98,98,0,98,4,0.0
GF_00038,87,87,0,87,4,0.0
GF_00039,69,69,0,69,3,0.0
GF_00040,107,105,0,107,3,0.0
GF_00041,76,76,0,76,2,0.0
GF_00042,42,42,0,42,2,0.0
GF_00043,260,260,109,151,67,0.41923076923076924
GF_00044,47,44,18,29,21,0.3829787234042553
GF_00045,144,144,10,134,15,0.06944444444444445
GF_00046,129,129,80,49,39,0.6201550387596899
GF_00047,229,229,106,123,60,0.462882096069869
GF_00048,99,99,72,27,37,0.7272727272727273
GF_00049,100,96,62,38,28,0.62
GF_00050,55,55,51,4,18,0.9272727272727272
GF_00051,264,264,108,156,69,0.4090909090909091
GF_00052,47,47,12,35,12,0.2553191489361702
GF_00053,42,42,0,42,2,0.0
GF_00054,51,51,0,51,2,0.0
GF_00055,53,53,0,53,2,0.0
GF_00056,99,99,0,99,4,0.0
GF_00057,46,46,0,46,2,0.0
GF_00058,42,42,0,42,2,0.0
GF_00059,108,108,0,108,4,0.0
GF_00060,48,48,0,48,2,0.0
GF_00061,49,49,0,49,1,0.0
GF_00062,43,43,0,43,2,0.0
GF_00063,148,148,0,148,4,0.0
GF_00064,89,89,0,89,2,0.0
GF_00065,51,51,0,51,2,0.0
GF_00066,150,150,0,150,4,0.0
GF_00067,153,153,0,153,4,0.0
GF_00068,153,153,0,153,4,0.0
GF_00069,53,53,0,53,3,0.0
GF_00070,95,95,0,95,4,0.0
GF_00071,50,50,7,43,6,0.14
GF_00072,256,256,107,149,68,0.41796875
GF_00073,50,50,11,39,10,0.22
GF_00074,51,51,8,43,7,0.1568627450980392
GF_00075,42,42,17,25,16,0.40476190476190477
GF_00076,54,54,6,48,8,0.1111111111111111
GF_00077,56,56,13,43,9,0.23214285714285715
GF_00078,67,67,13,54,14,0.19402985074626866
GF_00079,84,84,23,61,22,0.27380952380952384
GF_00080,99,98,84,15,35,0.8484848484848485
GF_00081,161,161,80,81,50,0.4968944099378882
GF_00082,50,50,14,36,11,0.28
GF_00083,45,45,14,31,13,0.3111111111111111
GF_00084,61,61,13,48,18,0.21311475409836064
GF_00085,81,81,25,56,29,0.30864197530864196
GF_00086,66,66,63,3,22,0.9545454545454546
GF_00087,425,425,112,313,75,0.2635294117647059
GF_00088,274,271,110,164,72,0.40145985401459855
GF_00089,153,153,0,153,4,0.0
GF_00090,52,52,0,52,2,0.0
GF_00091,53,43,0,53,1,0.0
GF_00092,153,153,0,153,4,0.0
GF_00093,239,239,105,134,67,0.4393305439330544
GF_00094,216,212,98,118,59,0.4537037037037037
GF_00095,52,52,51,1,11,0.9807692307692307
GF_00096,68,68,67,1,17,0.9852941176470589
GF_00097,52,52,51,1,12,0.9807692307692307
GF_00098,54,54,53,1,15,0.9814814814814815
GF_00099,40,40,40,0,8,1.0
GF_00100,47,47,46,1,11,0.9787234042553191
GF_00101,65,65,64,1,16,0.9846153846153847
GF_00102,46,46,45,1,12,0.9782608695652174
GF_00103,44,44,44,0,10,1.0
GF_00104,109,109,38,71,35,0.3486238532110092
GF_00105,46,46,10,36,11,0.21739130434782608
GF_00106,45,41,7,38,8,0.15555555555555556
GF_00107,69,69,16,53,14,0.2318840579710145
GF_00108,47,47,10,37,11,0.2127659574468085
GF_00109,50,50,7,43,7,0.14
GF_00110,40,40,4,36,7,0.1
GF_00111,55,55,11,44,9,0.2
GF_00112,130,130,62,68,39,0.47692307692307695
GF_00113,58,58,8,50,10,0.13793103448275862
GF_00114,56,56,12,44,11,0.21428571428571427
GF_00115,77,77,18,59,12,0.23376623376623376
GF_00116,59,59,10,49,11,0.1694915254237288
GF_00117,50,50,8,42,8,0.16
GF_00118,46,46,3,43,3,0.06521739130434782
GF_00119,58,58,5,53,7,0.08620689655172414
GF_00120,68,68,16,52,20,0.23529411764705882
GF_00121,55,55,10,45,9,0.18181818181818182
GF_00122,159,159,88,71,55,0.5534591194968553
GF_00123,55,55,12,43,8,0.21818181818181817
GF_00124,191,191,94,97,60,0.49214659685863876
GF_00125,42,42,13,29,10,0.30952380952380953
GF_00126,47,47,0,47,2,0.0
GF_00127,53,53,0,53,2,0.0
GF_00128,77,77,0,77,3,0.0
GF_00129,40,40,0,40,2,0.0
GF_00130,69,69,0,69,3,0.0
GF_00131,58,58,0,58,4,0.0
GF_00132,81,76,0,81,4,0.0
GF_00133,80,74,0,80,3,0.0
GF_00134,82,82,0,82,4,0.0
GF_00135,149,149,0,149,4,0.0
GF_00136,238,238,101,137,68,0.42436974789915966
GF_00137,73,73,13,60,13,0.1780821917808219
GF_00138,68,68,12,56,16,0.17647058823529413
GF_00139,62,62,9,53,9,0.14516129032258066
GF_00140,46,46,46,0,14,1.0
GF_00141,51,51,14,37,13,0.27450980392156865
GF_00142,46,46,6,40,5,0.13043478260869565
GF_00143,263,263,109,154,68,0.4144486692015209
GF_00144,81,81,0,81,3,0.0
GF_00145,153,153,0,153,4,0.0
GF_00146,79,77,0,79,4,0.0
GF_00147,107,107,0,107,4,0.0
GF_00148,45,45,0,45,3,0.0
GF_00149,43,43,0,43,2,0.0
GF_00150,151,151,0,151,4,0.0
GF_00151,101,101,0,101,4,0.0
GF_00152,81,81,0,81,3,0.0
GF_00153,51,51,0,51,2,0.0
GF_00154,72,72,0,72,3,0.0
GF_00155,92,92,60,32,29,0.6521739130434783
GF_00156,44,44,43,1,15,0.9772727272727273
GF_00157,57,57,56,1,13,0.9824561403508771
GF_00158,42,42,41,1,10,0.9761904761904762
GF_00159,57,57,57,0,16,1.0
GF_00160,54,54,53,1,13,0.9814814814814815
GF_00161,51,51,50,1,13,0.9803921568627451
GF_00162,61,61,60,1,15,0.9836065573770492
GF_00163,56,56,55,1,13,0.9821428571428571
GF_00164,191,188,106,85,61,0.5549738219895288
GF_00165,45,45,45,0,11,1.0
GF_00166,52,52,52,0,12,1.0
GF_00167,44,44,43,1,11,0.9772727272727273
GF_00168,139,76,139,0,22,1.0
GF_00169,63,63,62,1,17,0.9841269841269841
GF_00170,47,47,38,9,21,0.8085106382978723
GF_00171,40,40,40,0,8,1.0
GF_00172,51,51,51,0,13,1.0
GF_00173,61,55,60,1,13,0.9836065573770492
GF_00174,56,56,55,1,15,0.9821428571428571
GF_00175,47,46,30,17,18,0.6382978723404256
GF_00176,42,42,41,1,9,0.9761904761904762
GF_00177,41,41,40,1,9,0.975609756097561
GF_00178,368,368,108,260,72,0.29347826086956524
GF_00179,57,57,12,45,11,0.21052631578947367
GF_00180,75,75,16,59,17,0.21333333333333335
GF_00181,46,46,3,43,4,0.06521739130434782
GF_00182,67,67,66,1,17,0.9850746268656716
GF_00183,57,57,56,1,15,0.9824561403508771
GF_00184,57,57,56,1,13,0.9824561403508771
GF_00185,75,75,62,13,27,0.8266666666666667
GF_00186,65,65,63,2,17,0.9692307692307692
GF_00187,63,63,0,63,3,0.0
GF_00188,67,67,0,67,4,0.0
GF_00189,73,73,0,73,3,0.0
GF_00190,106,103,0,106,4,0.0
GF_00191,126,126,0,126,4,0.0
GF_00192,100,99,0,100,4,0.0
GF_00193,153,153,0,153,4,0.0
GF_00194,151,151,0,151,4,0.0
GF_00195,95,95,0,95,4,0.0
GF_00196,52,52,0,52,3,0.0
GF_00197,153,153,0,153,4,0.0
GF_00198,100,100,0,100,4,0.0
GF_00199,107,107,0,107,4,0.0
GF_00200,58,58,57,1,16,0.9827586206896551
GF_00201,69,69,66,3,20,0.9565217391304348
GF_00202,55,55,54,1,14,0.9818181818181818
GF_00203,40,40,39,1,14,0.975
GF_00204,51,51,51,0,13,1.0
GF_00205,63,63,59,4,18,0.9365079365079365
GF_00206,58,58,57,1,14,0.9827586206896551
GF_00207,47,47,46,1,10,0.9787234042553191
GF_00208,55,55,49,6,15,0.8909090909090909
GF_00209,47,47,47,0,12,1.0
GF_00210,44,44,44,0,10,1.0
GF_00211,40,40,40,0,9,1.0
GF_00212,41,41,41,0,8,1.0
GF_00213,53,53,52,1,13,0.9811320754716981
GF_00214,66,66,63,3,19,0.9545454545454546
GF_00215,49,49,49,0,13,1.0
GF_00216,43,43,43,0,10,1.0
GF_00217,58,58,57,1,15,0.9827586206896551
GF_00218,54,54,53,1,14,0.9814814814814815
GF_00219,59,59,56,3,15,0.9491525423728814
GF_00220,52,52,28,24,19,0.5384615384615384
GF_00221,43,43,42,1,13,0.9767441860465116
GF_00222,42,42,42,0,10,1.0
GF_00223,51,51,51,0,12,1.0
GF_00224,42,42,42,0,9,1.0
GF_00225,71,71,68,3,20,0.9577464788732394
GF_00226,40,40,40,0,8,1.0
GF_00227,48,48,48,0,12,1.0
GF_00228,60,60,10,50,11,0.16666666666666666
GF_00229,66,66,32,34,21,0.48484848484848486
GF_00230,70,70,68,2,19,0.9714285714285714
GF_00231,68,68,67,1,17,0.9852941176470589
GF_00232,44,44,44,0,10,1.0
GF_00233,43,43,43,0,10,1.0
GF_00234,61,61,60,1,15,0.9836065573770492
GF_00235,94,78,84,10,27,0.8936170212765957
GF_00236,43,43,43,0,11,1.0
GF_00237,41,41,41,0,9,1.0
GF_00238,71,71,68,3,20,0.9577464788732394
GF_00239,58,58,57,1,15,0.9827586206896551
GF_00240,75,75,72,3,24,0.96
GF_00241,42,42,42,0,10,1.0
GF_00242,57,57,56,1,15,0.9824561403508771
GF_00243,49,49,48,1,10,0.9795918367346939
GF_00244,51,48,19,32,14,0.37254901960784315
GF_00245,72,72,69,3,20,0.9583333333333334
GF_00246,66,66,65,1,17,0.9848484848484849
GF_00247,53,53,53,0,14,1.0
GF_00248,76,76,72,4,25,0.9473684210526315
GF_00249,58,58,56,2,15,0.9655172413793104
GF_00250,64,64,57,7,21,0.890625
GF_00251,124,124,83,41,37,0.6693548387096774
GF_00252,43,43,43,0,10,1.0
GF_00253,61,61,60,1,16,0.9836065573770492
GF_00254,43,43,43,0,10,1.0
GF_00255,40,40,39,1,8,0.975
GF_00256,50,50,49,1,11,0.98
GF_00257,48,48,48,0,12,1.0
GF_00258,68,68,67,1,17,0.9852941176470589
GF_00259,46,46,46,0,11,1.0
GF_00260,68,68,67,1,17,0.9852941176470589
GF_00261,53,53,52,1,15,0.9811320754716981
GF_00262,88,87,59,29,29,0.6704545454545454
GF_00263,57,57,57,0,16,1.0
GF_00264,58,58,57,1,15,0.9827586206896551
GF_00265,41,41,41,0,10,1.0
GF_00266,57,57,56,1,13,0.9824561403508771
GF_00267,69,69,64,5,21,0.927536231884058
GF_00268,46,46,46,0,12,1.0
GF_00269,41,41,41,0,9,1.0
GF_00270,51,51,51,0,12,1.0
GF_00271,45,45,45,0,9,1.0
GF_00272,50,50,49,1,12,0.98
GF_00273,41,41,41,0,8,1.0
GF_00274,41,41,41,0,8,1.0
GF_00275,48,48,44,4,15,0.9166666666666666
GF_00276,61,61,60,1,17,0.9836065573770492
GF_00277,53,53,52,1,14,0.9811320754716981
GF_00278,48,48,48,0,12,1.0
GF_00279,60,60,58,2,16,0.9666666666666667
GF_00280,51,51,49,2,16,0.9607843137254902
GF_00281,527,267,213,314,70,0.40417457305502846
GF_00282,48,48,45,3,12,0.9375
GF_00283,42,42,41,1,15,0.9761904761904762
GF_00284,47,47,47,0,10,1.0
GF_00285,47,47,47,0,12,1.0
GF_00286,55,55,55,0,15,1.0
GF_00287,55,55,54,1,14,0.9818181818181818
GF_00288,55,55,55,0,15,1.0
GF_00289,62,62,61,1,16,0.9838709677419355
GF_00290,272,271,111,161,70,0.40808823529411764
GF_00291,70,70,69,1,18,0.9857142857142858
GF_00292,59,59,58,1,15,0.9830508474576272
GF_00293,52,52,51,1,13,0.9807692307692307
GF_00294,71,71,68,3,20,0.9577464788732394
GF_00295,58,58,58,0,15,1.0
GF_00296,102,102,53,49,39,0.5196078431372549
GF_00297,63,63,62,1,16,0.9841269841269841
GF_00298,63,63,62,1,17,0.9841269841269841
GF_00299,65,65,64,1,17,0.9846153846153847
GF_00300,103,103,81,22,40,0.7864077669902912
GF_00301,72,72,69,3,20,0.9583333333333334
GF_00302,63,63,48,15,28,0.7619047619047619
GF_00303,74,74,55,19,26,0.7432432432432432
GF_00304,55,55,54,1,14,0.9818181818181818
GF_00305,82,82,71,11,26,0.8658536585365854
GF_00306,54,54,54,0,14,1.0
GF_00307,62,62,59,3,18,0.9516129032258065
GF_00308,49,49,0,49,4,0.0
GF_00309,318,313,110,208,69,0.34591194968553457
GF_00310,40,40,4,36,8,0.1
GF_00311,89,88,47,42,27,0.5280898876404494
GF_00312,64,64,16,48,17,0.25
GF_00313,129,129,77,52,34,0.5968992248062015
GF_00314,129,129,78,51,37,0.6046511627906976
GF_00315,54,53,14,40,17,0.25925925925925924
GF_00316,150,150,90,60,48,0.6
GF_00317,46,46,12,34,21,0.2608695652173913
GF_00318,48,48,14,34,14,0.2916666666666667
GF_00319,58,58,11,47,10,0.1896551724137931
GF_00320,53,53,18,35,19,0.33962264150943394
GF_00321,79,79,14,65,16,0.17721518987341772
GF_00322,57,57,5,52,9,0.08771929824561403
GF_00323,161,161,83,78,45,0.515527950310559
GF_00324,69,69,58,11,29,0.8405797101449275
GF_00325,72,72,14,58,16,0.19444444444444445
GF_00326,263,263,106,157,71,0.40304182509505704
GF_00327,291,291,64,227,40,0.21993127147766323
GF_00328,63,63,2,61,8,0.031746031746031744
GF_00329,62,62,9,53,18,0.14516129032258066
GF_00330,169,167,96,73,45,0.5680473372781065
GF_00331,103,103,80,23,31,0.7766990291262136
GF_00332,45,42,27,18,15,0.6
GF_00333,56,56,13,43,20,0.23214285714285715
GF_00334,55,55,54,1,16,0.9818181818181818
GF_00335,193,186,98,95,57,0.5077720207253886
GF_00336,106,106,49,57,27,0.46226415094339623
GF_00337,55,55,3,52,8,0.05454545454545454
GF_00338,58,58,50,8,18,0.8620689655172413
GF_00339,60,60,53,7,24,0.8833333333333333
GF_00340,220,220,105,115,58,0.4772727272727273
GF_00341,106,106,57,49,29,0.5377358490566038
GF_00342,124,124,28,96,37,0.22580645161290322
GF_00343,257,257,112,145,72,0.4357976653696498
GF_00344,227,227,92,135,56,0.4052863436123348
GF_00345,70,70,66,4,20,0.9428571428571428
GF_00346,92,92,76,16,29,0.8260869565217391
GF_00347,119,118,52,67,41,0.4369747899159664
GF_00348,45,45,7,38,18,0.15555555555555556
GF_00349,285,285,111,174,70,0.3894736842105263
GF_00350,320,320,101,219,69,0.315625
GF_00351,63,63,8,55,12,0.12698412698412698
GF_00352,163,161,85,78,55,0.5214723926380368
GF_00353,221,221,104,117,60,0.47058823529411764
GF_00354,52,52,51,1,13,0.9807692307692307
GF_00355,73,73,65,8,23,0.8904109589041096
GF_00356,74,70,69,5,20,0.9324324324324325
GF_00357,50,50,48,2,14,0.96
GF_00358,127,126,83,44,42,0.6535433070866141
GF_00359,71,71,65,6,23,0.9154929577464789
GF_00360,230,230,99,131,58,0.43043478260869567
GF_00361,73,73,68,5,21,0.9315068493150684
GF_00362,169,159,100,69,46,0.591715976331361
GF_00363,103,103,81,22,40,0.7864077669902912
GF_00364,59,59,48,11,22,0.8135593220338984
GF_00365,91,91,50,41,27,0.5494505494505495
GF_00366,63,63,62,1,16,0.9841269841269841
GF_00367,46,46,46,0,11,1.0
GF_00368,58,58,58,0,15,1.0
GF_00369,96,96,73,23,31,0.7604166666666666
GF_00370,69,69,67,2,19,0.9710144927536232
GF_00371,52,52,52,0,12,1.0
GF_00372,68,68,67,1,17,0.9852941176470589
GF_00373,71,71,68,3,20,0.9577464788732394
GF_00374,57,57,56,1,13,0.9824561403508771
GF_00375,65,65,64,1,16,0.9846153846153847
GF_00376,73,73,70,3,21,0.958904109589041
GF_00377,81,81,75,6,23,0.9259259259259259
GF_00378,76,76,69,7,21,0.9078947368421053
GF_00379,71,71,68,3,20,0.9577464788732394
GF_00380,63,63,61,2,16,0.9682539682539683
GF_00381,79,79,62,17,30,0.7848101265822784
GF_00382,46,46,46,0,9,1.0
GF_00383,68,68,67,1,17,0.9852941176470589
GF_00384,92,92,71,21,28,0.7717391304347826
GF_00385,85,85,71,14,30,0.8352941176470589
GF_00386,144,144,83,61,44,0.5763888888888888
GF_00387,78,78,63,15,33,0.8076923076923077
GF_00388,100,100,66,34,25,0.66
GF_00389,43,43,37,6,18,0.8604651162790697
GF_00390,86,86,73,13,30,0.8488372093023255
GF_00391,78,78,14,64,25,0.1794871794871795
GF_00392,49,49,45,4,13,0.9183673469387755
GF_00393,270,269,112,158,71,0.4148148148148148
GF_00394,61,59,49,12,19,0.8032786885245902
GF_00395,95,95,28,67,25,0.29473684210526313
GF_00396,169,169,81,88,51,0.47928994082840237
GF_00397,43,43,42,1,9,0.9767441860465116
GF_00398,59,59,56,3,17,0.9491525423728814
GF_00399,87,82,80,7,26,0.9195402298850575
GF_00400,171,171,81,90,50,0.47368421052631576
GF_00401,69,69,21,48,25,0.30434782608695654
GF_00402,54,54,45,9,24,0.8333333333333334
GF_00403,69,69,9,60,12,0.13043478260869565
GF_00404,202,202,93,109,51,0.4603960396039604
GF_00405,174,174,92,82,47,0.5287356321839081
GF_00406,95,95,82,13,31,0.8631578947368421
GF_00407,58,58,42,16,21,0.7241379310344828
GF_00408,78,78,68,10,28,0.8717948717948718
GF_00409,124,124,78,46,32,0.6290322580645161
GF_00410,41,41,26,15,18,0.6341463414634146
GF_00411,73,73,67,6,26,0.9178082191780822
GF_00412,66,66,63,3,19,0.9545454545454546
GF_00413,211,211,93,118,58,0.44075829383886256
GF_00414,92,92,33,59,36,0.358695652173913
GF_00415,209,182,106,103,58,0.507177033492823
GF_00416,48,48,46,2,14,0.9583333333333334
GF_00417,47,47,38,9,18,0.8085106382978723
GF_00418,40,40,32,8,15,0.8
GF_00419,75,75,67,8,24,0.8933333333333333
GF_00420,62,62,58,4,17,0.9354838709677419
GF_00421,54,54,47,7,19,0.8703703703703703
GF_00422,137,137,80,57,32,0.583941605839416
GF_00423,54,54,52,2,16,0.9629629629629629
GF_00424,111,111,48,63,26,0.43243243243243246
GF_00425,46,46,43,3,18,0.9347826086956522
GF_00426,150,149,70,80,36,0.4666666666666667
GF_00427,77,77,21,56,25,0.2727272727272727
GF_00428,44,44,9,35,11,0.20454545454545456
GF_00429,52,52,8,44,14,0.15384615384615385
GF_00430,128,127,52,76,37,0.40625
GF_00431,96,96,70,26,36,0.7291666666666666
GF_00432,148,148,81,67,41,0.5472972972972973
GF_00433,256,256,104,152,66,0.40625
GF_00434,138,138,43,95,39,0.3115942028985507
GF_00435,182,182,93,89,53,0.510989010989011
GF_00436,141,141,47,94,45,0.3333333333333333
GF_00437,74,74,65,9,31,0.8783783783783784
GF_00438,189,187,93,96,53,0.49206349206349204
GF_00439,42,42,2,40,10,0.047619047619047616
GF_00440,60,60,15,45,19,0.25
GF_00441,73,73,11,62,13,0.1506849315068493
GF_00442,55,55,54,1,12,0.9818181818181818
GF_00443,48,48,47,1,9,0.9791666666666666
GF_00444,41,41,40,1,10,0.975609756097561
GF_00445,63,63,62,1,16,0.9841269841269841
GF_00446,65,65,64,1,16,0.9846153846153847
GF_00447,54,54,53,1,12,0.9814814814814815
GF_00448,69,69,66,3,19,0.9565217391304348
GF_00449,133,69,129,4,20,0.9699248120300752
GF_00450,66,66,65,1,16,0.9848484848484849
GF_00451,53,53,52,1,14,0.9811320754716981
GF_00452,62,62,60,2,16,0.967741935483871
GF_00453,60,60,59,1,15,0.9833333333333333
GF_00454,49,49,48,1,9,0.9795918367346939
GF_00455,96,95,63,33,32,0.65625
GF_00456,47,47,4,43,4,0.0851063829787234
GF_00457,203,198,103,100,54,0.5073891625615764
GF_00458,60,60,8,52,10,0.13333333333333333
GF_00459,54,54,3,51,8,0.05555555555555555
GF_00460,55,55,5,50,9,0.09090909090909091
GF_00461,56,56,55,1,12,0.9821428571428571
GF_00462,47,47,47,0,12,1.0
GF_00463,55,55,53,2,14,0.9636363636363636
GF_00464,45,45,45,0,11,1.0
GF_00465,55,55,52,3,16,0.9454545454545454
GF_00466,40,40,40,0,6,1.0
GF_00467,50,50,49,1,11,0.98
GF_00468,73,73,70,3,22,0.958904109589041
GF_00469,67,67,66,1,17,0.9850746268656716
GF_00470,60,60,57,3,17,0.95
GF_00471,81,81,62,19,28,0.7654320987654321
GF_00472,86,86,77,9,26,0.8953488372093024
GF_00473,50,50,50,0,12,1.0
GF_00474,69,69,64,5,21,0.927536231884058
GF_00475,72,72,69,3,20,0.9583333333333334
GF_00476,74,74,71,3,22,0.9594594594594594
GF_00477,106,106,76,30,30,0.7169811320754716
GF_00478,68,68,67,1,17,0.9852941176470589
GF_00479,65,65,61,4,20,0.9384615384615385
GF_00480,71,71,60,11,27,0.8450704225352113
GF_00481,68,68,67,1,17,0.9852941176470589
GF_00482,58,58,51,7,17,0.8793103448275862
GF_00483,73,73,69,4,21,0.9452054794520548
GF_00484,54,54,50,4,14,0.9259259259259259
GF_00485,72,72,69,3,20,0.9583333333333334
GF_00486,72,72,69,3,20,0.9583333333333334
GF_00487,46,46,46,0,11,1.0
GF_00488,233,209,109,124,54,0.4678111587982833
GF_00489,71,71,61,10,23,0.8591549295774648
GF_00490,49,49,49,0,12,1.0
GF_00491,73,73,66,7,21,0.9041095890410958
GF_00492,55,55,52,3,15,0.9454545454545454
GF_00493,45,45,45,0,11,1.0
GF_00494,52,52,0,52,2,0.0
GF_00495,51,51,0,51,2,0.0
GF_00496,52,52,0,52,2,0.0
GF_00497,153,153,0,153,4,0.0
GF_00498,122,122,0,122,4,0.0
GF_00499,49,49,0,49,3,0.0
GF_00500,62,62,0,62,4,0.0
GF_00501,152,152,0,152,4,0.0
GF_00502,52,52,0,52,3,0.0
GF_00503,334,334,104,230,68,0.31137724550898205
GF_00504,97,97,0,97,4,0.0
GF_00505,54,54,0,54,3,0.0
GF_00506,56,56,0,56,3,0.0
GF_00507,70,70,0,70,3,0.0
GF_00508,52,52,0,52,3,0.0
GF_00509,69,69,0,69,3,0.0
GF_00510,72,72,0,72,3,0.0
GF_00511,70,70,0,70,3,0.0
GF_00512,53,53,0,53,2,0.0
GF_00513,71,71,0,71,3,0.0
GF_00514,71,71,0,71,3,0.0
GF_00515,48,48,0,48,2,0.0
GF_00516,136,136,0,136,4,0.0
GF_00517,41,41,0,41,2,0.0
GF_00518,150,150,1,149,5,0.006666666666666667
GF_00519,100,53,0,100,2,0.0
GF_00520,135,135,0,135,4,0.0
GF_00521,40,40,0,40,2,0.0
GF_00522,98,98,22,76,24,0.22448979591836735
GF_00523,71,71,27,44,20,0.38028169014084506
GF_00524,145,145,89,56,46,0.6137931034482759
GF_00525,56,56,13,43,9,0.23214285714285715
GF_00526,86,82,85,1,30,0.9883720930232558
GF_00527,65,65,14,51,10,0.2153846153846154
GF_00528,56,56,13,43,9,0.23214285714285715
GF_00529,52,52,12,40,12,0.23076923076923078
GF_00530,77,77,11,66,16,0.14285714285714285
GF_00531,203,203,92,111,56,0.45320197044334976
GF_00532,43,43,0,43,3,0.0
GF_00533,53,53,0,53,2,0.0
GF_00534,124,124,0,124,4,0.0
GF_00535,68,68,0,68,3,0.0
GF_00536,136,113,72,64,34,0.5294117647058824
GF_00537,57,57,56,1,15,0.9824561403508771
GF_00538,50,50,40,10,24,0.8
GF_00539,70,70,67,3,19,0.9571428571428572
GF_00540,59,59,58,1,16,0.9830508474576272
GF_00541,56,56,55,1,13,0.9821428571428571
GF_00542,47,47,46,1,10,0.9787234042553191
GF_00543,40,40,39,1,11,0.975
GF_00544,58,58,57,1,14,0.9827586206896551
GF_00545,57,57,56,1,13,0.9824561403508771
GF_00546,60,60,20,40,13,0.3333333333333333
GF_00547,62,62,14,48,20,0.22580645161290322
GF_00548,63,63,13,50,12,0.20634920634920634
GF_00549,44,44,11,33,15,0.25
GF_00550,47,47,2,45,6,0.0425531914893617
GF_00551,50,50,48,2,20,0.96
GF_00552,42,42,42,0,9,1.0
GF_00553,44,44,44,0,9,1.0
GF_00554,63,63,62,1,16,0.9841269841269841
GF_00555,54,54,53,1,13,0.9814814814814815
GF_00556,49,46,49,0,10,1.0
GF_00557,46,46,46,0,10,1.0
GF_00558,65,65,63,2,17,0.9692307692307692
GF_00559,52,52,51,1,12,0.9807692307692307
GF_00560,41,41,41,0,11,1.0
GF_00561,58,58,57,1,15,0.9827586206896551
GF_00562,42,42,42,0,9,1.0
GF_00563,43,43,42,1,12,0.9767441860465116
GF_00564,71,71,53,18,23,0.7464788732394366
GF_00565,129,129,84,45,42,0.6511627906976745
GF_00566,107,107,81,26,44,0.7570093457943925
GF_00567,79,79,75,4,19,0.9493670886075949
GF_00568,49,46,46,3,12,0.9387755102040817
GF_00569,60,56,15,45,11,0.25
GF_00570,71,71,19,52,19,0.2676056338028169
GF_00571,42,42,42,0,10,1.0
GF_00572,68,68,60,8,19,0.8823529411764706
GF_00573,72,72,69,3,20,0.9583333333333334
GF_00574,83,83,73,10,28,0.8795180722891566
GF_00575,63,63,62,1,15,0.9841269841269841
GF_00576,43,43,43,0,12,1.0
GF_00577,51,51,49,2,14,0.9607843137254902
GF_00578,82,82,72,10,27,0.8780487804878049
GF_00579,53,53,52,1,12,0.9811320754716981
GF_00580,70,70,58,12,34,0.8285714285714286
GF_00581,58,58,58,0,16,1.0
GF_00582,71,71,68,3,21,0.9577464788732394
GF_00583,60,60,59,1,16,0.9833333333333333
GF_00584,63,63,61,2,18,0.9682539682539683
GF_00585,58,58,57,1,15,0.9827586206896551
GF_00586,54,54,54,0,15,1.0
GF_00587,56,56,55,1,14,0.9821428571428571
GF_00588,99,99,77,22,32,0.7777777777777778
GF_00589,55,55,54,1,14,0.9818181818181818
GF_00590,40,40,40,0,12,1.0
GF_00591,70,70,66,4,19,0.9428571428571428
GF_00592,61,61,60,1,14,0.9836065573770492
GF_00593,77,77,70,7,24,0.9090909090909091
GF_00594,43,43,12,31,12,0.27906976744186046
GF_00595,41,41,8,33,18,0.1951219512195122
GF_00596,67,67,5,62,17,0.07462686567164178
GF_00597,43,43,1,42,6,0.023255813953488372
GF_00598,45,45,2,43,3,0.044444444444444446
GF_00599,89,89,18,71,20,0.20224719101123595
GF_00600,63,63,50,13,23,0.7936507936507936
GF_00601,52,52,34,18,18,0.6538461538461539
GF_00602,82,82,74,8,29,0.9024390243902439
GF_00603,112,112,71,41,39,0.6339285714285714
GF_00604,106,102,81,25,39,0.7641509433962265
GF_00605,89,89,75,14,31,0.8426966292134831
GF_00606,120,120,28,92,35,0.23333333333333334
GF_00607,61,61,14,47,14,0.22950819672131148
GF_00608,49,49,28,21,24,0.5714285714285714
GF_00609,147,147,84,63,46,0.5714285714285714
GF_00610,41,41,2,39,8,0.04878048780487805
GF_00611,79,79,41,38,23,0.5189873417721519
GF_00612,213,213,80,133,58,0.3755868544600939
GF_00613,220,220,99,121,61,0.45
GF_00614,264,264,109,155,68,0.4128787878787879
GF_00615,41,41,31,10,23,0.7560975609756098
GF_00616,52,48,45,7,14,0.8653846153846154
GF_00617,55,55,41,14,28,0.7454545454545455
GF_00618,172,172,83,89,49,0.48255813953488375
GF_00619,78,78,57,21,30,0.7307692307692307
GF_00620,51,51,7,44,11,0.13725490196078433
GF_00621,75,75,62,13,21,0.8266666666666667
GF_00622,71,71,58,13,29,0.8169014084507042
GF_00623,172,172,101,71,59,0.5872093023255814
GF_00624,191,191,102,89,55,0.5340314136125655
GF_00625,97,97,0,97,4,0.0
GF_00626,79,78,0,79,4,0.0
GF_00627,94,94,0,94,3,0.0
GF_00628,152,152,0,152,4,0.0
GF_00629,125,125,0,125,4,0.0
GF_00630,74,74,0,74,3,0.0
GF_00631,102,102,0,102,4,0.0
GF_00632,154,153,30,124,38,0.19480519480519481
GF_00633,88,88,51,37,24,0.5795454545454546
GF_00634,107,107,10,97,17,0.09345794392523364
GF_00635,137,137,83,54,40,0.6058394160583942
GF_00636,70,70,39,31,32,0.5571428571428572
GF_00637,206,206,79,127,59,0.38349514563106796
GF_00638,56,56,8,48,10,0.14285714285714285
GF_00639,52,52,3,49,10,0.057692307692307696
GF_00640,42,42,36,6,14,0.8571428571428571
GF_00641,83,83,71,12,27,0.8554216867469879
GF_00642,113,113,77,36,47,0.6814159292035398
GF_00643,107,107,70,37,34,0.6542056074766355
GF_00644,59,59,56,3,17,0.9491525423728814
GF_00645,58,58,57,1,15,0.9827586206896551
GF_00646,71,71,68,3,20,0.9577464788732394
GF_00647,40,40,38,2,12,0.95
GF_00648,70,70,67,3,19,0.9571428571428572
GF_00649,46,46,46,0,13,1.0
GF_00650,64,64,62,2,18,0.96875
GF_00651,61,61,58,3,17,0.9508196721311475
GF_00652,66,66,65,1,16,0.9848484848484849
GF_00653,66,66,63,3,19,0.9545454545454546
GF_00654,57,57,56,1,14,0.9824561403508771
GF_00655,147,147,90,57,45,0.6122448979591837
GF_00656,51,51,51,0,13,1.0
GF_00657,42,42,41,1,11,0.9761904761904762
GF_00658,177,177,101,76,52,0.5706214689265536
GF_00659,79,79,71,8,26,0.8987341772151899
GF_00660,72,72,68,4,21,0.9444444444444444
GF_00661,80,66,63,17,32,0.7875
GF_00662,76,76,73,3,23,0.9605263157894737
GF_00663,68,68,67,1,17,0.9852941176470589
GF_00664,60,60,59,1,15,0.9833333333333333
GF_00665,58,58,57,1,16,0.9827586206896551
GF_00666,75,75,70,5,22,0.9333333333333333
GF_00667,62,62,61,1,15,0.9838709677419355
GF_00668,63,63,62,1,17,0.9841269841269841
GF_00669,79,79,49,30,22,0.620253164556962
GF_00670,45,45,44,1,13,0.9777777777777777
GF_00671,71,71,69,2,20,0.971830985915493
GF_00672,44,44,44,0,10,1.0
GF_00673,61,61,60,1,16,0.9836065573770492
GF_00674,47,47,47,0,11,1.0
GF_00675,74,74,69,5,21,0.9324324324324325
GF_00676,44,44,38,6,16,0.8636363636363636
GF_00677,68,68,67,1,17,0.9852941176470589
GF_00678,68,68,67,1,17,0.9852941176470589
GF_00679,68,68,65,3,19,0.9558823529411765
GF_00680,43,43,5,38,10,0.11627906976744186
GF_00681,50,50,12,38,12,0.24
GF_00682,74,74,8,66,18,0.10810810810810811
GF_00683,52,52,6,46,7,0.11538461538461539
GF_00684,44,44,9,35,12,0.20454545454545456
GF_00685,72,72,4,68,14,0.05555555555555555
GF_00686,43,43,4,39,9,0.09302325581395349
GF_00687,45,45,5,40,10,0.1111111111111111
GF_00688,244,244,99,145,61,0.4057377049180328
GF_00689,40,40,40,0,7,1.0
GF_00690,40,40,40,0,8,1.0
GF_00691,43,43,43,0,10,1.0
GF_00692,42,42,42,0,8,1.0
GF_00693,42,42,42,0,9,1.0
GF_00694,69,69,66,3,19,0.9565217391304348
GF_00695,85,69,75,10,24,0.8823529411764706
GF_00696,87,59,86,1,17,0.9885057471264368
GF_00697,54,54,53,1,12,0.9814814814814815
GF_00698,51,51,51,0,12,1.0
GF_00699,84,84,71,13,30,0.8452380952380952
GF_00700,47,47,47,0,12,1.0
GF_00701,45,45,45,0,9,1.0
GF_00702,42,41,18,24,14,0.42857142857142855
GF_00703,40,40,40,0,9,1.0
GF_00704,48,48,46,2,12,0.9583333333333334
GF_00705,44,44,44,0,9,1.0
GF_00706,49,49,48,1,16,0.9795918367346939
GF_00707,69,69,66,3,19,0.9565217391304348
GF_00708,61,61,58,3,16,0.9508196721311475
GF_00709,69,69,55,14,21,0.7971014492753623
GF_00710,58,58,57,1,15,0.9827586206896551
GF_00711,63,63,62,1,17,0.9841269841269841
GF_00712,44,44,44,0,10,1.0
GF_00713,46,46,46,0,11,1.0
GF_00714,59,59,58,1,15,0.9830508474576272
GF_00715,40,40,40,0,8,1.0
GF_00716,41,41,41,0,8,1.0
GF_00717,76,60,72,4,17,0.9473684210526315
GF_00718,50,50,49,1,11,0.98
GF_00719,64,64,63,1,16,0.984375
GF_00720,46,46,46,0,13,1.0
GF_00721,49,49,49,0,11,1.0
GF_00722,70,70,60,10,22,0.8571428571428571
GF_00723,162,162,98,64,56,0.6049382716049383
GF_00724,67,67,57,10,22,0.8507462686567164
GF_00725,125,125,80,45,35,0.64
GF_00726,250,250,103,147,64,0.412
GF_00727,257,257,105,152,67,0.4085603112840467
GF_00728,70,70,18,52,23,0.2571428571428571
GF_00729,257,257,107,150,68,0.4163424124513619
GF_00730,62,62,61,1,16,0.9838709677419355
GF_00731,65,65,64,1,16,0.9846153846153847
GF_00732,81,81,70,11,28,0.8641975308641975
GF_00733,67,67,66,1,17,0.9850746268656716
GF_00734,73,73,70,3,22,0.958904109589041
GF_00735,70,70,67,3,19,0.9571428571428572
GF_00736,97,97,78,19,34,0.8041237113402062
GF_00737,74,74,70,4,21,0.9459459459459459
GF_00738,62,62,61,1,15,0.9838709677419355
GF_00739,52,52,52,0,12,1.0
GF_00740,189,189,93,96,52,0.49206349206349204
GF_00741,144,144,96,48,51,0.6666666666666666
GF_00742,63,63,62,1,17,0.9841269841269841
GF_00743,65,65,64,1,16,0.9846153846153847
GF_00744,178,178,85,93,51,0.47752808988764045
GF_00745,65,65,64,1,16,0.9846153846153847
GF_00746,43,43,43,0,12,1.0
GF_00747,42,42,42,0,9,1.0
GF_00748,45,45,44,1,14,0.9777777777777777
GF_00749,45,45,41,4,16,0.9111111111111111
GF_00750,65,65,64,1,16,0.9846153846153847
GF_00751,238,237,102,136,63,0.42857142857142855
GF_00752,44,44,43,1,11,0.9772727272727273
GF_00753,46,46,46,0,10,1.0
GF_00754,68,68,66,2,17,0.9705882352941176
GF_00755,261,261,107,154,68,0.4099616858237548
GF_00756,105,105,80,25,40,0.7619047619047619
GF_00757,71,71,69,2,19,0.971830985915493
GF_00758,55,55,54,1,14,0.9818181818181818
GF_00759,67,67,66,1,17,0.9850746268656716
GF_00760,49,49,49,0,12,1.0
GF_00761,46,46,34,12,26,0.7391304347826086
GF_00762,58,58,57,1,14,0.9827586206896551
GF_00763,62,62,62,0,15,1.0
GF_00764,55,54,54,1,16,0.9818181818181818
GF_00765,53,53,52,1,14,0.9811320754716981
GF_00766,51,51,51,0,12,1.0
GF_00767,50,50,1,49,6,0.02
GF_00768,50,50,1,49,5,0.02
GF_00769,46,46,46,0,13,1.0
GF_00770,46,46,43,3,13,0.9347826086956522
GF_00771,218,218,109,109,61,0.5
GF_00772,47,44,46,1,12,0.9787234042553191
GF_00773,120,120,78,42,31,0.65
GF_00774,42,42,42,0,9,1.0
GF_00775,60,60,59,1,14,0.9833333333333333
GF_00776,40,40,15,25,9,0.375
GF_00777,121,121,78,43,35,0.6446280991735537
GF_00778,55,55,53,2,14,0.9636363636363636
GF_00779,42,42,42,0,9,1.0
GF_00780,65,65,64,1,16,0.9846153846153847
GF_00781,69,69,67,2,19,0.9710144927536232
GF_00782,40,40,40,0,8,1.0
GF_00783,63,63,62,1,15,0.9841269841269841
GF_00784,47,47,47,0,11,1.0
GF_00785,47,47,39,8,10,0.8297872340425532
GF_00786,56,56,55,1,15,0.9821428571428571
GF_00787,41,41,41,0,8,1.0
GF_00788,47,43,46,1,10,0.9787234042553191
GF_00789,43,43,42,1,10,0.9767441860465116
GF_00790,48,48,47,1,12,0.9791666666666666
GF_00791,61,61,58,3,18,0.9508196721311475
GF_00792,60,60,59,1,14,0.9833333333333333
GF_00793,58,57,54,4,16,0.9310344827586207
GF_00794,72,72,69,3,20,0.9583333333333334
GF_00795,66,66,65,1,18,0.9848484848484849
GF_00796,182,182,99,83,56,0.5439560439560439
GF_00797,51,51,50,1,15,0.9803921568627451
GF_00798,55,55,52,3,15,0.9454545454545454
GF_00799,49,49,49,0,10,1.0
GF_00800,47,47,47,0,11,1.0
GF_00801,51,51,51,0,13,1.0
GF_00802,45,45,45,0,11,1.0
GF_00803,48,47,48,0,11,1.0
GF_00804,47,47,47,0,11,1.0
GF_00805,41,41,41,0,9,1.0
GF_00806,74,68,73,1,19,0.9864864864864865
GF_00807,50,50,50,0,13,1.0
GF_00808,45,45,45,0,9,1.0
GF_00809,59,59,58,1,15,0.9830508474576272
GF_00810,72,72,50,22,26,0.6944444444444444
GF_00811,54,54,26,28,13,0.48148148148148145
GF_00812,41,41,41,0,8,1.0
GF_00813,59,59,10,49,11,0.1694915254237288
GF_00814,249,249,84,165,48,0.3373493975903614
GF_00815,103,103,9,94,15,0.08737864077669903
GF_00816,79,79,46,33,19,0.5822784810126582
GF_00817,45,45,2,43,3,0.044444444444444446
GF_00818,57,57,56,1,15,0.9824561403508771
GF_00819,351,351,101,250,69,0.28774928774928776
GF_00820,40,40,40,0,8,1.0
GF_00821,47,47,47,0,11,1.0
GF_00822,40,40,39,1,11,0.975
GF_00823,72,72,69,3,20,0.9583333333333334
GF_00824,41,41,41,0,10,1.0
GF_00825,62,62,61,1,15,0.9838709677419355
GF_00826,40,40,37,3,15,0.925
GF_00827,58,58,55,3,15,0.9482758620689655
GF_00828,74,73,19,55,18,0.25675675675675674
GF_00829,63,63,62,1,16,0.9841269841269841
GF_00830,42,42,41,1,11,0.9761904761904762
GF_00831,40,40,39,1,11,0.975
GF_00832,72,72,69,3,20,0.9583333333333334
GF_00833,50,50,49,1,11,0.98
GF_00834,53,53,52,1,13,0.9811320754716981
GF_00835,45,45,45,0,9,1.0
GF_00836,57,57,56,1,15,0.9824561403508771
GF_00837,50,50,49,1,12,0.98
GF_00838,65,65,64,1,16,0.9846153846153847
GF_00839,58,58,58,0,15,1.0
GF_00840,72,72,69,3,20,0.9583333333333334
GF_00841,43,43,43,0,9,1.0
GF_00842,55,55,54,1,13,0.9818181818181818
GF_00843,90,46,47,43,8,0.5222222222222223
GF_00844,56,56,55,1,14,0.9821428571428571
GF_00845,363,363,108,255,72,0.2975206611570248
GF_00846,70,70,67,3,19,0.9571428571428572
GF_00847,65,61,64,1,15,0.9846153846153847
GF_00848,61,61,60,1,16,0.9836065573770492
GF_00849,52,52,52,0,12,1.0
GF_00850,55,55,54,1,12,0.9818181818181818
GF_00851,67,67,66,1,16,0.9850746268656716
GF_00852,51,51,50,1,12,0.9803921568627451
GF_00853,46,46,46,0,10,1.0
GF_00854,60,60,59,1,16,0.9833333333333333
GF_00855,68,68,67,1,18,0.9852941176470589
GF_00856,60,58,54,6,17,0.9
GF_00857,229,229,107,122,63,0.4672489082969432
GF_00858,65,65,64,1,16,0.9846153846153847
GF_00859,65,65,64,1,16,0.9846153846153847
GF_00860,67,67,36,31,11,0.5373134328358209
GF_00861,58,58,57,1,14,0.9827586206896551
GF_00862,41,41,41,0,8,1.0
GF_00863,52,52,52,0,12,1.0
GF_00864,146,146,78,68,37,0.5342465753424658
GF_00865,40,40,2,38,8,0.05
GF_00866,148,148,55,93,37,0.3716216216216216
GF_00867,63,63,7,56,8,0.1111111111111111
GF_00868,57,57,11,46,10,0.19298245614035087
GF_00869,50,50,27,23,17,0.54
GF_00870,58,57,23,35,19,0.39655172413793105
GF_00871,41,41,5,36,10,0.12195121951219512
GF_00872,40,40,6,34,5,0.15
GF_00873,61,61,12,49,22,0.19672131147540983
GF_00874,133,133,42,91,35,0.3157894736842105
GF_00875,44,44,0,44,2,0.0
GF_00876,68,68,0,68,3,0.0
GF_00877,62,62,0,62,3,0.0
GF_00878,94,94,0,94,4,0.0
GF_00879,58,58,0,58,2,0.0
GF_00880,47,47,0,47,2,0.0
GF_00881,69,69,0,69,3,0.0
GF_00882,61,61,0,61,2,0.0
GF_00883,150,150,0,150,4,0.0
GF_00884,133,127,0,133,4,0.0
GF_00885,83,83,0,83,4,0.0
GF_00886,89,89,0,89,4,0.0
GF_00887,81,81,72,9,26,0.8888888888888888
GF_00888,73,73,10,63,16,0.136986301369863
GF_00889,79,74,73,6,21,0.9240506329113924
GF_00890,67,67,66,1,17,0.9850746268656716
GF_00891,67,67,66,1,17,0.9850746268656716
GF_00892,53,53,52,1,14,0.9811320754716981
GF_00893,81,81,75,6,23,0.9259259259259259
GF_00894,58,58,57,1,13,0.9827586206896551
GF_00895,239,239,101,138,63,0.4225941422594142
GF_00896,50,50,0,50,2,0.0
GF_00897,42,42,0,42,3,0.0
GF_00898,101,101,0,101,4,0.0
GF_00899,153,153,0,153,4,0.0
GF_00900,73,73,0,73,3,0.0
GF_00901,45,45,0,45,2,0.0
GF_00902,125,125,0,125,4,0.0
GF_00903,100,100,0,100,4,0.0
GF_00904,130,130,0,130,3,0.0
GF_00905,102,102,0,102,4,0.0
GF_00906,69,69,0,69,3,0.0
GF_00907,99,99,0,99,4,0.0
GF_00908,45,45,1,44,3,0.022222222222222223
GF_00909,44,44,43,1,11,0.9772727272727273
GF_00910,57,57,56,1,13,0.9824561403508771
GF_00911,51,51,50,1,12,0.9803921568627451
GF_00912,58,58,57,1,14,0.9827586206896551
GF_00913,48,48,48,0,12,1.0
GF_00914,56,56,55,1,14,0.9821428571428571
GF_00915,53,53,52,1,13,0.9811320754716981
GF_00916,252,242,114,138,65,0.4523809523809524
GF_00917,62,62,58,4,18,0.9354838709677419
GF_00918,57,57,53,4,17,0.9298245614035088
GF_00919,40,40,40,0,8,1.0
GF_00920,70,70,67,3,19,0.9571428571428572
GF_00921,42,42,42,0,9,1.0
GF_00922,44,44,44,0,10,1.0
GF_00923,59,59,59,0,14,1.0
GF_00924,45,45,44,1,13,0.9777777777777777
GF_00925,63,62,61,2,15,0.9682539682539683
GF_00926,47,47,46,1,10,0.9787234042553191
GF_00927,55,54,29,26,12,0.5272727272727272
GF_00928,41,41,41,0,9,1.0
GF_00929,86,75,85,1,19,0.9883720930232558
GF_00930,73,73,68,5,21,0.9315068493150684
GF_00931,475,417,125,350,72,0.2631578947368421
GF_00932,54,54,7,47,8,0.12962962962962962
GF_00933,71,71,15,56,17,0.2112676056338028
GF_00934,40,40,38,2,14,0.95
GF_00935,67,67,66,1,17,0.9850746268656716
GF_00936,63,63,61,2,21,0.9682539682539683
GF_00937,55,55,54,1,15,0.9818181818181818
GF_00938,49,49,48,1,10,0.9795918367346939
GF_00939,58,58,58,0,15,1.0
GF_00940,69,69,66,3,18,0.9565217391304348
GF_00941,65,65,64,1,16,0.9846153846153847
GF_00942,48,48,47,1,11,0.9791666666666666
GF_00943,40,40,40,0,8,1.0
GF_00944,42,42,42,0,11,1.0
GF_00945,45,45,44,1,12,0.9777777777777777
GF_00946,51,50,43,8,20,0.8431372549019608
GF_00947,52,52,8,44,7,0.15384615384615385
GF_00948,70,70,66,4,20,0.9428571428571428
GF_00949,88,88,67,21,31,0.7613636363636364
GF_00950,46,46,46,0,10,1.0
GF_00951,46,46,46,0,10,1.0
GF_00952,71,71,66,5,21,0.9295774647887324
GF_00953,58,58,57,1,14,0.9827586206896551
GF_00954,52,52,51,1,12,0.9807692307692307
GF_00955,67,67,66,1,16,0.9850746268656716
GF_00956,56,56,56,0,14,1.0
GF_00957,124,124,78,46,42,0.6290322580645161
GF_00958,262,262,107,155,68,0.4083969465648855
GF_00959,77,77,11,66,18,0.14285714285714285
GF_00960,212,212,87,125,54,0.41037735849056606
GF_00961,47,47,46,1,12,0.9787234042553191
GF_00962,40,40,39,1,7,0.975
GF_00963,74,74,55,19,15,0.7432432432432432
GF_00964,45,45,43,2,13,0.9555555555555556
GF_00965,54,54,53,1,14,0.9814814814814815
GF_00966,53,53,14,39,12,0.2641509433962264
GF_00967,47,45,4,43,10,0.0851063829787234
GF_00968,250,250,110,140,69,0.44
GF_00969,151,151,89,62,43,0.5894039735099338
GF_00970,138,138,87,51,48,0.6304347826086957
GF_00971,49,49,22,27,17,0.4489795918367347
GF_00972,80,80,70,10,22,0.875
GF_00973,67,67,66,1,17,0.9850746268656716
GF_00974,43,43,43,0,10,1.0
GF_00975,53,53,53,0,13,1.0
GF_00976,43,43,43,0,9,1.0
GF_00977,41,41,41,0,9,1.0
GF_00978,48,48,48,0,13,1.0
GF_00979,43,42,42,1,9,0.9767441860465116
GF_00980,52,51,51,1,11,0.9807692307692307
GF_00981,53,53,52,1,15,0.9811320754716981
GF_00982,56,55,20,36,17,0.35714285714285715
GF_00983,42,42,41,1,11,0.9761904761904762
GF_00984,52,52,51,1,13,0.9807692307692307
GF_00985,46,46,46,0,10,1.0
GF_00986,55,55,54,1,14,0.9818181818181818
GF_00987,69,69,64,5,22,0.927536231884058
GF_00988,52,52,51,1,12,0.9807692307692307
GF_00989,48,48,48,0,12,1.0
GF_00990,43,43,43,0,10,1.0
GF_00991,77,67,76,1,17,0.987012987012987
GF_00992,41,41,38,3,12,0.926829268292683
GF_00993,40,40,40,0,8,1.0
GF_00994,71,71,68,3,19,0.9577464788732394
GF_00995,43,43,43,0,8,1.0
GF_00996,49,49,49,0,12,1.0
GF_00997,43,43,43,0,9,1.0
GF_00998,54,54,54,0,13,1.0
GF_00999,58,58,57,1,15,0.9827586206896551
GF_01000,41,41,41,0,8,1.0
GF_01001,67,67,66,1,17,0.9850746268656716
GF_01002,57,57,56,1,13,0.9824561403508771
GF_01003,46,46,45,1,12,0.9782608695652174
GF_01004,44,44,31,13,7,0.7045454545454546
GF_01005,113,111,40,73,37,0.35398230088495575
GF_01006,65,65,64,1,16,0.9846153846153847
GF_01007,70,69,67,3,19,0.9571428571428572
GF_01008,40,40,40,0,7,1.0
GF_01009,43,43,43,0,9,1.0
GF_01010,43,43,43,0,9,1.0
GF_01011,67,63,65,2,19,0.9701492537313433
GF_01012,42,42,36,6,14,0.8571428571428571
GF_01013,47,47,45,2,14,0.9574468085106383
GF_01014,44,44,44,0,10,1.0
GF_01015,45,45,45,0,10,1.0
GF_01016,45,45,43,2,13,0.9555555555555556
GF_01017,65,65,64,1,17,0.9846153846153847
GF_01018,58,58,55,3,17,0.9482758620689655
GF_01019,43,43,43,0,9,1.0
GF_01020,42,42,42,0,10,1.0
GF_01021,45,45,45,0,10,1.0
GF_01022,48,48,48,0,11,1.0
GF_01023,51,51,51,0,12,1.0
GF_01024,48,48,47,1,10,0.9791666666666666
GF_01025,56,56,55,1,14,0.9821428571428571
GF_01026,78,78,65,13,25,0.8333333333333334
GF_01027,96,96,83,13,34,0.8645833333333334
GF_01028,217,216,96,121,56,0.4423963133640553
GF_01029,40,40,40,0,7,1.0
GF_01030,41,41,41,0,9,1.0
GF_01031,51,51,51,0,15,1.0
GF_01032,53,53,52,1,13,0.9811320754716981
GF_01033,41,40,41,0,8,1.0
GF_01034,64,64,61,3,18,0.953125
GF_01035,61,61,60,1,16,0.9836065573770492
GF_01036,44,44,44,0,12,1.0
GF_01037,98,98,0,98,4,0.0
GF_01038,75,75,0,75,3,0.0
GF_01039,50,50,0,50,2,0.0
GF_01040,74,74,0,74,3,0.0
GF_01041,75,75,0,75,4,0.0
GF_01042,43,43,0,43,1,0.0
GF_01043,65,65,0,65,3,0.0
GF_01044,63,63,0,63,2,0.0
GF_01045,111,111,0,111,4,0.0
GF_01046,52,52,0,52,2,0.0
GF_01047,53,53,0,53,2,0.0
GF_01048,52,52,0,52,2,0.0
GF_01049,68,68,0,68,3,0.0
GF_01050,99,99,0,99,4,0.0
GF_01051,62,62,0,62,2,0.0
GF_01052,62,62,0,62,3,0.0
GF_01053,48,48,0,48,2,0.0
GF_01054,244,243,74,170,31,0.30327868852459017
GF_01055,150,150,0,150,4,0.0
GF_01056,66,66,0,66,3,0.0
GF_01057,49,49,0,49,2,0.0
GF_01058,46,46,0,46,3,0.0
GF_01059,55,55,0,55,4,0.0
GF_01060,97,97,0,97,3,0.0
GF_01061,67,67,0,67,3,0.0
GF_01062,63,63,0,63,3,0.0
GF_01063,42,42,0,42,2,0.0
GF_01064,63,63,0,63,3,0.0
GF_01065,153,153,0,153,4,0.0
GF_01066,57,57,0,57,3,0.0
GF_01067,44,44,0,44,2,0.0
GF_01068,47,47,0,47,2,0.0
GF_01069,152,152,0,152,4,0.0
GF_01070,46,46,0,46,2,0.0
GF_01071,90,90,0,90,3,0.0
GF_01072,153,153,0,153,4,0.0
GF_01073,48,48,0,48,2,0.0
GF_01074,84,84,0,84,3,0.0
GF_01075,76,76,0,76,3,0.0
GF_01076,52,52,0,52,2,0.0
GF_01077,108,108,0,108,4,0.0
GF_01078,49,49,0,49,2,0.0
GF_01079,54,54,0,54,2,0.0
GF_01080,86,86,0,86,4,0.0
GF_01081,66,66,0,66,4,0.0
GF_01082,96,96,0,96,4,0.0
GF_01083,81,81,0,81,3,0.0
GF_01084,87,87,0,87,4,0.0
GF_01085,86,86,0,86,4,0.0
GF_01086,90,90,0,90,4,0.0
GF_01087,66,66,0,66,3,0.0
GF_01088,41,41,0,41,2,0.0
GF_01089,128,77,0,128,4,0.0
GF_01090,50,50,0,50,2,0.0
GF_01091,143,143,0,143,5,0.0
GF_01092,74,74,0,74,3,0.0
GF_01093,49,49,0,49,3,0.0
GF_01094,49,49,0,49,1,0.0
GF_01095,97,97,0,97,4,0.0
GF_01096,81,81,0,81,4,0.0
GF_01097,58,58,0,58,3,0.0
GF_01098,68,68,0,68,3,0.0
GF_01099,152,152,0,152,4,0.0
GF_01100,63,63,0,63,3,0.0
GF_01101,64,64,0,64,2,0.0
GF_01102,47,47,0,47,2,0.0
GF_01103,41,41,0,41,3,0.0
GF_01104,46,46,0,46,2,0.0
GF_01105,70,70,0,70,3,0.0
GF_01106,49,49,0,49,2,0.0
GF_01107,96,96,0,96,4,0.0
GF_01108,58,58,0,58,3,0.0
GF_01109,78,78,0,78,4,0.0
GF_01110,41,41,0,41,2,0.0
GF_01111,101,101,0,101,4,0.0
GF_01112,140,140,0,140,4,0.0
GF_01113,70,70,0,70,3,0.0
GF_01114,41,41,0,41,2,0.0
GF_01115,104,104,0,104,4,0.0
GF_01116,46,46,0,46,2,0.0
GF_01117,168,168,0,168,4,0.0
GF_01118,153,153,0,153,4,0.0
GF_01119,64,64,0,64,3,0.0
GF_01120,50,50,0,50,2,0.0
GF_01121,89,89,0,89,3,0.0
GF_01122,46,46,0,46,3,0.0
GF_01123,100,100,0,100,4,0.0
GF_01124,101,101,0,101,4,0.0
GF_01125,53,53,0,53,3,0.0
GF_01126,58,58,0,58,4,0.0
GF_01127,71,71,0,71,3,0.0
GF_01128,168,168,0,168,4,0.0
GF_01129,136,136,0,136,4,0.0
GF_01130,127,127,0,127,4,0.0
GF_01131,69,69,0,69,3,0.0
GF_01132,42,42,0,42,3,0.0
GF_01133,49,49,0,49,2,0.0
GF_01134,58,58,0,58,3,0.0
GF_01135,53,53,0,53,2,0.0
GF_01136,50,50,0,50,3,0.0
GF_01137,153,153,0,153,4,0.0
GF_01138,57,56,0,57,2,0.0
GF_01139,70,70,0,70,3,0.0
GF_01140,42,42,0,42,2,0.0
GF_01141,42,41,0,42,2,0.0
GF_01142,42,42,0,42,2,0.0
GF_01143,41,41,0,41,1,0.0
GF_01144,168,168,0,168,4,0.0
GF_01145,40,40,0,40,2,0.0
GF_01146,124,124,0,124,4,0.0
GF_01147,71,71,3,68,7,0.04225352112676056
GF_01148,42,42,0,42,2,0.0
GF_01149,55,55,0,55,3,0.0
GF_01150,73,73,0,73,3,0.0
GF_01151,49,49,0,49,2,0.0
GF_01152,70,70,0,70,3,0.0
GF_01153,41,41,0,41,1,0.0
GF_01154,53,53,0,53,2,0.0
GF_01155,73,73,0,73,3,0.0
GF_01156,116,116,0,116,4,0.0
GF_01157,65,65,0,65,4,0.0
GF_01158,99,99,0,99,4,0.0
GF_01159,43,43,0,43,2,0.0
GF_01160,40,40,0,40,2,0.0
GF_01161,88,81,0,88,3,0.0
GF_01162,79,79,0,79,4,0.0
GF_01163,41,41,0,41,2,0.0
GF_01164,74,74,1,73,4,0.013513513513513514
GF_01165,42,41,0,42,2,0.0
GF_01166,153,153,0,153,4,0.0
GF_01167,85,84,0,85,4,0.0
GF_01168,99,99,0,99,4,0.0
GF_01169,44,44,0,44,3,0.0
GF_01170,111,111,0,111,4,0.0
GF_01171,93,93,0,93,4,0.0
GF_01172,81,81,0,81,3,0.0
GF_01173,53,51,0,53,4,0.0
GF_01174,153,153,0,153,4,0.0
GF_01175,104,104,0,104,4,0.0
GF_01176,153,153,0,153,4,0.0
GF_01177,53,53,0,53,2,0.0
GF_01178,69,69,0,69,3,0.0
GF_01179,99,99,0,99,4,0.0
GF_01180,76,76,0,76,3,0.0
GF_01181,77,77,0,77,4,0.0
GF_01182,70,70,0,70,3,0.0
GF_01183,48,48,0,48,2,0.0
GF_01184,50,50,0,50,4,0.0
GF_01185,73,73,0,73,3,0.0
GF_01186,75,75,0,75,3,0.0
GF_01187,70,70,0,70,3,0.0
GF_01188,110,110,0,110,4,0.0
GF_01189,48,48,0,48,3,0.0
GF_01190,67,67,0,67,3,0.0
GF_01191,55,55,54,1,13,0.9818181818181818
GF_01192,71,71,69,2,20,0.971830985915493
GF_01193,56,56,55,1,13,0.9821428571428571
GF_01194,62,62,61,1,16,0.9838709677419355
GF_01195,62,62,61,1,15,0.9838709677419355
GF_01196,59,59,58,1,15,0.9830508474576272
GF_01197,64,64,64,0,16,1.0
GF_01198,79,79,0,79,3,0.0
GF_01199,42,42,0,42,3,0.0
GF_01200,52,52,0,52,4,0.0
GF_01201,98,98,0,98,4,0.0
GF_01202,93,93,0,93,4,0.0
GF_01203,46,46,0,46,4,0.0
GF_01204,73,73,0,73,3,0.0
GF_01205,157,153,0,157,4,0.0
GF_01206,75,75,0,75,3,0.0
GF_01207,153,153,0,153,4,0.0
GF_01208,41,41,0,41,2,0.0
GF_01209,92,92,0,92,4,0.0
GF_01210,43,43,0,43,4,0.0
GF_01211,104,104,0,104,4,0.0
GF_01212,98,78,2,96,4,0.02040816326530612
GF_01213,62,62,0,62,3,0.0
GF_01214,89,89,0,89,4,0.0
GF_01215,152,152,0,152,4,0.0
GF_01216,92,92,0,92,4,0.0
GF_01217,54,54,0,54,2,0.0
GF_01218,98,98,0,98,4,0.0
GF_01219,78,78,0,78,3,0.0
GF_01220,96,96,0,96,4,0.0
GF_01221,59,59,0,59,3,0.0
GF_01222,80,79,0,80,3,0.0
GF_01223,126,126,0,126,4,0.0
GF_01224,96,96,0,96,4,0.0
GF_01225,93,93,0,93,4,0.0
GF_01226,61,61,0,61,3,0.0
GF_01227,96,96,0,96,4,0.0
GF_01228,43,43,0,43,3,0.0
GF_01229,80,45,0,80,3,0.0
GF_01230,146,146,61,85,36,0.4178082191780822
GF_01231,323,323,110,213,72,0.34055727554179566
GF_01232,46,46,8,38,11,0.17391304347826086
GF_01233,258,253,108,150,63,0.4186046511627907
GF_01234,133,133,46,87,39,0.3458646616541353
GF_01235,259,259,105,154,68,0.40540540540540543
GF_01236,109,109,80,29,39,0.7339449541284404
GF_01237,68,68,16,52,19,0.23529411764705882
GF_01238,75,75,69,6,25,0.92
GF_01239,135,135,61,74,42,0.45185185185185184
GF_01240,126,123,86,40,48,0.6825396825396826
GF_01241,89,89,67,22,25,0.7528089887640449
GF_01242,54,54,46,8,24,0.8518518518518519
GF_01243,78,78,72,6,25,0.9230769230769231
GF_01244,60,60,11,49,19,0.18333333333333332
GF_01245,82,81,16,66,25,0.1951219512195122
GF_01246,55,55,16,39,16,0.2909090909090909
GF_01247,48,48,12,36,8,0.25
GF_01248,147,147,86,61,41,0.5850340136054422
GF_01249,55,55,54,1,13,0.9818181818181818
GF_01250,47,47,47,0,11,1.0
GF_01251,41,41,41,0,8,1.0
GF_01252,58,58,57,1,15,0.9827586206896551
GF_01253,67,67,61,6,20,0.9104477611940298
GF_01254,51,51,51,0,13,1.0
GF_01255,41,41,41,0,9,1.0
GF_01256,50,50,50,0,13,1.0
GF_01257,56,56,53,3,16,0.9464285714285714
GF_01258,51,51,51,0,12,1.0
GF_01259,57,56,56,1,15,0.9824561403508771
GF_01260,48,48,48,0,12,1.0
GF_01261,50,50,49,1,13,0.98
GF_01262,41,41,41,0,11,1.0
GF_01263,41,41,41,0,9,1.0
GF_01264,49,49,48,1,12,0.9795918367346939
GF_01265,62,62,61,1,16,0.9838709677419355
GF_01266,82,82,64,18,32,0.7804878048780488
GF_01267,65,65,64,1,18,0.9846153846153847
GF_01268,53,53,52,1,13,0.9811320754716981
GF_01269,41,41,41,0,8,1.0
GF_01270,41,41,41,0,8,1.0
GF_01271,46,46,46,0,10,1.0
GF_01272,50,50,49,1,12,0.98
GF_01273,46,46,46,0,11,1.0
GF_01274,65,65,64,1,17,0.9846153846153847
GF_01275,40,40,40,0,9,1.0
GF_01276,40,40,40,0,8,1.0
GF_01277,65,65,64,1,17,0.9846153846153847
GF_01278,64,64,61,3,18,0.953125
GF_01279,78,78,71,7,24,0.9102564102564102
GF_01280,59,59,57,2,17,0.9661016949152542
GF_01281,59,59,58,1,15,0.9830508474576272
GF_01282,76,76,70,6,24,0.9210526315789473
GF_01283,64,64,63,1,15,0.984375
GF_01284,41,41,40,1,8,0.975609756097561
GF_01285,68,68,67,1,17,0.9852941176470589
GF_01286,64,64,63,1,18,0.984375
GF_01287,105,105,87,18,36,0.8285714285714286
GF_01288,67,67,66,1,16,0.9850746268656716
GF_01289,40,40,39,1,12,0.975
GF_01290,58,58,13,45,10,0.22413793103448276
GF_01291,63,63,56,7,17,0.8888888888888888
GF_01292,253,253,36,217,42,0.1422924901185771
GF_01293,67,67,28,39,17,0.417910447761194
GF_01294,48,48,0,48,2,0.0
GF_01295,73,73,0,73,3,0.0
GF_01296,153,153,0,153,4,0.0
GF_01297,426,426,112,314,75,0.26291079812206575
GF_01298,100,100,0,100,4,0.0
GF_01299,59,59,0,59,4,0.0
GF_01300,71,71,0,71,4,0.0
GF_01301,64,64,0,64,3,0.0
GF_01302,99,99,0,99,4,0.0
GF_01303,56,56,52,4,15,0.9285714285714286
GF_01304,49,49,48,1,12,0.9795918367346939
GF_01305,54,54,53,1,14,0.9814814814814815
GF_01306,130,130,80,50,37,0.6153846153846154
GF_01307,43,43,42,1,10,0.9767441860465116
GF_01308,64,64,59,5,19,0.921875
GF_01309,46,46,46,0,12,1.0
GF_01310,57,57,56,1,13,0.9824561403508771
GF_01311,67,67,66,1,17,0.9850746268656716
GF_01312,71,71,68,3,20,0.9577464788732394
GF_01313,67,67,66,1,17,0.9850746268656716
GF_01314,158,155,96,62,47,0.6075949367088608
GF_01315,63,63,40,23,25,0.6349206349206349
GF_01316,53,53,53,0,15,1.0
GF_01317,51,51,50,1,12,0.9803921568627451
GF_01318,57,57,56,1,13,0.9824561403508771
GF_01319,52,52,51,1,13,0.9807692307692307
GF_01320,48,48,47,1,14,0.9791666666666666
GF_01321,72,72,69,3,21,0.9583333333333334
GF_01322,58,58,57,1,15,0.9827586206896551
GF_01323,52,52,51,1,12,0.9807692307692307
GF_01324,41,41,39,2,11,0.9512195121951219
GF_01325,48,48,47,1,11,0.9791666666666666
GF_01326,47,47,47,0,11,1.0
GF_01327,66,66,11,55,20,0.16666666666666666
GF_01328,87,87,77,10,32,0.8850574712643678
GF_01329,168,168,92,76,53,0.5476190476190477
GF_01330,83,83,52,31,34,0.6265060240963856
GF_01331,161,161,28,133,38,0.17391304347826086
GF_01332,70,68,27,43,23,0.38571428571428573
GF_01333,117,117,89,28,40,0.7606837606837606
GF_01334,70,70,61,9,23,0.8714285714285714
GF_01335,43,43,3,40,11,0.06976744186046512
GF_01336,40,40,31,9,17,0.775
GF_01337,107,105,89,18,35,0.8317757009345794
GF_01338,101,101,69,32,36,0.6831683168316832
GF_01339,44,44,1,43,2,0.022727272727272728
GF_01340,62,62,61,1,16,0.9838709677419355
GF_01341,50,50,49,1,12,0.98
GF_01342,65,65,64,1,17,0.9846153846153847
GF_01343,72,72,69,3,20,0.9583333333333334
GF_01344,64,64,63,1,16,0.984375
GF_01345,58,58,58,0,15,1.0
GF_01346,47,47,47,0,11,1.0
GF_01347,65,65,64,1,16,0.9846153846153847
GF_01348,42,42,42,0,9,1.0
GF_01349,49,49,49,0,12,1.0
GF_01350,73,73,69,4,23,0.9452054794520548
GF_01351,40,40,40,0,8,1.0
GF_01352,64,64,63,1,16,0.984375
GF_01353,57,57,56,1,13,0.9824561403508771
GF_01354,53,53,53,0,12,1.0
GF_01355,54,54,53,1,13,0.9814814814814815
GF_01356,44,44,41,3,13,0.9318181818181818
GF_01357,80,80,72,8,25,0.9
GF_01358,52,52,52,0,12,1.0
GF_01359,43,43,32,11,9,0.7441860465116279
GF_01360,57,57,57,0,14,1.0
GF_01361,46,46,46,0,10,1.0
GF_01362,63,63,62,1,16,0.9841269841269841
GF_01363,47,47,47,0,13,1.0
GF_01364,58,58,57,1,14,0.9827586206896551
GF_01365,75,75,69,6,23,0.92
GF_01366,69,69,66,3,19,0.9565217391304348
GF_01367,66,66,65,1,16,0.9848484848484849
GF_01368,54,54,53,1,11,0.9814814814814815
GF_01369,63,63,60,3,17,0.9523809523809523
GF_01370,55,55,53,2,15,0.9636363636363636
GF_01371,41,40,39,2,10,0.9512195121951219
GF_01372,89,89,76,13,32,0.8539325842696629
GF_01373,41,41,37,4,14,0.9024390243902439
GF_01374,104,104,31,73,27,0.2980769230769231
GF_01375,108,108,82,26,35,0.7592592592592593
GF_01376,246,246,101,145,56,0.4105691056910569
GF_01377,154,154,86,68,47,0.5584415584415584
GF_01378,56,55,51,5,19,0.9107142857142857
GF_01379,40,40,22,18,22,0.55
GF_01380,59,59,54,5,19,0.9152542372881356
GF_01381,216,210,109,107,57,0.5046296296296297
GF_01382,57,57,17,40,13,0.2982456140350877
GF_01383,174,174,96,78,49,0.5517241379310345
GF_01384,77,77,70,7,26,0.9090909090909091
GF_01385,51,51,12,39,12,0.23529411764705882
GF_01386,91,91,81,10,28,0.8901098901098901
GF_01387,232,232,104,128,61,0.4482758620689655
GF_01388,69,69,65,4,20,0.9420289855072463
GF_01389,82,80,75,7,25,0.9146341463414634
GF_01390,122,122,87,35,45,0.7131147540983607
GF_01391,69,69,17,52,23,0.2463768115942029
GF_01392,52,52,5,47,9,0.09615384615384616
GF_01393,197,196,100,97,61,0.5076142131979695
GF_01394,138,138,84,54,42,0.6086956521739131
GF_01395,270,270,110,160,70,0.4074074074074074
GF_01396,170,170,73,97,39,0.4294117647058823
GF_01397,264,264,104,160,68,0.3939393939393939
GF_01398,43,43,4,39,8,0.09302325581395349
GF_01399,112,112,54,58,40,0.48214285714285715
GF_01400,153,153,88,65,48,0.5751633986928104
GF_01401,72,69,57,15,25,0.7916666666666666
GF_01402,43,43,43,0,12,1.0
GF_01403,74,74,69,5,22,0.9324324324324325
GF_01404,57,57,49,8,15,0.8596491228070176
GF_01405,53,53,50,3,15,0.9433962264150944
GF_01406,51,51,51,0,11,1.0
GF_01407,44,44,41,3,17,0.9318181818181818
GF_01408,50,50,48,2,12,0.96
GF_01409,41,41,14,27,14,0.34146341463414637
GF_01410,65,65,64,1,16,0.9846153846153847
GF_01411,66,66,62,4,19,0.9393939393939394
GF_01412,41,41,41,0,10,1.0
GF_01413,51,51,51,0,13,1.0
GF_01414,45,45,45,0,11,1.0
GF_01415,43,43,43,0,9,1.0
GF_01416,45,45,45,0,11,1.0
GF_01417,50,50,49,1,10,0.98
GF_01418,70,70,67,3,19,0.9571428571428572
GF_01419,59,59,58,1,15,0.9830508474576272
GF_01420,58,58,57,1,13,0.9827586206896551
GF_01421,40,40,40,0,8,1.0
GF_01422,62,62,61,1,15,0.9838709677419355
GF_01423,42,42,41,1,12,0.9761904761904762
GF_01424,62,62,61,1,16,0.9838709677419355
GF_01425,138,136,76,62,38,0.5507246376811594
GF_01426,100,100,86,14,34,0.86
GF_01427,74,74,70,4,22,0.9459459459459459
GF_01428,63,63,47,16,19,0.746031746031746
GF_01429,59,59,58,1,15,0.9830508474576272
GF_01430,57,57,56,1,15,0.9824561403508771
GF_01431,56,56,55,1,14,0.9821428571428571
GF_01432,40,40,40,0,8,1.0
GF_01433,57,52,56,1,12,0.9824561403508771
GF_01434,68,68,67,1,17,0.9852941176470589
GF_01435,57,57,56,1,13,0.9824561403508771
GF_01436,40,40,40,0,8,1.0
GF_01437,61,61,60,1,15,0.9836065573770492
GF_01438,51,51,50,1,11,0.9803921568627451
GF_01439,56,56,46,10,24,0.8214285714285714
GF_01440,40,40,40,0,8,1.0
GF_01441,69,69,68,1,18,0.9855072463768116
GF_01442,62,56,61,1,15,0.9838709677419355
GF_01443,51,51,50,1,13,0.9803921568627451
GF_01444,60,60,59,1,15,0.9833333333333333
GF_01445,143,143,34,109,41,0.23776223776223776
GF_01446,216,216,101,115,58,0.4675925925925926
GF_01447,64,64,55,9,19,0.859375
GF_01448,87,87,72,15,27,0.8275862068965517
GF_01449,329,326,113,216,73,0.3434650455927052
GF_01450,163,153,0,163,4,0.0
GF_01451,98,98,0,98,3,0.0
GF_01452,83,83,0,83,4,0.0
GF_01453,64,64,0,64,2,0.0
GF_01454,62,62,0,62,3,0.0
GF_01455,46,46,0,46,2,0.0
GF_01456,182,182,73,109,49,0.4010989010989011
GF_01457,54,54,52,2,15,0.9629629629629629
GF_01458,94,94,75,19,32,0.7978723404255319
GF_01459,73,73,69,4,21,0.9452054794520548
GF_01460,139,139,63,76,44,0.45323741007194246
GF_01461,141,141,88,53,39,0.624113475177305
GF_01462,74,73,64,10,27,0.8648648648648649
GF_01463,75,62,74,1,16,0.9866666666666667
GF_01464,49,48,45,4,16,0.9183673469387755
GF_01465,68,68,66,2,20,0.9705882352941176
GF_01466,91,91,73,18,29,0.8021978021978022
GF_01467,50,50,1,49,12,0.02
GF_01468,62,62,61,1,16,0.9838709677419355
GF_01469,55,55,52,3,15,0.9454545454545454
GF_01470,44,44,43,1,10,0.9772727272727273
GF_01471,65,65,64,1,14,0.9846153846153847
GF_01472,50,48,48,2,13,0.96
GF_01473,40,40,40,0,8,1.0
GF_01474,46,46,46,0,10,1.0
GF_01475,45,45,45,0,11,1.0
GF_01476,61,61,7,54,12,0.11475409836065574
GF_01477,204,204,95,109,64,0.46568627450980393
GF_01478,40,40,1,39,6,0.025
GF_01479,263,263,109,154,68,0.4144486692015209
GF_01480,41,41,35,6,19,0.8536585365853658
GF_01481,42,42,5,37,9,0.11904761904761904
GF_01482,47,47,45,2,13,0.9574468085106383
GF_01483,64,64,63,1,17,0.984375
GF_01484,42,42,41,1,10,0.9761904761904762
GF_01485,64,64,61,3,18,0.953125
GF_01486,48,48,47,1,11,0.9791666666666666
GF_01487,140,140,90,50,43,0.6428571428571429
GF_01488,44,44,42,2,12,0.9545454545454546
GF_01489,72,72,67,5,21,0.9305555555555556
GF_01490,44,44,43,1,10,0.9772727272727273
GF_01491,69,69,68,1,18,0.9855072463768116
GF_01492,84,84,78,6,25,0.9285714285714286
GF_01493,45,45,45,0,11,1.0
GF_01494,72,72,68,4,21,0.9444444444444444
GF_01495,47,47,45,2,12,0.9574468085106383
GF_01496,66,66,65,1,17,0.9848484848484849
GF_01497,76,76,70,6,26,0.9210526315789473
GF_01498,52,52,52,0,13,1.0
GF_01499,43,43,43,0,11,1.0
GF_01500,64,64,63,1,17,0.984375
GF_01501,53,53,52,1,14,0.9811320754716981
GF_01502,241,241,103,138,67,0.42738589211618255
GF_01503,50,50,50,0,17,1.0
GF_01504,50,48,45,5,14,0.9
GF_01505,41,41,41,0,8,1.0
GF_01506,50,50,49,1,12,0.98
GF_01507,57,57,56,1,15,0.9824561403508771
GF_01508,53,53,52,1,13,0.9811320754716981
GF_01509,58,58,57,1,15,0.9827586206896551
GF_01510,70,70,67,3,19,0.9571428571428572
GF_01511,50,50,50,0,11,1.0
GF_01512,90,83,28,62,24,0.3111111111111111
GF_01513,59,59,58,1,15,0.9830508474576272
GF_01514,63,62,56,7,22,0.8888888888888888
GF_01515,62,62,61,1,15,0.9838709677419355
GF_01516,65,65,62,3,18,0.9538461538461539
GF_01517,50,50,50,0,13,1.0
GF_01518,58,58,55,3,16,0.9482758620689655
GF_01519,53,53,52,1,13,0.9811320754716981
GF_01520,57,57,56,1,15,0.9824561403508771
GF_01521,41,41,40,1,11,0.975609756097561
GF_01522,57,57,56,1,15,0.9824561403508771
GF_01523,59,59,58,1,16,0.9830508474576272
GF_01524,50,50,50,0,13,1.0
GF_01525,56,56,54,2,17,0.9642857142857143
GF_01526,54,54,53,1,13,0.9814814814814815
GF_01527,303,261,147,156,68,0.48514851485148514
GF_01528,55,55,54,1,14,0.9818181818181818
GF_01529,72,72,69,3,21,0.9583333333333334
GF_01530,40,40,40,0,8,1.0
GF_01531,47,47,46,1,9,0.9787234042553191
GF_01532,40,40,40,0,8,1.0
GF_01533,48,48,3,45,4,0.0625
GF_01534,53,53,10,43,8,0.18867924528301888
GF_01535,87,86,78,9,27,0.896551724137931
GF_01536,116,116,78,38,32,0.6724137931034483
GF_01537,56,56,50,6,23,0.8928571428571429
GF_01538,77,77,15,62,16,0.19480519480519481
GF_01539,44,44,10,34,15,0.22727272727272727
GF_01540,177,177,91,86,52,0.5141242937853108
GF_01541,244,244,106,138,63,0.4344262295081967
GF_01542,221,221,99,122,59,0.4479638009049774
GF_01543,83,83,74,9,26,0.891566265060241
GF_01544,84,84,15,69,21,0.17857142857142858
GF_01545,64,64,60,4,19,0.9375
GF_01546,46,46,43,3,16,0.9347826086956522
GF_01547,59,59,17,42,16,0.288135593220339
GF_01548,48,48,44,4,17,0.9166666666666666
GF_01549,212,209,110,102,63,0.5188679245283019
GF_01550,89,87,80,9,30,0.898876404494382
GF_01551,52,52,51,1,16,0.9807692307692307
GF_01552,252,252,104,148,64,0.4126984126984127
GF_01553,141,141,28,113,26,0.19858156028368795
GF_01554,41,41,0,41,1,0.0
GF_01555,140,140,0,140,4,0.0
GF_01556,122,122,0,122,3,0.0
GF_01557,125,125,0,125,4,0.0
GF_01558,67,67,0,67,2,0.0
GF_01559,49,49,0,49,2,0.0
GF_01560,153,153,0,153,4,0.0
GF_01561,143,143,0,143,4,0.0
GF_01562,145,145,0,145,4,0.0
GF_01563,153,153,0,153,4,0.0
GF_01564,65,65,0,65,2,0.0
GF_01565,62,62,0,62,4,0.0
GF_01566,153,153,0,153,4,0.0
GF_01567,42,42,0,42,2,0.0
GF_01568,52,52,0,52,2,0.0
GF_01569,153,153,0,153,4,0.0
GF_01570,153,153,0,153,4,0.0
GF_01571,46,46,0,46,2,0.0
GF_01572,53,53,0,53,2,0.0
GF_01573,153,153,0,153,4,0.0
GF_01574,41,41,0,41,2,0.0
GF_01575,110,110,0,110,4,0.0
GF_01576,153,153,0,153,4,0.0
GF_01577,125,125,0,125,4,0.0
GF_01578,152,152,0,152,4,0.0
GF_01579,425,425,112,313,75,0.2635294117647059
GF_01580,184,184,99,85,51,0.5380434782608695
GF_01581,50,50,50,0,12,1.0
GF_01582,40,40,40,0,8,1.0
GF_01583,142,142,82,60,42,0.5774647887323944
GF_01584,61,58,35,26,20,0.5737704918032787
GF_01585,62,62,61,1,16,0.9838709677419355
GF_01586,43,43,43,0,9,1.0
GF_01587,45,42,43,2,11,0.9555555555555556
GF_01588,40,40,38,2,11,0.95
GF_01589,54,53,53,1,12,0.9814814814814815
GF_01590,55,55,54,1,14,0.9818181818181818
GF_01591,117,117,83,34,38,0.7094017094017094
GF_01592,73,73,15,58,19,0.2054794520547945
GF_01593,42,42,42,0,9,1.0
GF_01594,42,42,42,0,8,1.0
GF_01595,47,47,47,0,11,1.0
GF_01596,62,62,60,2,17,0.967741935483871
GF_01597,47,47,47,0,12,1.0
GF_01598,72,72,67,5,19,0.9305555555555556
GF_01599,41,41,41,0,9,1.0
GF_01600,61,61,59,2,18,0.9672131147540983
GF_01601,43,41,43,0,9,1.0
GF_01602,60,60,59,1,13,0.9833333333333333
GF_01603,51,51,50,1,16,0.9803921568627451
GF_01604,42,42,42,0,7,1.0
GF_01605,52,52,52,0,14,1.0
GF_01606,63,63,62,1,16,0.9841269841269841
GF_01607,48,48,47,1,12,0.9791666666666666
GF_01608,46,46,46,0,11,1.0
GF_01609,48,46,44,4,12,0.9166666666666666
GF_01610,73,73,70,3,21,0.958904109589041
GF_01611,46,46,46,0,11,1.0
GF_01612,63,63,62,1,16,0.9841269841269841
GF_01613,56,56,55,1,14,0.9821428571428571
GF_01614,41,41,41,0,9,1.0
GF_01615,43,43,43,0,10,1.0
GF_01616,62,59,53,9,19,0.8548387096774194
GF_01617,75,75,62,13,22,0.8266666666666667
GF_01618,121,121,26,95,34,0.21487603305785125
GF_01619,43,42,18,25,11,0.4186046511627907
GF_01620,55,54,40,15,17,0.7272727272727273
GF_01621,264,264,110,154,70,0.4166666666666667
GF_01622,65,65,4,61,9,0.06153846153846154
GF_01623,247,247,97,150,62,0.39271255060728744
GF_01624,52,52,0,52,5,0.0
GF_01625,59,59,7,52,9,0.11864406779661017
GF_01626,301,301,75,226,41,0.24916943521594684
GF_01627,54,54,13,41,17,0.24074074074074073
GF_01628,46,46,8,38,11,0.17391304347826086
GF_01629,94,94,52,42,28,0.5531914893617021
GF_01630,60,60,6,54,12,0.1
GF_01631,65,65,62,3,19,0.9538461538461539
GF_01632,66,66,64,2,17,0.9696969696969697
GF_01633,66,66,60,6,21,0.9090909090909091
GF_01634,80,80,70,10,25,0.875
GF_01635,80,80,71,9,26,0.8875
GF_01636,269,267,70,199,48,0.26022304832713755
GF_01637,95,95,80,15,29,0.8421052631578947
GF_01638,111,111,73,38,30,0.6576576576576577
GF_01639,100,55,94,6,18,0.94
GF_01640,75,75,70,5,23,0.9333333333333333
GF_01641,126,126,74,52,30,0.5873015873015873
GF_01642,73,73,69,4,21,0.9452054794520548
GF_01643,81,81,73,8,28,0.9012345679012346
GF_01644,57,57,53,4,18,0.9298245614035088
GF_01645,70,70,64,6,22,0.9142857142857143
GF_01646,65,65,62,3,18,0.9538461538461539
GF_01647,70,70,66,4,20,0.9428571428571428
GF_01648,144,144,53,91,31,0.3680555555555556
GF_01649,60,60,57,3,16,0.95
GF_01650,50,50,50,0,12,1.0
GF_01651,44,44,44,0,12,1.0
GF_01652,83,73,82,1,22,0.9879518072289156
GF_01653,63,63,62,1,16,0.9841269841269841
GF_01654,40,40,38,2,12,0.95
GF_01655,66,66,65,1,16,0.9848484848484849
GF_01656,46,46,46,0,10,1.0
GF_01657,70,70,69,1,18,0.9857142857142858
GF_01658,75,75,72,3,23,0.96
GF_01659,50,49,45,5,17,0.9
GF_01660,42,42,42,0,10,1.0
GF_01661,56,56,42,14,29,0.75
GF_01662,44,44,44,0,11,1.0
GF_01663,68,68,67,1,17,0.9852941176470589
GF_01664,52,52,51,1,12,0.9807692307692307
GF_01665,58,58,57,1,14,0.9827586206896551
GF_01666,68,68,67,1,17,0.9852941176470589
GF_01667,72,72,69,3,20,0.9583333333333334
GF_01668,45,45,45,0,9,1.0
GF_01669,68,68,67,1,17,0.9852941176470589
GF_01670,70,70,67,3,19,0.9571428571428572
GF_01671,55,55,55,0,13,1.0
GF_01672,76,76,68,8,24,0.8947368421052632
GF_01673,109,109,63,46,30,0.5779816513761468
GF_01674,114,114,74,40,34,0.6491228070175439
GF_01675,62,62,51,11,23,0.8225806451612904
GF_01676,89,89,51,38,38,0.5730337078651685
GF_01677,295,295,99,196,65,0.33559322033898303
GF_01678,77,77,18,59,19,0.23376623376623376
GF_01679,127,127,92,35,47,0.7244094488188977
GF_01680,52,52,21,31,23,0.40384615384615385
GF_01681,40,40,30,10,15,0.75
GF_01682,74,74,69,5,23,0.9324324324324325
GF_01683,107,107,68,39,27,0.6355140186915887
GF_01684,87,87,60,27,35,0.6896551724137931
GF_01685,60,60,21,39,24,0.35
GF_01686,40,40,39,1,14,0.975
GF_01687,79,79,74,5,24,0.9367088607594937
GF_01688,58,58,46,12,20,0.7931034482758621
GF_01689,104,104,28,76,21,0.2692307692307692
GF_01690,161,161,87,74,55,0.5403726708074534
GF_01691,61,61,10,51,15,0.16393442622950818
GF_01692,49,47,31,18,27,0.6326530612244898
GF_01693,175,174,86,89,47,0.49142857142857144
GF_01694,80,80,0,80,4,0.0
GF_01695,153,153,0,153,4,0.0
GF_01696,100,100,0,100,4,0.0
GF_01697,153,153,0,153,4,0.0
GF_01698,41,41,0,41,2,0.0
GF_01699,85,85,0,85,4,0.0
GF_01700,109,109,0,109,4,0.0
GF_01701,40,40,0,40,2,0.0
GF_01702,55,55,0,55,2,0.0
GF_01703,54,54,0,54,2,0.0
GF_01704,42,42,0,42,2,0.0
GF_01705,84,84,0,84,3,0.0
GF_01706,153,153,0,153,4,0.0
GF_01707,128,128,0,128,4,0.0
GF_01708,98,98,0,98,3,0.0
GF_01709,43,43,0,43,2,0.0
GF_01710,56,56,0,56,3,0.0
GF_01711,72,72,0,72,2,0.0
GF_01712,70,70,0,70,3,0.0
GF_01713,45,45,0,45,2,0.0
GF_01714,71,71,0,71,3,0.0
GF_01715,57,57,0,57,3,0.0
GF_01716,108,108,0,108,4,0.0
GF_01717,125,125,0,125,4,0.0
GF_01718,76,76,0,76,2,0.0
GF_01719,51,51,0,51,2,0.0
GF_01720,54,54,0,54,4,0.0
GF_01721,53,53,0,53,2,0.0
GF_01722,101,101,0,101,4,0.0
GF_01723,72,72,0,72,2,0.0
GF_01724,93,93,0,93,4,0.0
GF_01725,137,137,0,137,4,0.0
GF_01726,50,50,0,50,2,0.0
GF_01727,153,153,0,153,4,0.0
GF_01728,53,53,0,53,2,0.0
GF_01729,82,82,0,82,2,0.0
GF_01730,53,53,0,53,2,0.0
GF_01731,73,73,0,73,2,0.0
GF_01732,76,76,14,62,12,0.18421052631578946
GF_01733,81,81,14,67,26,0.1728395061728395
GF_01734,81,81,14,67,21,0.1728395061728395
GF_01735,86,86,18,68,22,0.20930232558139536
GF_01736,84,84,17,67,22,0.20238095238095238
GF_01737,49,49,5,44,10,0.10204081632653061
GF_01738,43,43,1,42,6,0.023255813953488372
GF_01739,168,168,0,168,4,0.0
GF_01740,50,50,45,5,14,0.9
GF_01741,53,53,15,38,23,0.2830188679245283
GF_01742,100,100,75,25,34,0.75
GF_01743,57,57,56,1,13,0.9824561403508771
GF_01744,59,59,58,1,15,0.9830508474576272
GF_01745,100,100,76,24,27,0.76
GF_01746,40,40,39,1,9,0.975
GF_01747,67,67,66,1,17,0.9850746268656716
GF_01748,60,60,59,1,15,0.9833333333333333
GF_01749,68,68,67,1,17,0.9852941176470589
GF_01750,57,57,56,1,13,0.9824561403508771
GF_01751,66,66,65,1,16,0.9848484848484849
GF_01752,70,70,67,3,19,0.9571428571428572
GF_01753,50,50,50,0,11,1.0
GF_01754,45,45,45,0,9,1.0
GF_01755,48,48,47,1,11,0.9791666666666666
GF_01756,55,55,54,1,14,0.9818181818181818
GF_01757,42,42,42,0,9,1.0
GF_01758,61,61,60,1,14,0.9836065573770492
GF_01759,47,47,46,1,11,0.9787234042553191
GF_01760,46,46,46,0,11,1.0
GF_01761,46,46,46,0,11,1.0
GF_01762,65,65,62,3,17,0.9538461538461539
GF_01763,217,217,101,116,60,0.46543778801843316
GF_01764,76,76,70,6,23,0.9210526315789473
GF_01765,48,48,48,0,12,1.0
GF_01766,40,40,40,0,8,1.0
GF_01767,63,63,60,3,19,0.9523809523809523
GF_01768,45,45,45,0,12,1.0
GF_01769,61,61,60,1,15,0.9836065573770492
GF_01770,64,64,58,6,19,0.90625
GF_01771,64,64,63,1,16,0.984375
GF_01772,48,48,47,1,12,0.9791666666666666
GF_01773,40,40,40,0,8,1.0
GF_01774,41,41,40,1,10,0.975609756097561
GF_01775,52,52,51,1,12,0.9807692307692307
GF_01776,57,57,56,1,15,0.9824561403508771
GF_01777,43,43,42,1,13,0.9767441860465116
GF_01778,66,66,65,1,16,0.9848484848484849
GF_01779,53,53,52,1,13,0.9811320754716981
GF_01780,49,49,48,1,11,0.9795918367346939
GF_01781,49,49,48,1,11,0.9795918367346939
GF_01782,61,61,58,3,18,0.9508196721311475
GF_01783,771,405,268,503,70,0.3476005188067445
GF_01784,43,43,0,43,2,0.0
GF_01785,41,41,0,41,3,0.0
GF_01786,97,97,0,97,3,0.0
GF_01787,134,134,0,134,3,0.0
GF_01788,54,54,0,54,2,0.0
GF_01789,53,53,0,53,2,0.0
GF_01790,79,79,0,79,3,0.0
GF_01791,100,100,0,100,4,0.0
GF_01792,102,102,0,102,4,0.0
GF_01793,134,134,0,134,4,0.0
GF_01794,58,58,0,58,2,0.0
GF_01795,153,153,0,153,4,0.0
GF_01796,45,45,2,43,3,0.044444444444444446
GF_01797,48,48,3,45,9,0.0625
GF_01798,47,47,4,43,4,0.0851063829787234
GF_01799,435,421,125,310,73,0.28735632183908044
GF_01800,44,44,1,43,2,0.022727272727272728
GF_01801,56,56,6,50,7,0.10714285714285714
GF_01802,43,43,27,16,16,0.627906976744186
GF_01803,54,54,9,45,8,0.16666666666666666
GF_01804,44,44,1,43,2,0.022727272727272728
GF_01805,57,57,14,43,11,0.24561403508771928
GF_01806,56,56,18,38,23,0.32142857142857145
GF_01807,97,93,74,23,32,0.7628865979381443
GF_01808,70,70,14,56,17,0.2
GF_01809,152,152,86,66,48,0.5657894736842105
GF_01810,91,91,58,33,22,0.6373626373626373
GF_01811,145,145,89,56,45,0.6137931034482759
GF_01812,94,94,80,14,33,0.851063829787234
GF_01813,144,144,86,58,45,0.5972222222222222
GF_01814,46,46,7,39,6,0.15217391304347827
GF_01815,56,56,10,46,13,0.17857142857142858
GF_01816,175,175,85,90,50,0.4857142857142857
GF_01817,75,75,69,6,21,0.92
GF_01818,72,72,21,51,20,0.2916666666666667
GF_01819,106,106,80,26,33,0.7547169811320755
GF_01820,61,61,60,1,16,0.9836065573770492
GF_01821,47,47,47,0,11,1.0
GF_01822,53,53,42,11,23,0.7924528301886793
GF_01823,69,69,60,9,22,0.8695652173913043
GF_01824,67,67,63,4,20,0.9402985074626866
GF_01825,45,45,43,2,14,0.9555555555555556
GF_01826,48,48,48,0,11,1.0
GF_01827,68,68,67,1,17,0.9852941176470589
GF_01828,69,69,66,3,18,0.9565217391304348
GF_01829,68,68,67,1,17,0.9852941176470589
GF_01830,68,68,65,3,19,0.9558823529411765
GF_01831,49,49,49,0,12,1.0
GF_01832,42,42,41,1,9,0.9761904761904762
GF_01833,42,42,41,1,11,0.9761904761904762
GF_01834,121,121,91,30,41,0.7520661157024794
GF_01835,69,69,67,2,18,0.9710144927536232
GF_01836,123,123,69,54,38,0.5609756097560976
GF_01837,83,83,43,40,27,0.5180722891566265
GF_01838,62,62,60,2,17,0.967741935483871
GF_01839,55,55,55,0,14,1.0
GF_01840,89,89,26,63,26,0.29213483146067415
GF_01841,129,129,86,43,45,0.6666666666666666
GF_01842,78,78,69,9,26,0.8846153846153846
GF_01843,49,49,49,0,12,1.0
GF_01844,120,120,87,33,42,0.725
GF_01845,69,69,67,2,18,0.9710144927536232
GF_01846,48,48,48,0,13,1.0
GF_01847,63,63,61,2,19,0.9682539682539683
GF_01848,52,52,52,0,15,1.0
GF_01849,45,45,45,0,10,1.0
GF_01850,91,67,86,5,25,0.945054945054945
GF_01851,49,49,49,0,11,1.0
GF_01852,57,57,56,1,14,0.9824561403508771
GF_01853,52,52,51,1,14,0.9807692307692307
GF_01854,43,43,43,0,12,1.0
GF_01855,54,54,53,1,13,0.9814814814814815
GF_01856,157,157,95,62,54,0.6050955414012739
GF_01857,40,40,37,3,12,0.925
GF_01858,68,68,67,1,17,0.9852941176470589
GF_01859,52,52,52,0,12,1.0
GF_01860,133,133,88,45,41,0.6616541353383458
GF_01861,55,55,53,2,16,0.9636363636363636
GF_01862,70,70,67,3,19,0.9571428571428572
GF_01863,57,57,56,1,14,0.9824561403508771
GF_01864,46,46,46,0,11,1.0
GF_01865,45,45,44,1,10,0.9777777777777777
GF_01866,68,68,57,11,21,0.8382352941176471
GF_01867,41,41,40,1,12,0.975609756097561
GF_01868,74,74,69,5,20,0.9324324324324325
GF_01869,68,68,67,1,17,0.9852941176470589
GF_01870,423,421,109,314,75,0.2576832151300236
GF_01871,44,42,44,0,9,1.0
GF_01872,96,96,66,30,22,0.6875
GF_01873,42,42,42,0,10,1.0
GF_01874,55,53,50,5,18,0.9090909090909091
GF_01875,49,49,47,2,14,0.9591836734693877
GF_01876,49,49,48,1,13,0.9795918367346939
GF_01877,41,41,41,0,8,1.0
GF_01878,63,63,60,3,18,0.9523809523809523
GF_01879,60,60,57,3,19,0.95
GF_01880,46,46,46,0,10,1.0
GF_01881,54,53,53,1,12,0.9814814814814815
GF_01882,73,71,72,1,19,0.9863013698630136
GF_01883,57,57,55,2,14,0.9649122807017544
GF_01884,40,40,40,0,8,1.0
GF_01885,60,60,49,11,20,0.8166666666666667
GF_01886,43,43,42,1,9,0.9767441860465116
GF_01887,40,40,40,0,7,1.0
GF_01888,67,67,64,3,18,0.9552238805970149
GF_01889,69,69,66,3,19,0.9565217391304348
GF_01890,46,46,46,0,10,1.0
GF_01891,66,66,65,1,17,0.9848484848484849
GF_01892,45,45,44,1,9,0.9777777777777777
GF_01893,41,41,41,0,8,1.0
GF_01894,57,57,56,1,13,0.9824561403508771
GF_01895,42,42,42,0,8,1.0
GF_01896,40,40,1,39,7,0.025
GF_01897,92,83,60,32,18,0.6521739130434783
GF_01898,116,116,58,58,33,0.5
GF_01899,426,426,112,314,75,0.26291079812206575
GF_01900,339,339,105,234,69,0.30973451327433627
GF_01901,49,49,9,40,9,0.1836734693877551
GF_01902,90,90,33,57,24,0.36666666666666664
GF_01903,43,43,3,40,11,0.06976744186046512
GF_01904,327,274,155,172,68,0.4740061162079511
GF_01905,43,43,42,1,13,0.9767441860465116
GF_01906,58,58,57,1,16,0.9827586206896551
GF_01907,60,60,59,1,14,0.9833333333333333
GF_01908,52,52,51,1,12,0.9807692307692307
GF_01909,52,52,51,1,12,0.9807692307692307
GF_01910,57,57,56,1,13,0.9824561403508771
GF_01911,50,50,50,0,13,1.0
GF_01912,45,45,44,1,11,0.9777777777777777
GF_01913,43,43,43,0,10,1.0
GF_01914,68,68,67,1,17,0.9852941176470589
GF_01915,60,60,59,1,13,0.9833333333333333
GF_01916,44,44,43,1,11,0.9772727272727273
GF_01917,60,60,59,1,15,0.9833333333333333
GF_01918,68,68,65,3,18,0.9558823529411765
GF_01919,64,64,52,12,21,0.8125
GF_01920,46,46,46,0,11,1.0
GF_01921,57,57,44,13,18,0.7719298245614035
GF_01922,73,69,72,1,18,0.9863013698630136
GF_01923,42,42,5,37,9,0.11904761904761904
GF_01924,48,46,48,0,16,1.0
GF_01925,69,69,13,56,16,0.18840579710144928
GF_01926,247,247,100,147,67,0.4048582995951417
GF_01927,78,78,25,53,27,0.32051282051282054
GF_01928,129,129,27,102,34,0.20930232558139536
GF_01929,83,83,14,69,22,0.1686746987951807
GF_01930,148,148,84,64,40,0.5675675675675675
GF_01931,46,46,0,46,2,0.0
GF_01932,48,48,0,48,4,0.0
GF_01933,79,79,0,79,4,0.0
GF_01934,58,58,0,58,3,0.0
GF_01935,108,108,0,108,4,0.0
GF_01936,153,153,0,153,4,0.0
GF_01937,41,41,0,41,2,0.0
GF_01938,53,53,0,53,2,0.0
GF_01939,51,51,0,51,2,0.0
GF_01940,109,109,0,109,4,0.0
GF_01941,63,63,0,63,4,0.0
GF_01942,53,53,0,53,2,0.0
GF_01943,96,96,0,96,3,0.0
GF_01944,167,167,0,167,4,0.0
GF_01945,427,426,113,314,75,0.2646370023419204
GF_01946,154,154,1,153,5,0.006493506493506494
GF_01947,45,45,0,45,2,0.0
GF_01948,55,55,0,55,2,0.0
GF_01949,55,55,0,55,2,0.0
GF_01950,68,68,0,68,2,0.0
GF_01951,153,153,0,153,4,0.0
GF_01952,50,50,0,50,2,0.0
GF_01953,124,124,0,124,4,0.0
GF_01954,41,41,0,41,3,0.0
GF_01955,88,69,0,88,3,0.0
GF_01956,71,71,0,71,3,0.0
GF_01957,136,136,0,136,4,0.0
GF_01958,73,73,0,73,3,0.0
GF_01959,46,46,0,46,3,0.0
GF_01960,146,146,0,146,4,0.0
GF_01961,45,45,0,45,2,0.0
GF_01962,96,96,0,96,4,0.0
GF_01963,70,70,0,70,3,0.0
GF_01964,54,54,0,54,2,0.0
GF_01965,82,82,0,82,4,0.0
GF_01966,50,50,0,50,3,0.0
GF_01967,44,44,0,44,2,0.0
GF_01968,75,75,0,75,4,0.0
GF_01969,69,69,0,69,3,0.0
GF_01970,52,52,0,52,2,0.0
GF_01971,93,93,0,93,4,0.0
GF_01972,48,48,0,48,2,0.0
GF_01973,68,68,0,68,3,0.0
GF_01974,71,71,0,71,3,0.0
GF_01975,49,49,0,49,2,0.0
GF_01976,75,75,0,75,3,0.0
GF_01977,154,153,0,154,4,0.0
GF_01978,91,91,0,91,3,0.0
GF_01979,72,72,0,72,4,0.0
GF_01980,107,107,0,107,4,0.0
GF_01981,61,61,0,61,4,0.0
GF_01982,83,83,0,83,4,0.0
GF_01983,45,45,0,45,2,0.0
GF_01984,108,108,0,108,4,0.0
GF_01985,81,81,0,81,3,0.0
GF_01986,46,46,0,46,1,0.0
GF_01987,45,42,0,45,2,0.0
GF_01988,105,105,0,105,4,0.0
GF_01989,44,44,0,44,2,0.0
GF_01990,50,50,0,50,2,0.0
GF_01991,42,42,0,42,2,0.0
GF_01992,72,72,0,72,4,0.0
GF_01993,65,65,0,65,4,0.0
GF_01994,49,49,0,49,2,0.0
GF_01995,43,41,0,43,1,0.0
GF_01996,50,50,0,50,2,0.0
GF_01997,55,55,0,55,2,0.0
GF_01998,126,126,0,126,3,0.0
GF_01999,125,125,0,125,4,0.0
GF_02000,66,66,0,66,3,0.0
GF_02001,153,153,0,153,4,0.0
GF_02002,144,143,0,144,4,0.0
GF_02003,71,71,0,71,2,0.0
GF_02004,101,95,0,101,4,0.0
GF_02005,105,105,0,105,4,0.0
GF_02006,43,43,0,43,2,0.0
GF_02007,43,43,0,43,2,0.0
GF_02008,97,97,0,97,4,0.0
GF_02009,48,48,0,48,2,0.0
GF_02010,124,124,0,124,3,0.0
GF_02011,149,149,0,149,4,0.0
GF_02012,153,153,0,153,4,0.0
GF_02013,50,50,0,50,3,0.0
GF_02014,129,129,0,129,4,0.0
GF_02015,49,49,0,49,2,0.0
GF_02016,97,91,0,97,4,0.0
GF_02017,60,60,0,60,3,0.0
GF_02018,93,93,0,93,4,0.0
GF_02019,115,115,0,115,4,0.0
GF_02020,129,129,0,129,3,0.0
GF_02021,47,47,0,47,3,0.0
GF_02022,153,153,0,153,4,0.0
GF_02023,153,153,0,153,4,0.0
GF_02024,43,43,0,43,2,0.0
GF_02025,73,73,0,73,2,0.0
GF_02026,89,89,0,89,2,0.0
GF_02027,153,153,0,153,4,0.0
GF_02028,53,53,0,53,2,0.0
GF_02029,47,47,0,47,2,0.0
GF_02030,82,45,0,82,2,0.0
GF_02031,125,125,0,125,3,0.0
GF_02032,67,67,0,67,4,0.0
GF_02033,40,40,0,40,2,0.0
GF_02034,41,41,0,41,2,0.0
GF_02035,74,74,0,74,3,0.0
GF_02036,47,47,0,47,2,0.0
GF_02037,107,107,0,107,4,0.0
GF_02038,125,125,0,125,4,0.0
GF_02039,69,69,0,69,3,0.0
GF_02040,52,52,0,52,2,0.0
GF_02041,214,214,29,185,26,0.13551401869158877
GF_02042,53,53,0,53,2,0.0
GF_02043,50,50,0,50,2,0.0
GF_02044,61,61,0,61,2,0.0
GF_02045,103,98,0,103,4,0.0
GF_02046,63,63,0,63,3,0.0
GF_02047,58,58,0,58,3,0.0
GF_02048,72,70,0,72,3,0.0
GF_02049,44,44,0,44,2,0.0
GF_02050,49,49,0,49,2,0.0
GF_02051,43,43,0,43,1,0.0
GF_02052,42,42,0,42,1,0.0
GF_02053,58,58,0,58,2,0.0
GF_02054,42,42,0,42,2,0.0
GF_02055,98,98,0,98,4,0.0
GF_02056,67,67,0,67,3,0.0
GF_02057,51,51,0,51,2,0.0
GF_02058,87,87,0,87,4,0.0
GF_02059,52,51,46,6,18,0.8846153846153846
GF_02060,47,45,27,20,15,0.574468085106383
GF_02061,63,63,0,63,2,0.0
GF_02062,46,46,0,46,2,0.0
GF_02063,53,53,0,53,2,0.0
GF_02064,42,42,0,42,3,0.0
GF_02065,102,102,0,102,4,0.0
GF_02066,85,85,0,85,4,0.0
GF_02067,153,153,0,153,4,0.0
GF_02068,67,67,0,67,3,0.0
GF_02069,110,110,76,34,27,0.6909090909090909
GF_02070,147,147,34,113,37,0.23129251700680273
GF_02071,107,107,88,19,41,0.822429906542056
GF_02072,41,41,12,29,22,0.2926829268292683
GF_02073,57,52,6,51,10,0.10526315789473684
GF_02074,54,54,47,7,18,0.8703703703703703
GF_02075,225,225,96,129,64,0.4266666666666667
GF_02076,60,60,8,52,9,0.13333333333333333
GF_02077,53,53,53,0,12,1.0
GF_02078,48,47,47,1,11,0.9791666666666666
GF_02079,47,46,47,0,11,1.0
GF_02080,44,44,44,0,11,1.0
GF_02081,74,74,67,7,24,0.9054054054054054
GF_02082,54,54,54,0,15,1.0
GF_02083,47,47,46,1,10,0.9787234042553191
GF_02084,51,51,11,40,14,0.21568627450980393
GF_02085,53,53,10,43,9,0.18867924528301888
GF_02086,41,41,4,37,10,0.0975609756097561
GF_02087,63,63,58,5,21,0.9206349206349206
GF_02088,43,43,6,37,15,0.13953488372093023
GF_02089,228,228,98,130,60,0.4298245614035088
GF_02090,72,72,68,4,21,0.9444444444444444
GF_02091,120,117,84,36,35,0.7
GF_02092,92,92,27,65,29,0.29347826086956524
GF_02093,111,111,86,25,37,0.7747747747747747
GF_02094,65,65,26,39,18,0.4
GF_02095,57,57,56,1,13,0.9824561403508771
GF_02096,42,42,41,1,12,0.9761904761904762
GF_02097,57,57,56,1,13,0.9824561403508771
GF_02098,59,59,58,1,15,0.9830508474576272
GF_02099,57,57,56,1,13,0.9824561403508771
GF_02100,44,44,44,0,9,1.0
GF_02101,90,90,76,14,29,0.8444444444444444
GF_02102,66,65,65,1,15,0.9848484848484849
GF_02103,57,57,56,1,15,0.9824561403508771
GF_02104,67,67,66,1,16,0.9850746268656716
GF_02105,57,57,56,1,14,0.9824561403508771
GF_02106,62,62,61,1,16,0.9838709677419355
GF_02107,54,54,53,1,13,0.9814814814814815
GF_02108,61,61,59,2,16,0.9672131147540983
GF_02109,66,42,60,6,12,0.9090909090909091
GF_02110,89,88,74,15,28,0.8314606741573034
GF_02111,68,68,64,4,21,0.9411764705882353
GF_02112,45,45,45,0,10,1.0
GF_02113,86,86,68,18,21,0.7906976744186046
GF_02114,41,41,41,0,14,1.0
GF_02115,45,45,44,1,16,0.9777777777777777
GF_02116,51,51,51,0,11,1.0
GF_02117,43,43,42,1,10,0.9767441860465116
GF_02118,42,42,42,0,10,1.0
GF_02119,62,62,61,1,16,0.9838709677419355
GF_02120,61,61,58,3,16,0.9508196721311475
GF_02121,60,60,59,1,13,0.9833333333333333
GF_02122,49,49,30,19,27,0.6122448979591837
GF_02123,51,51,50,1,10,0.9803921568627451
GF_02124,57,57,56,1,15,0.9824561403508771
GF_02125,53,53,53,0,14,1.0
GF_02126,50,50,50,0,13,1.0
GF_02127,52,52,51,1,11,0.9807692307692307
GF_02128,52,52,51,1,12,0.9807692307692307
GF_02129,40,40,40,0,10,1.0
GF_02130,232,232,108,124,67,0.46551724137931033
GF_02131,161,161,88,73,43,0.546583850931677
GF_02132,89,75,10,79,12,0.11235955056179775
GF_02133,44,44,1,43,2,0.022727272727272728
GF_02134,61,61,4,57,8,0.06557377049180328
GF_02135,44,44,1,43,2,0.022727272727272728
GF_02136,260,259,107,153,68,0.4115384615384615
GF_02137,61,61,14,47,12,0.22950819672131148
GF_02138,49,49,12,37,10,0.24489795918367346
GF_02139,56,56,23,33,19,0.4107142857142857
GF_02140,71,71,19,52,25,0.2676056338028169
GF_02141,98,98,76,22,29,0.7755102040816326
GF_02142,63,63,19,44,10,0.30158730158730157
GF_02143,106,106,75,31,29,0.7075471698113207
GF_02144,46,46,1,45,5,0.021739130434782608
GF_02145,300,300,101,199,63,0.33666666666666667
GF_02146,81,81,0,81,3,0.0
GF_02147,161,161,5,156,7,0.031055900621118012
GF_02148,94,94,0,94,4,0.0
GF_02149,99,99,0,99,4,0.0
GF_02150,50,50,50,0,13,1.0
GF_02151,67,67,66,1,17,0.9850746268656716
GF_02152,162,162,70,92,49,0.43209876543209874
GF_02153,65,65,64,1,16,0.9846153846153847
GF_02154,49,49,48,1,12,0.9795918367346939
GF_02155,54,54,51,3,15,0.9444444444444444
GF_02156,63,63,62,1,16,0.9841269841269841
GF_02157,169,169,89,80,47,0.5266272189349113
GF_02158,75,75,65,10,27,0.8666666666666667
GF_02159,65,65,56,9,21,0.8615384615384616
GF_02160,41,41,41,0,8,1.0
GF_02161,55,55,55,0,14,1.0
GF_02162,40,40,40,0,8,1.0
GF_02163,49,49,48,1,9,0.9795918367346939
GF_02164,44,44,44,0,10,1.0
GF_02165,66,66,63,3,19,0.9545454545454546
GF_02166,49,49,49,0,12,1.0
GF_02167,65,65,61,4,19,0.9384615384615385
GF_02168,41,41,37,4,11,0.9024390243902439
GF_02169,69,69,66,3,20,0.9565217391304348
GF_02170,63,63,62,1,16,0.9841269841269841
GF_02171,43,43,43,0,10,1.0
GF_02172,124,114,61,63,38,0.49193548387096775
GF_02173,44,44,44,0,10,1.0
GF_02174,52,52,51,1,14,0.9807692307692307
GF_02175,50,50,50,0,12,1.0
GF_02176,46,46,46,0,11,1.0
GF_02177,58,58,58,0,16,1.0
GF_02178,87,87,68,19,32,0.7816091954022989
GF_02179,56,56,55,1,14,0.9821428571428571
GF_02180,142,142,87,55,42,0.6126760563380281
GF_02181,43,43,42,1,10,0.9767441860465116
GF_02182,53,53,53,0,15,1.0
GF_02183,52,52,52,0,14,1.0
GF_02184,53,49,34,19,23,0.6415094339622641
GF_02185,68,68,67,1,18,0.9852941176470589
GF_02186,62,62,61,1,16,0.9838709677419355
GF_02187,40,40,40,0,9,1.0
GF_02188,42,42,41,1,12,0.9761904761904762
GF_02189,69,69,66,3,19,0.9565217391304348
GF_02190,42,42,42,0,9,1.0
GF_02191,41,41,41,0,9,1.0
GF_02192,81,81,74,7,26,0.9135802469135802
GF_02193,48,48,48,0,11,1.0
GF_02194,60,59,54,6,19,0.9
GF_02195,75,75,0,75,3,0.0
GF_02196,106,106,0,106,4,0.0
GF_02197,55,55,0,55,2,0.0
GF_02198,96,96,0,96,4,0.0
GF_02199,123,123,0,123,4,0.0
GF_02200,119,119,0,119,4,0.0
GF_02201,94,94,0,94,4,0.0
GF_02202,89,89,0,89,4,0.0
GF_02203,106,106,0,106,4,0.0
GF_02204,58,58,0,58,3,0.0
GF_02205,87,86,0,87,4,0.0
GF_02206,153,153,0,153,4,0.0
GF_02207,46,46,0,46,2,0.0
GF_02208,150,150,0,150,4,0.0
GF_02209,126,125,0,126,4,0.0
GF_02210,147,147,0,147,4,0.0
GF_02211,144,144,0,144,4,0.0
GF_02212,100,100,0,100,4,0.0
GF_02213,82,82,0,82,4,0.0
GF_02214,76,76,0,76,4,0.0
GF_02215,55,55,49,6,11,0.8909090909090909
GF_02216,67,66,35,32,22,0.5223880597014925
GF_02217,83,83,65,18,28,0.7831325301204819
GF_02218,179,178,89,90,53,0.4972067039106145
GF_02219,66,66,13,53,16,0.19696969696969696
GF_02220,144,144,77,67,38,0.5347222222222222
GF_02221,85,85,84,1,29,0.9882352941176471
GF_02222,78,78,69,9,22,0.8846153846153846
GF_02223,255,255,103,152,67,0.403921568627451
GF_02224,77,77,61,16,22,0.7922077922077922
GF_02225,83,83,14,69,20,0.1686746987951807
GF_02226,55,53,29,26,28,0.5272727272727272
GF_02227,263,263,109,154,66,0.4144486692015209
GF_02228,57,56,12,45,18,0.21052631578947367
GF_02229,71,71,10,61,17,0.14084507042253522
GF_02230,83,83,57,26,29,0.6867469879518072
GF_02231,121,121,0,121,4,0.0
GF_02232,153,153,0,153,4,0.0
GF_02233,94,94,0,94,4,0.0
GF_02234,107,107,0,107,4,0.0
GF_02235,125,125,0,125,4,0.0
GF_02236,54,54,0,54,4,0.0
GF_02237,60,60,0,60,3,0.0
GF_02238,91,91,0,91,3,0.0
GF_02239,124,120,7,117,16,0.056451612903225805
GF_02240,75,75,0,75,4,0.0
GF_02241,239,239,13,226,26,0.05439330543933055
GF_02242,97,97,0,97,4,0.0
GF_02243,90,90,0,90,4,0.0
GF_02244,153,153,0,153,4,0.0
GF_02245,90,90,0,90,4,0.0
GF_02246,69,69,0,69,4,0.0
GF_02247,97,97,0,97,4,0.0
GF_02248,92,92,0,92,4,0.0
GF_02249,84,84,5,79,9,0.05952380952380952
GF_02250,47,47,0,47,3,0.0
GF_02251,124,124,0,124,4,0.0
GF_02252,153,153,0,153,4,0.0
GF_02253,71,71,0,71,3,0.0
GF_02254,100,100,0,100,4,0.0
GF_02255,149,149,0,149,4,0.0
GF_02256,123,123,0,123,4,0.0
GF_02257,153,153,0,153,4,0.0
GF_02258,83,83,0,83,4,0.0
GF_02259,55,55,0,55,3,0.0
GF_02260,71,71,21,50,19,0.29577464788732394
GF_02261,63,63,55,8,24,0.873015873015873
GF_02262,356,347,104,252,64,0.29213483146067415
GF_02263,185,185,96,89,53,0.518918918918919
GF_02264,247,247,100,147,63,0.4048582995951417
GF_02265,57,57,5,52,19,0.08771929824561403
GF_02266,183,183,97,86,59,0.5300546448087432
GF_02267,151,151,0,151,4,0.0
GF_02268,81,81,0,81,4,0.0
GF_02269,102,100,0,102,4,0.0
GF_02270,76,76,0,76,3,0.0
GF_02271,75,75,0,75,3,0.0
GF_02272,122,122,0,122,4,0.0
GF_02273,153,153,0,153,4,0.0
GF_02274,97,97,0,97,4,0.0
GF_02275,68,68,0,68,3,0.0
GF_02276,72,72,0,72,4,0.0
GF_02277,58,58,0,58,3,0.0
GF_02278,72,72,0,72,3,0.0
GF_02279,98,98,0,98,4,0.0
GF_02280,76,76,0,76,3,0.0
GF_02281,59,59,0,59,2,0.0
GF_02282,152,152,0,152,4,0.0
GF_02283,108,108,0,108,4,0.0
GF_02284,170,170,1,169,6,0.0058823529411764705
GF_02285,51,51,0,51,2,0.0
