scenario,fold,assembly_accession,stored_genus,audit_group,y_true
official_genus_resolved422,1,GCF_000010625.1,Microcystis,1125,0
official_genus_resolved422,1,GCF_000196515.1,'Nostoc,264688,1
official_genus_resolved422,1,GCF_000204075.1,Trichormus,264688,1
official_genus_resolved422,1,GCF_000317475.1,Phormidium,1198,0
official_genus_resolved422,1,GCF_000317495.1,Crinalium,241421,0
official_genus_resolved422,1,GCF_000317515.1,Allocoleopsis,2886347,1
official_genus_resolved422,1,GCF_000317615.1,Dactylococcopsis,13034,0
official_genus_resolved422,1,GCF_000981785.1,Microcystis,1125,0
official_genus_resolved422,1,GCF_000981785.2,Microcystis,1125,0
official_genus_resolved422,1,GCF_001264245.1,Microcystis,1125,0
official_genus_resolved422,1,GCF_001704955.1,Microcystis,1125,0
official_genus_resolved422,1,GCF_001704955.2,Microcystis,1125,0
official_genus_resolved422,1,GCF_001767235.1,Moorena,1155738,0
official_genus_resolved422,1,GCF_001854205.2,Moorena,1155738,0
official_genus_resolved422,1,GCF_002095975.1,Microcystis,1125,0
official_genus_resolved422,1,GCF_003019735.1,Microcystis,1125,0
official_genus_resolved422,1,GCF_003945305.1,Microcystis,1125,0
official_genus_resolved422,1,GCF_003990665.1,Thermostichus,2881385,0
official_genus_resolved422,1,GCF_007904085.1,Euhalothece,65097,1
official_genus_resolved422,1,GCF_009792235.1,Microcystis,1125,0
official_genus_resolved422,1,GCF_009856605.1,Trichormus,264688,1
official_genus_resolved422,1,GCF_010196425.1,Microcystis,1125,0
official_genus_resolved422,1,GCF_012516315.1,Limnospira,2596745,0
official_genus_resolved422,1,GCF_014489415.1,Cylindrospermopsis,244599,1
official_genus_resolved422,1,GCF_016446395.1,[Phormidium],2023214,0
official_genus_resolved422,1,GCF_019056575.1,Richelia,98443,1
official_genus_resolved422,1,GCF_019704275.1,Microcystis,1125,0
official_genus_resolved422,1,GCF_020091585.1,Kovacikia,1874526,0
official_genus_resolved422,1,GCF_021172085.1,Microcystis,1125,0
official_genus_resolved422,1,GCF_025200965.1,Limnospira,2596745,0
official_genus_resolved422,1,GCF_026000695.1,Limnospira,2596745,0
official_genus_resolved422,1,GCF_026222535.1,Microcystis,1125,0
official_genus_resolved422,1,GCF_030553035.1,Microcystis,1125,0
official_genus_resolved422,1,GCF_031754835.1,Microcystis,1125,0
official_genus_resolved422,1,GCF_038050375.1,Okeanomitos,3231549,1
official_genus_resolved422,1,GCF_038396575.1,Microcystis,1125,0
official_genus_resolved422,1,GCF_041506625.1,Microcystis,1125,0
official_genus_resolved422,1,GCF_048593405.1,Microcystis,1125,0
official_genus_resolved422,1,GCF_048820285.1,Microcystis,1125,0
official_genus_resolved422,1,GCF_050500235.1,Microcystis,1125,0
official_genus_resolved422,1,GCF_050500245.1,Microcystis,1125,0
official_genus_resolved422,1,GCF_050500255.1,Microcystis,1125,0
official_genus_resolved422,1,GCF_050711215.1,Microcystis,1125,0
official_genus_resolved422,1,GCF_976987195.1,Microcystis,1125,0
official_genus_resolved422,2,GCF_000007925.1,Prochlorococcus,1218,0
official_genus_resolved422,2,GCF_000009725.1,Synechocystis,1142,0
official_genus_resolved422,2,GCF_000011345.1,Thermosynechococcus,146785,0
official_genus_resolved422,2,GCF_000011465.1,Prochlorococcus,1218,0
official_genus_resolved422,2,GCF_000011485.1,Prochlorococcus,1218,0
official_genus_resolved422,2,GCF_000012465.1,Prochlorococcus,1218,0
official_genus_resolved422,2,GCF_000012645.1,Prochlorococcus,1218,0
official_genus_resolved422,2,GCF_000015645.1,Prochlorococcus,1218,0
official_genus_resolved422,2,GCF_000015665.1,Prochlorococcus,1218,0
official_genus_resolved422,2,GCF_000015685.1,Prochlorococcus,1218,0
official_genus_resolved422,2,GCF_000015705.1,Prochlorococcus,1218,0
official_genus_resolved422,2,GCF_000015965.1,Prochlorococcus,1218,0
official_genus_resolved422,2,GCF_000018065.1,Prochlorococcus,1218,0
official_genus_resolved422,2,GCF_000195975.1,Parasynechococcus,2881427,0
official_genus_resolved422,2,GCF_000270265.1,Synechocystis,1142,0
official_genus_resolved422,2,GCF_000284135.1,Synechocystis,1142,0
official_genus_resolved422,2,GCF_000284215.1,Synechocystis,1142,0
official_genus_resolved422,2,GCF_000284455.1,Synechocystis,1142,0
official_genus_resolved422,2,GCF_000317085.1,Synechococcus,3687896,0
official_genus_resolved422,2,GCF_000317125.1,Chroococcidiopsis,54298,1
official_genus_resolved422,2,GCF_000317635.1,Halothece,76023,1
official_genus_resolved422,2,GCF_000317655.1,Cyanobacterium,102234,0
official_genus_resolved422,2,GCF_000317675.1,Cyanobacterium,102234,0
official_genus_resolved422,2,GCF_000340785.1,Synechocystis,1142,0
official_genus_resolved422,2,GCF_000478825.2,Synechocystis,1142,0
official_genus_resolved422,2,GCF_000757845.1,Prochlorococcus,1218,0
official_genus_resolved422,2,GCF_000757865.1,Prochlorococcus,1218,0
official_genus_resolved422,2,GCF_001318385.1,Synechocystis,1142,0
official_genus_resolved422,2,GCF_001747005.2,Cyanobacterium,102234,0
official_genus_resolved422,2,GCF_002813895.1,Cyanobacterium,102234,0
official_genus_resolved422,2,GCF_003015225.1,Synechocystis,1142,0
official_genus_resolved422,2,GCF_003555505.1,Thermosynechococcus,146785,0
official_genus_resolved422,2,GCF_008386235.1,Thermosynechococcus,146785,0
official_genus_resolved422,2,GCF_011769525.1,Tolypothrix,111782,1
official_genus_resolved422,2,GCF_017086385.1,Thermosynechococcus,146785,0
official_genus_resolved422,2,GCF_018282115.1,Synechocystis,1142,0
official_genus_resolved422,2,GCF_018845095.1,Synechocystis,1142,0
official_genus_resolved422,2,GCF_019891175.1,Leptothermofonsia,2917830,1
official_genus_resolved422,2,GCF_019924095.1,Synechocystis,1142,0
official_genus_resolved422,2,GCF_021379005.1,Leptodesmis,2664261,1
official_genus_resolved422,2,GCF_022869765.1,Synechocystis,1142,0
official_genus_resolved422,2,GCF_023546805.1,Chroococcidiopsis,54298,1
official_genus_resolved422,2,GCF_023650955.1,Thermosynechococcus,146785,0
official_genus_resolved422,2,GCF_023983615.1,Phormidium,2219504,1
official_genus_resolved422,2,GCF_025677855.1,Tolypothrix,111782,1
official_genus_resolved422,2,GCF_025860405.1,Tolypothrix,111782,1
official_genus_resolved422,2,GCF_025999095.1,Thermosynechococcus,146785,0
official_genus_resolved422,2,GCF_026802175.1,Thermocoleostomius,3065395,1
official_genus_resolved422,2,GCF_027359355.1,Prochlorococcus,1218,0
official_genus_resolved422,2,GCF_027359375.1,Prochlorococcus,1218,0
official_genus_resolved422,2,GCF_027359395.1,Prochlorococcus,1218,0
official_genus_resolved422,2,GCF_027359415.1,Prochlorococcus,1218,0
official_genus_resolved422,2,GCF_027359475.1,Prochlorococcus,1218,0
official_genus_resolved422,2,GCF_027359525.1,Prochlorococcus,1218,0
official_genus_resolved422,2,GCF_027359575.1,Prochlorococcus,1218,0
official_genus_resolved422,2,GCF_027359595.1,Prochlorococcus,1218,0
official_genus_resolved422,2,GCF_030322965.1,Thermosynechococcus,146785,0
official_genus_resolved422,2,GCF_030322985.1,Thermosynechococcus,146785,0
official_genus_resolved422,2,GCF_030323045.1,Thermosynechococcus,146785,0
official_genus_resolved422,2,GCF_030518695.1,Thermosynechococcus,146785,0
official_genus_resolved422,2,GCF_030518715.1,Thermosynechococcus,146785,0
official_genus_resolved422,2,GCF_030518735.1,Thermosynechococcus,146785,0
official_genus_resolved422,2,GCF_031583185.1,Thermosynechococcus,146785,0
official_genus_resolved422,2,GCF_031583205.1,Thermosynechococcus,146785,0
official_genus_resolved422,2,GCF_031583225.1,Thermosynechococcus,146785,0
official_genus_resolved422,2,GCF_031583255.1,Thermosynechococcus,146785,0
official_genus_resolved422,2,GCF_031583295.1,Thermosynechococcus,146785,0
official_genus_resolved422,2,GCF_031583315.1,Thermosynechococcus,146785,0
official_genus_resolved422,2,GCF_031583335.1,Thermosynechococcus,146785,0
official_genus_resolved422,2,GCF_031583355.1,Thermosynechococcus,146785,0
official_genus_resolved422,2,GCF_031583375.1,Thermosynechococcus,146785,0
official_genus_resolved422,2,GCF_031583395.1,Thermosynechococcus,146785,0
official_genus_resolved422,2,GCF_031583415.1,Thermosynechococcus,146785,0
official_genus_resolved422,2,GCF_031583435.1,Thermosynechococcus,146785,0
official_genus_resolved422,2,GCF_031583455.1,Thermosynechococcus,146785,0
official_genus_resolved422,2,GCF_031583475.1,Thermosynechococcus,146785,0
official_genus_resolved422,2,GCF_031583495.1,Thermosynechococcus,146785,0
official_genus_resolved422,2,GCF_031583515.1,Thermosynechococcus,146785,0
official_genus_resolved422,2,GCF_031583535.1,Thermosynechococcus,146785,0
official_genus_resolved422,2,GCF_031583555.1,Thermosynechococcus,146785,0
official_genus_resolved422,2,GCF_031586415.1,Thermosynechococcus,146785,0
official_genus_resolved422,2,GCF_033798705.1,Cyanobacterium,102234,0
official_genus_resolved422,2,GCF_034092375.1,Prochlorococcus,1218,0
official_genus_resolved422,2,GCF_034092395.1,Prochlorococcus,1218,0
official_genus_resolved422,2,GCF_034092415.1,Prochlorococcus,1218,0
official_genus_resolved422,2,GCF_034092465.1,Prochlorococcus,1218,0
official_genus_resolved422,2,GCF_034093315.1,Prochlorococcus,1218,0
official_genus_resolved422,2,GCF_035320825.1,Cyanobacterium,102234,0
official_genus_resolved422,2,GCF_036345015.1,Cyanobacterium,102234,1
official_genus_resolved422,2,GCF_038630775.1,Cyanobacterium,102234,0
official_genus_resolved422,2,GCF_040436315.1,Synechocystis,1142,1
official_genus_resolved422,2,GCF_044923475.1,Altericista,2855430,1
official_genus_resolved422,2,GCF_045345185.1,Cyanobacterium,102234,0
official_genus_resolved422,2,GCF_046846445.1,Synechocystis,1142,0
official_genus_resolved422,2,GCF_046847935.1,Synechocystis,1142,0
official_genus_resolved422,2,GCF_046847945.1,Synechocystis,1142,0
official_genus_resolved422,2,GCF_046847955.1,Synechocystis,1142,0
official_genus_resolved422,2,GCF_047302725.1,Prochlorococcus,1218,0
official_genus_resolved422,2,GCF_047302745.1,Prochlorococcus,1218,0
official_genus_resolved422,2,GCF_047302755.1,Prochlorococcus,1218,0
official_genus_resolved422,2,GCF_047302765.1,Prochlorococcus,1218,0
official_genus_resolved422,2,GCF_047302795.1,Prochlorococcus,1218,0
official_genus_resolved422,2,GCF_047302805.1,Prochlorococcus,1218,0
official_genus_resolved422,2,GCF_047302855.1,Prochlorococcus,1218,0
official_genus_resolved422,2,GCF_047302865.1,Prochlorococcus,1218,0
official_genus_resolved422,2,GCF_047302875.1,Prochlorococcus,1218,0
official_genus_resolved422,2,GCF_047302905.1,Prochlorococcus,1218,0
official_genus_resolved422,2,GCF_047302975.1,Prochlorococcus,1218,0
official_genus_resolved422,2,GCF_047302985.1,Prochlorococcus,1218,0
official_genus_resolved422,2,GCF_047303155.1,Prochlorococcus,1218,0
official_genus_resolved422,2,GCF_047303165.1,Prochlorococcus,1218,0
official_genus_resolved422,2,GCF_047303175.1,Prochlorococcus,1218,0
official_genus_resolved422,2,GCF_047303345.1,Prochlorococcus,1218,0
official_genus_resolved422,2,GCF_047303415.1,Prochlorococcus,1218,0
official_genus_resolved422,2,GCF_047303465.1,Prochlorococcus,1218,0
official_genus_resolved422,2,GCF_047303495.1,Prochlorococcus,1218,0
official_genus_resolved422,2,GCF_047303505.1,Prochlorococcus,1218,0
official_genus_resolved422,2,GCF_047303555.1,Prochlorococcus,1218,0
official_genus_resolved422,2,GCF_047304495.1,Prochlorococcus,1218,0
official_genus_resolved422,2,GCF_047304505.1,Prochlorococcus,1218,0
official_genus_resolved422,2,GCF_047304515.1,Prochlorococcus,1218,0
official_genus_resolved422,2,GCF_047304525.1,Prochlorococcus,1218,0
official_genus_resolved422,2,GCF_047304535.1,Prochlorococcus,1218,0
official_genus_resolved422,2,GCF_047304605.1,Prochlorococcus,1218,0
official_genus_resolved422,2,GCF_047304615.1,Prochlorococcus,1218,0
official_genus_resolved422,2,GCF_047304625.1,Prochlorococcus,1218,0
official_genus_resolved422,2,GCF_047304675.1,Prochlorococcus,1218,0
official_genus_resolved422,2,GCF_047304685.1,Prochlorococcus,1218,0
official_genus_resolved422,2,GCF_047304785.1,Prochlorococcus,1218,0
official_genus_resolved422,2,GCF_047304905.1,Prochlorococcus,1218,0
official_genus_resolved422,2,GCF_047305015.1,Prochlorococcus,1218,0
official_genus_resolved422,2,GCF_047305065.1,Prochlorococcus,1218,0
official_genus_resolved422,2,GCF_047305115.1,Prochlorococcus,1218,0
official_genus_resolved422,2,GCF_047305125.1,Prochlorococcus,1218,0
official_genus_resolved422,2,GCF_047305135.1,Prochlorococcus,1218,0
official_genus_resolved422,2,GCF_047305145.1,Prochlorococcus,1218,0
official_genus_resolved422,2,GCF_047305155.1,Prochlorococcus,1218,0
official_genus_resolved422,2,GCF_047305225.1,Prochlorococcus,1218,0
official_genus_resolved422,2,GCF_047305235.1,Prochlorococcus,1218,0
official_genus_resolved422,2,GCF_047497115.1,Prochlorococcus,1218,0
official_genus_resolved422,2,GCF_047497125.1,Prochlorococcus,1218,0
official_genus_resolved422,2,GCF_047947085.1,Prochlorococcus,1218,0
official_genus_resolved422,2,GCF_048077055.1,Egbenema,3079668,1
official_genus_resolved422,2,GCF_049200465.1,Leptothermofonsia,2917830,0
official_genus_resolved422,2,GCF_050408035.1,Synechocystis,1142,0
official_genus_resolved422,2,GCF_947331815.1,Cyanobacterium,102234,1
official_genus_resolved422,3,GCF_000011385.1,Gloeobacter,33071,0
official_genus_resolved422,3,GCF_000019485.1,Picosynechococcus,3079908,0
official_genus_resolved422,3,GCF_000316515.1,Cyanobium,167375,0
official_genus_resolved422,3,GCF_000316605.1,[Leptolyngbya],3079908,0
official_genus_resolved422,3,GCF_000317025.1,Pleurocapsa,44474,1
official_genus_resolved422,3,GCF_000317065.1,Thalassoporum,2799719,0
official_genus_resolved422,3,GCF_000484535.1,Gloeobacter,33071,0
official_genus_resolved422,3,GCF_001521855.1,Picosynechococcus,3079908,0
official_genus_resolved422,3,GCF_001548455.1,Fischerella,1190,1
official_genus_resolved422,3,GCF_001693255.1,Picosynechococcus,3079908,0
official_genus_resolved422,3,GCF_001693275.1,Picosynechococcus,3079908,0
official_genus_resolved422,3,GCF_001693295.1,Picosynechococcus,3079908,0
official_genus_resolved422,3,GCF_002075285.2,Halomicronema,170610,0
official_genus_resolved422,3,GCF_002075285.3,Halomicronema,170610,0
official_genus_resolved422,3,GCF_002356215.1,[Synechococcus],3079908,0
official_genus_resolved422,3,GCF_002368355.1,Chondrocystis,268175,0
official_genus_resolved422,3,GCF_002754935.1,Parathermosynechococcus,3161592,0
official_genus_resolved422,3,GCF_003054475.1,Nodularia,159191,1
official_genus_resolved422,3,GCF_003367075.2,Cylindrospermopsis,77021,1
official_genus_resolved422,3,GCF_014280235.1,Cyanobium,167375,0
official_genus_resolved422,3,GCF_018139025.1,Cylindrospermopsis,77021,1
official_genus_resolved422,3,GCF_018399015.1,Cyanobium,167375,0
official_genus_resolved422,3,GCF_021018745.1,Gloeobacter,33071,0
official_genus_resolved422,3,GCF_021650815.1,Cylindrospermopsis,77021,1
official_genus_resolved422,3,GCF_022376295.1,Nodularia,159191,1
official_genus_resolved422,3,GCF_029953635.1,Halotia,1620790,1
official_genus_resolved422,3,GCF_032393985.1,Fischerella,1190,1
official_genus_resolved422,3,GCF_047276495.1,Capilliphycus,2768926,1
official_genus_resolved422,3,GCF_050235535.1,Aliinostoc,2035978,1
official_genus_resolved422,3,GCF_050920705.1,Cyanobium,167375,0
official_genus_resolved422,3,GCF_051201415.1,Cylindrospermopsis,77021,1
official_genus_resolved422,3,GCF_900088535.1,Cyanobium,167375,0
official_genus_resolved422,3,GCF_904830765.1,Planktothrix,54304,0
official_genus_resolved422,3,GCF_904830775.1,Planktothrix,54304,0
official_genus_resolved422,3,GCF_904830845.1,Planktothrix,54304,0
official_genus_resolved422,3,GCF_904830855.1,Planktothrix,54304,0
official_genus_resolved422,3,GCF_904830915.1,Planktothrix,54304,0
official_genus_resolved422,3,GCF_904830925.1,Planktothrix,54304,1
official_genus_resolved422,3,GCF_904830935.1,Planktothrix,54304,0
official_genus_resolved422,3,GCF_963665995.1,Pleurocapsa,44474,0
official_genus_resolved422,3,GCF_963920485.1,Cyanobium,167375,0
official_genus_resolved422,3,GCF_977927515.1,Cyanobium,167375,0
official_genus_resolved422,3,GCF_977927535.1,Cyanobium,167375,0
official_genus_resolved422,3,GCF_977927545.1,Cyanobium,167375,0
official_genus_resolved422,4,GCF_000009705.1,Nostoc,1177,1
official_genus_resolved422,4,GCF_000010065.1,Synechococcus,1129,0
official_genus_resolved422,4,GCF_000012505.1,Synechococcus,1129,0
official_genus_resolved422,4,GCF_000012525.1,Synechococcus,1129,0
official_genus_resolved422,4,GCF_000012625.1,Synechococcus,1129,0
official_genus_resolved422,4,GCF_000013205.1,Synechococcus,1129,1
official_genus_resolved422,4,GCF_000013225.1,Synechococcus,1129,1
official_genus_resolved422,4,GCF_000014585.1,Synechococcus,1129,0
official_genus_resolved422,4,GCF_000020025.1,Nostoc,1177,1
official_genus_resolved422,4,GCF_000021805.1,Rippkaea,2546365,1
official_genus_resolved422,4,GCF_000021825.1,Gloeothece,28070,1
official_genus_resolved422,4,GCF_000063505.1,Synechococcus,1129,0
official_genus_resolved422,4,GCF_000063525.1,Synechococcus,1129,0
official_genus_resolved422,4,GCF_000147335.1,Gloeothece,28070,1
official_genus_resolved422,4,GCF_000161795.2,Synechococcus,1129,0
official_genus_resolved422,4,GCF_000179235.2,Synechococcus,1129,0
official_genus_resolved422,4,GCF_000316575.1,Calothrix,1186,1
official_genus_resolved422,4,GCF_000316625.1,Nostoc,1177,1
official_genus_resolved422,4,GCF_000316645.1,Nostoc,1177,1
official_genus_resolved422,4,GCF_000316665.1,Rivularia,373984,1
official_genus_resolved422,4,GCF_000316685.1,Synechococcus,1129,0
official_genus_resolved422,4,GCF_000317435.1,Calothrix,1186,1
official_genus_resolved422,4,GCF_000317575.1,Stanieria,102115,0
official_genus_resolved422,4,GCF_000734895.2,Calothrix,1186,1
official_genus_resolved422,4,GCF_000737535.1,Synechococcus,1129,0
official_genus_resolved422,4,GCF_000737575.1,Synechococcus,1129,0
official_genus_resolved422,4,GCF_000737595.1,Synechococcus,1129,0
official_genus_resolved422,4,GCF_000817325.1,Synechococcus,1129,0
official_genus_resolved422,4,GCF_001182765.1,Synechococcus,1129,0
official_genus_resolved422,4,GCF_001548375.1,Nostoc,1177,1
official_genus_resolved422,4,GCF_001548395.1,Leptolyngbya,47251,1
official_genus_resolved422,4,GCF_001548435.1,Leptolyngbya,47251,0
official_genus_resolved422,4,GCF_001885215.1,Synechococcus,1129,0
official_genus_resolved422,4,GCF_002142475.1,Leptolyngbya,47251,1
official_genus_resolved422,4,GCF_002142495.1,Leptolyngbya,47251,1
official_genus_resolved422,4,GCF_002355455.1,Stanieria,102115,0
official_genus_resolved422,4,GCF_002368175.1,Calothrix,1186,1
official_genus_resolved422,4,GCF_002368255.1,Leptolyngbya,47251,1
official_genus_resolved422,4,GCF_002368395.1,Calothrix,1186,1
official_genus_resolved422,4,GCF_002368455.1,Calothrix,1186,1
official_genus_resolved422,4,GCF_002813575.1,Nostoc,1177,1
official_genus_resolved422,4,GCF_002896875.1,Nostoc,1177,1
official_genus_resolved422,4,GCF_002949735.1,Nostoc,1177,1
official_genus_resolved422,4,GCF_002949795.1,Nostoc,1177,1
official_genus_resolved422,4,GCF_003443655.1,Nostoc,1177,1
official_genus_resolved422,4,GCF_003846445.2,Synechococcus,1129,0
official_genus_resolved422,4,GCF_003957805.1,Synechococcus,1129,0
official_genus_resolved422,4,GCF_004209775.1,Synechococcus,1129,0
official_genus_resolved422,4,GCF_008807075.1,Synechococcus,1129,0
official_genus_resolved422,4,GCF_009372195.1,Nostoc,1177,1
official_genus_resolved422,4,GCF_009498715.2,Synechococcus,1129,0
official_genus_resolved422,4,GCF_009873495.1,Nostoc,1177,1
official_genus_resolved422,4,GCF_013177315.1,Thermoleptolyngbya,2303528,1
official_genus_resolved422,4,GCF_013343235.1,Nostoc,1177,1
official_genus_resolved422,4,GCF_013393905.1,Nostoc,1177,1
official_genus_resolved422,4,GCF_013393925.1,Nostoc,1177,1
official_genus_resolved422,4,GCF_013393945.1,Nostoc,1177,1
official_genus_resolved422,4,GCF_014023275.1,Nostoc,1177,1
official_genus_resolved422,4,GCF_014217875.1,Synechococcus,1129,0
official_genus_resolved422,4,GCF_014279535.1,Synechococcus,1129,0
official_genus_resolved422,4,GCF_014279555.1,Synechococcus,1129,0
official_genus_resolved422,4,GCF_014279595.1,Synechococcus,1129,0
official_genus_resolved422,4,GCF_014279615.1,Synechococcus,1129,0
official_genus_resolved422,4,GCF_014279635.1,Synechococcus,1129,0
official_genus_resolved422,4,GCF_014279655.1,Synechococcus,1129,0
official_genus_resolved422,4,GCF_014279755.1,Synechococcus,1129,0
official_genus_resolved422,4,GCF_014279775.1,Synechococcus,1129,0
official_genus_resolved422,4,GCF_014279795.1,Synechococcus,1129,0
official_genus_resolved422,4,GCF_014279815.1,Synechococcus,1129,0
official_genus_resolved422,4,GCF_014279835.1,Synechococcus,1129,0
official_genus_resolved422,4,GCF_014279855.1,Synechococcus,1129,0
official_genus_resolved422,4,GCF_014279875.1,Synechococcus,1129,0
official_genus_resolved422,4,GCF_014279895.1,Synechococcus,1129,0
official_genus_resolved422,4,GCF_014279955.1,Synechococcus,1129,0
official_genus_resolved422,4,GCF_014279975.1,Synechococcus,1129,0
official_genus_resolved422,4,GCF_014280015.1,Synechococcus,1129,0
official_genus_resolved422,4,GCF_014280035.1,Synechococcus,1129,0
official_genus_resolved422,4,GCF_014280055.1,Synechococcus,1129,0
official_genus_resolved422,4,GCF_014280075.1,Synechococcus,1129,0
official_genus_resolved422,4,GCF_014280095.1,Synechococcus,1129,0
official_genus_resolved422,4,GCF_014280115.1,Synechococcus,1129,0
official_genus_resolved422,4,GCF_014280175.1,Synechococcus,1129,0
official_genus_resolved422,4,GCF_014280195.1,Synechococcus,1129,0
official_genus_resolved422,4,GCF_014280215.1,Synechococcus,1129,0
official_genus_resolved422,4,GCF_014304795.1,Synechococcus,1129,0
official_genus_resolved422,4,GCF_014304815.1,Synechococcus,1129,0
official_genus_resolved422,4,GCF_015840335.1,Synechococcus,1129,0
official_genus_resolved422,4,GCF_015840525.1,Synechococcus,1129,0
official_genus_resolved422,4,GCF_015840715.1,Synechococcus,1129,0
official_genus_resolved422,4,GCF_015840915.1,Synechococcus,1129,0
official_genus_resolved422,4,GCF_015841355.1,Synechococcus,1129,0
official_genus_resolved422,4,GCF_016403105.1,Leptolyngbya,47251,0
official_genus_resolved422,4,GCF_016919485.1,Thermoleptolyngbya,2303528,1
official_genus_resolved422,4,GCF_017164015.1,Nostoc,1177,1
official_genus_resolved422,4,GCF_018389385.1,Anthocerotibacter,2857076,0
official_genus_resolved422,4,GCF_019976755.1,Nostoc,1177,1
official_genus_resolved422,4,GCF_019977735.1,Calothrix,1186,1
official_genus_resolved422,4,GCF_022063185.1,Nostoc,1177,1
official_genus_resolved422,4,GCF_022372495.1,Leptolyngbya,47251,1
official_genus_resolved422,4,GCF_022701255.1,Microcoleus,44471,0
official_genus_resolved422,4,GCF_022701275.1,Microcoleus,44471,0
official_genus_resolved422,4,GCF_022984195.1,Synechococcus,1129,0
official_genus_resolved422,4,GCF_023078835.1,Synechococcus,1129,0
official_genus_resolved422,4,GCF_023115425.1,Synechococcus,1129,0
official_genus_resolved422,4,GCF_023734775.1,Nostoc,1177,1
official_genus_resolved422,4,GCF_028623165.1,Nostoc,1177,1
official_genus_resolved422,4,GCF_030544905.1,Synechococcus,1129,0
official_genus_resolved422,4,GCF_032163395.1,Gloeocapsopsis,693222,0
official_genus_resolved422,4,GCF_032598965.1,Leptolyngbya,47251,1
official_genus_resolved422,4,GCF_032620035.1,Leptolyngbya,47251,1
official_genus_resolved422,4,GCF_032705245.1,Thermoleptolyngbya,2303528,0
official_genus_resolved422,4,GCF_036630065.1,Synechococcus,1129,0
official_genus_resolved422,4,GCF_036630075.1,Synechococcus,1129,0
official_genus_resolved422,4,GCF_036630085.1,Synechococcus,1129,0
official_genus_resolved422,4,GCF_036630095.1,Synechococcus,1129,0
official_genus_resolved422,4,GCF_036630105.1,Synechococcus,1129,0
official_genus_resolved422,4,GCF_036630115.1,Synechococcus,1129,0
official_genus_resolved422,4,GCF_037094475.1,Microcoleus,44471,0
official_genus_resolved422,4,GCF_038096175.1,Nostoc,1177,1
official_genus_resolved422,4,GCF_040371545.1,Synechococcus,1129,0
official_genus_resolved422,4,GCF_040564635.1,Planktothricoides,132607,0
official_genus_resolved422,4,GCF_042465725.1,Microcoleus,44471,0
official_genus_resolved422,4,GCF_043099305.1,Chlorogloeopsis,1123,1
official_genus_resolved422,4,GCF_043099315.1,Chlorogloeopsis,1123,1
official_genus_resolved422,4,GCF_043099725.1,Nostoc,1177,1
official_genus_resolved422,4,GCF_043099735.1,Nostoc,1177,1
official_genus_resolved422,4,GCF_047302735.1,Synechococcus,1129,0
official_genus_resolved422,4,GCF_047302775.1,Synechococcus,1129,0
official_genus_resolved422,4,GCF_047302785.1,Synechococcus,1129,0
official_genus_resolved422,4,GCF_047303025.1,Synechococcus,1129,0
official_genus_resolved422,4,GCF_047303035.1,Synechococcus,1129,0
official_genus_resolved422,4,GCF_047303045.1,Synechococcus,1129,0
official_genus_resolved422,4,GCF_047304065.1,Synechococcus,1129,0
official_genus_resolved422,4,GCF_047304175.1,Synechococcus,1129,0
official_genus_resolved422,4,GCF_047304245.1,Synechococcus,1129,0
official_genus_resolved422,4,GCF_047304545.1,Synechococcus,1129,0
official_genus_resolved422,4,GCF_047304555.1,Synechococcus,1129,0
official_genus_resolved422,4,GCF_047304705.1,Synechococcus,1129,0
official_genus_resolved422,4,GCF_047304715.1,Synechococcus,1129,0
official_genus_resolved422,4,GCF_047304725.1,Synechococcus,1129,0
official_genus_resolved422,4,GCF_047497135.1,Synechococcus,1129,0
official_genus_resolved422,4,GCF_047649235.1,Leptolyngbya,47251,1
official_genus_resolved422,4,GCF_047716785.1,Synechococcus,1129,0
official_genus_resolved422,4,GCF_047716805.1,Synechococcus,1129,0
official_genus_resolved422,4,GCF_047716815.1,Synechococcus,1129,0
official_genus_resolved422,4,GCF_050422935.1,Synechococcus,1129,0
official_genus_resolved422,4,GCF_052692655.1,Nostoc,1177,1
official_genus_resolved422,4,GCF_052692665.1,Nostoc,1177,1
official_genus_resolved422,4,GCF_963920465.1,Synechococcus,1129,0
official_genus_resolved422,4,GCF_963920475.1,Synechococcus,1129,0
official_genus_resolved422,4,GCF_963920495.1,Synechococcus,1129,0
official_genus_resolved422,4,GCF_963920505.1,Synechococcus,1129,0
official_genus_resolved422,4,GCF_977012465.1,Leptolyngbya,47251,1
official_genus_resolved422,5,GCF_000014265.1,Trichodesmium,1205,1
official_genus_resolved422,5,GCF_000017845.1,Crocosphaera,263510,1
official_genus_resolved422,5,GCF_000018105.1,Acaryochloris,155977,0
official_genus_resolved422,5,GCF_000025125.1,Candidatus,1453359,1
official_genus_resolved422,5,GCF_000312705.1,Anabaena,1163,1
official_genus_resolved422,5,GCF_000317045.1,Geitlerinema,63132,0
official_genus_resolved422,5,GCF_000317105.1,Oxynema,1492710,0
official_genus_resolved422,5,GCF_000317555.1,Gloeocapsa,102231,0
official_genus_resolved422,5,GCF_000317695.1,Anabaena,1163,1
official_genus_resolved422,5,GCF_001277295.1,Anabaena,1163,0
official_genus_resolved422,5,GCF_001548095.1,Geminocystis,669357,0
official_genus_resolved422,5,GCF_001548115.1,Geminocystis,669357,0
official_genus_resolved422,5,GCF_001746915.2,Desertifilum,1185872,1
official_genus_resolved422,5,GCF_003060805.1,Arthrospira,35823,0
official_genus_resolved422,5,GCF_003967015.1,Pseudanabaena,1152,1
official_genus_resolved422,5,GCF_008121535.1,Dolichospermum,748770,1
official_genus_resolved422,5,GCF_009498015.1,Anabaena,1163,1
official_genus_resolved422,5,GCF_012295525.1,Oxynema,1492710,0
official_genus_resolved422,5,GCF_012516395.1,Dolichospermum,748770,1
official_genus_resolved422,5,GCF_016745315.1,Arthrospira,35823,0
official_genus_resolved422,5,GCF_018336915.1,Acaryochloris,155977,0
official_genus_resolved422,5,GCF_020885515.1,cyanobacterium,1453359,1
official_genus_resolved422,5,GCF_021497025.1,Acaryochloris,155977,0
official_genus_resolved422,5,GCF_024347835.1,Acaryochloris,155977,0
official_genus_resolved422,5,GCF_024584745.1,Dolichospermum,748770,1
official_genus_resolved422,5,GCF_026240635.1,Trichothermofontia,3045815,1
official_genus_resolved422,5,GCF_027942295.1,Pseudanabaena,1152,0
official_genus_resolved422,5,GCF_029910235.1,Pseudanabaena,1152,1
official_genus_resolved422,5,GCF_030323025.1,Pseudanabaena,1152,0
official_genus_resolved422,5,GCF_047275885.1,Anabaena,1163,1
official_genus_resolved422,5,GCF_048568235.1,Anabaena,1163,1
official_genus_resolved422,5,GCF_048568275.1,Anabaena,1163,1
official_genus_resolved422,5,GCF_049315035.1,Anabaena,1163,1
official_genus_resolved422,5,GCF_050563455.1,Crocosphaera,263510,1
official_genus_resolved422,5,GCF_051131155.1,Pseudanabaena,1152,0
official_genus_current_only,1,GCF_000007925.1,Prochlorococcus,1218,0
official_genus_current_only,1,GCF_000011465.1,Prochlorococcus,1218,0
official_genus_current_only,1,GCF_000011485.1,Prochlorococcus,1218,0
official_genus_current_only,1,GCF_000012465.1,Prochlorococcus,1218,0
official_genus_current_only,1,GCF_000012645.1,Prochlorococcus,1218,0
official_genus_current_only,1,GCF_000015645.1,Prochlorococcus,1218,0
official_genus_current_only,1,GCF_000015665.1,Prochlorococcus,1218,0
official_genus_current_only,1,GCF_000015685.1,Prochlorococcus,1218,0
official_genus_current_only,1,GCF_000015705.1,Prochlorococcus,1218,0
official_genus_current_only,1,GCF_000015965.1,Prochlorococcus,1218,0
official_genus_current_only,1,GCF_000018065.1,Prochlorococcus,1218,0
official_genus_current_only,1,GCF_000021825.1,Gloeothece,28070,1
official_genus_current_only,1,GCF_000025125.1,Candidatus,1453359,1
official_genus_current_only,1,GCF_000147335.1,Gloeothece,28070,1
official_genus_current_only,1,GCF_000195975.1,Parasynechococcus,2881427,0
official_genus_current_only,1,GCF_000317045.1,Geitlerinema,63132,0
official_genus_current_only,1,GCF_000317515.1,Allocoleopsis,2886347,1
official_genus_current_only,1,GCF_000757845.1,Prochlorococcus,1218,0
official_genus_current_only,1,GCF_000757865.1,Prochlorococcus,1218,0
official_genus_current_only,1,GCF_001746915.2,Desertifilum,1185872,1
official_genus_current_only,1,GCF_002754935.1,Parathermosynechococcus,3161592,0
official_genus_current_only,1,GCF_019891175.1,Leptothermofonsia,2917830,1
official_genus_current_only,1,GCF_020885515.1,cyanobacterium,1453359,1
official_genus_current_only,1,GCF_022701255.1,Microcoleus,44471,0
official_genus_current_only,1,GCF_022701275.1,Microcoleus,44471,0
official_genus_current_only,1,GCF_026240635.1,Trichothermofontia,3045815,1
official_genus_current_only,1,GCF_027359355.1,Prochlorococcus,1218,0
official_genus_current_only,1,GCF_027359375.1,Prochlorococcus,1218,0
official_genus_current_only,1,GCF_027359395.1,Prochlorococcus,1218,0
official_genus_current_only,1,GCF_027359415.1,Prochlorococcus,1218,0
official_genus_current_only,1,GCF_027359475.1,Prochlorococcus,1218,0
official_genus_current_only,1,GCF_027359525.1,Prochlorococcus,1218,0
official_genus_current_only,1,GCF_027359575.1,Prochlorococcus,1218,0
official_genus_current_only,1,GCF_027359595.1,Prochlorococcus,1218,0
official_genus_current_only,1,GCF_034092375.1,Prochlorococcus,1218,0
official_genus_current_only,1,GCF_034092395.1,Prochlorococcus,1218,0
official_genus_current_only,1,GCF_034092415.1,Prochlorococcus,1218,0
official_genus_current_only,1,GCF_034092465.1,Prochlorococcus,1218,0
official_genus_current_only,1,GCF_034093315.1,Prochlorococcus,1218,0
official_genus_current_only,1,GCF_037094475.1,Microcoleus,44471,0
official_genus_current_only,1,GCF_040564635.1,Planktothricoides,132607,0
official_genus_current_only,1,GCF_042465725.1,Microcoleus,44471,0
official_genus_current_only,1,GCF_047276495.1,Capilliphycus,2768926,1
official_genus_current_only,1,GCF_047302725.1,Prochlorococcus,1218,0
official_genus_current_only,1,GCF_047302745.1,Prochlorococcus,1218,0
official_genus_current_only,1,GCF_047302755.1,Prochlorococcus,1218,0
official_genus_current_only,1,GCF_047302765.1,Prochlorococcus,1218,0
official_genus_current_only,1,GCF_047302795.1,Prochlorococcus,1218,0
official_genus_current_only,1,GCF_047302805.1,Prochlorococcus,1218,0
official_genus_current_only,1,GCF_047302855.1,Prochlorococcus,1218,0
official_genus_current_only,1,GCF_047302865.1,Prochlorococcus,1218,0
official_genus_current_only,1,GCF_047302875.1,Prochlorococcus,1218,0
official_genus_current_only,1,GCF_047302905.1,Prochlorococcus,1218,0
official_genus_current_only,1,GCF_047302975.1,Prochlorococcus,1218,0
official_genus_current_only,1,GCF_047302985.1,Prochlorococcus,1218,0
official_genus_current_only,1,GCF_047303155.1,Prochlorococcus,1218,0
official_genus_current_only,1,GCF_047303165.1,Prochlorococcus,1218,0
official_genus_current_only,1,GCF_047303175.1,Prochlorococcus,1218,0
official_genus_current_only,1,GCF_047303345.1,Prochlorococcus,1218,0
official_genus_current_only,1,GCF_047303415.1,Prochlorococcus,1218,0
official_genus_current_only,1,GCF_047303465.1,Prochlorococcus,1218,0
official_genus_current_only,1,GCF_047303495.1,Prochlorococcus,1218,0
official_genus_current_only,1,GCF_047303505.1,Prochlorococcus,1218,0
official_genus_current_only,1,GCF_047303555.1,Prochlorococcus,1218,0
official_genus_current_only,1,GCF_047304495.1,Prochlorococcus,1218,0
official_genus_current_only,1,GCF_047304505.1,Prochlorococcus,1218,0
official_genus_current_only,1,GCF_047304515.1,Prochlorococcus,1218,0
official_genus_current_only,1,GCF_047304525.1,Prochlorococcus,1218,0
official_genus_current_only,1,GCF_047304535.1,Prochlorococcus,1218,0
official_genus_current_only,1,GCF_047304605.1,Prochlorococcus,1218,0
official_genus_current_only,1,GCF_047304615.1,Prochlorococcus,1218,0
official_genus_current_only,1,GCF_047304625.1,Prochlorococcus,1218,0
official_genus_current_only,1,GCF_047304675.1,Prochlorococcus,1218,0
official_genus_current_only,1,GCF_047304685.1,Prochlorococcus,1218,0
official_genus_current_only,1,GCF_047304785.1,Prochlorococcus,1218,0
official_genus_current_only,1,GCF_047304905.1,Prochlorococcus,1218,0
official_genus_current_only,1,GCF_047305015.1,Prochlorococcus,1218,0
official_genus_current_only,1,GCF_047305065.1,Prochlorococcus,1218,0
official_genus_current_only,1,GCF_047305115.1,Prochlorococcus,1218,0
official_genus_current_only,1,GCF_047305125.1,Prochlorococcus,1218,0
official_genus_current_only,1,GCF_047305135.1,Prochlorococcus,1218,0
official_genus_current_only,1,GCF_047305145.1,Prochlorococcus,1218,0
official_genus_current_only,1,GCF_047305155.1,Prochlorococcus,1218,0
official_genus_current_only,1,GCF_047305225.1,Prochlorococcus,1218,0
official_genus_current_only,1,GCF_047305235.1,Prochlorococcus,1218,0
official_genus_current_only,1,GCF_047497115.1,Prochlorococcus,1218,0
official_genus_current_only,1,GCF_047497125.1,Prochlorococcus,1218,0
official_genus_current_only,1,GCF_047947085.1,Prochlorococcus,1218,0
official_genus_current_only,1,GCF_049200465.1,Leptothermofonsia,2917830,0
official_genus_current_only,1,GCF_904830765.1,Planktothrix,54304,0
official_genus_current_only,1,GCF_904830775.1,Planktothrix,54304,0
official_genus_current_only,1,GCF_904830845.1,Planktothrix,54304,0
official_genus_current_only,1,GCF_904830855.1,Planktothrix,54304,0
official_genus_current_only,1,GCF_904830915.1,Planktothrix,54304,0
official_genus_current_only,1,GCF_904830925.1,Planktothrix,54304,1
official_genus_current_only,1,GCF_904830935.1,Planktothrix,54304,0
official_genus_current_only,2,GCF_000009725.1,Synechocystis,1142,0
official_genus_current_only,2,GCF_000019485.1,Picosynechococcus,3079908,0
official_genus_current_only,2,GCF_000270265.1,Synechocystis,1142,0
official_genus_current_only,2,GCF_000284135.1,Synechocystis,1142,0
official_genus_current_only,2,GCF_000284215.1,Synechocystis,1142,0
official_genus_current_only,2,GCF_000284455.1,Synechocystis,1142,0
official_genus_current_only,2,GCF_000316605.1,[Leptolyngbya],3079908,0
official_genus_current_only,2,GCF_000317475.1,Phormidium,1198,0
official_genus_current_only,2,GCF_000317495.1,Crinalium,241421,0
official_genus_current_only,2,GCF_000317575.1,Stanieria,102115,0
official_genus_current_only,2,GCF_000317615.1,Dactylococcopsis,13034,0
official_genus_current_only,2,GCF_000340785.1,Synechocystis,1142,0
official_genus_current_only,2,GCF_000478825.2,Synechocystis,1142,0
official_genus_current_only,2,GCF_001318385.1,Synechocystis,1142,0
official_genus_current_only,2,GCF_001521855.1,Picosynechococcus,3079908,0
official_genus_current_only,2,GCF_001548095.1,Geminocystis,669357,0
official_genus_current_only,2,GCF_001548115.1,Geminocystis,669357,0
official_genus_current_only,2,GCF_001548395.1,Leptolyngbya,47251,1
official_genus_current_only,2,GCF_001693255.1,Picosynechococcus,3079908,0
official_genus_current_only,2,GCF_001693275.1,Picosynechococcus,3079908,0
official_genus_current_only,2,GCF_001693295.1,Picosynechococcus,3079908,0
official_genus_current_only,2,GCF_002142475.1,Leptolyngbya,47251,1
official_genus_current_only,2,GCF_002142495.1,Leptolyngbya,47251,1
official_genus_current_only,2,GCF_003015225.1,Synechocystis,1142,0
official_genus_current_only,2,GCF_008121535.1,Dolichospermum,748770,1
official_genus_current_only,2,GCF_011769525.1,Tolypothrix,111782,1
official_genus_current_only,2,GCF_012516395.1,Dolichospermum,748770,1
official_genus_current_only,2,GCF_013177315.1,Thermoleptolyngbya,2303528,1
official_genus_current_only,2,GCF_016403105.1,Leptolyngbya,47251,0
official_genus_current_only,2,GCF_016919485.1,Thermoleptolyngbya,2303528,1
official_genus_current_only,2,GCF_018282115.1,Synechocystis,1142,0
official_genus_current_only,2,GCF_018845095.1,Synechocystis,1142,0
official_genus_current_only,2,GCF_019056575.1,Richelia,98443,1
official_genus_current_only,2,GCF_019924095.1,Synechocystis,1142,0
official_genus_current_only,2,GCF_021379005.1,Leptodesmis,2664261,1
official_genus_current_only,2,GCF_022372495.1,Leptolyngbya,47251,1
official_genus_current_only,2,GCF_022869765.1,Synechocystis,1142,0
official_genus_current_only,2,GCF_024584745.1,Dolichospermum,748770,1
official_genus_current_only,2,GCF_025677855.1,Tolypothrix,111782,1
official_genus_current_only,2,GCF_025860405.1,Tolypothrix,111782,1
official_genus_current_only,2,GCF_032598965.1,Leptolyngbya,47251,1
official_genus_current_only,2,GCF_032620035.1,Leptolyngbya,47251,1
official_genus_current_only,2,GCF_032705245.1,Thermoleptolyngbya,2303528,0
official_genus_current_only,2,GCF_038050375.1,Okeanomitos,3231549,1
official_genus_current_only,2,GCF_040436315.1,Synechocystis,1142,1
official_genus_current_only,2,GCF_046846445.1,Synechocystis,1142,0
official_genus_current_only,2,GCF_046847935.1,Synechocystis,1142,0
official_genus_current_only,2,GCF_046847945.1,Synechocystis,1142,0
official_genus_current_only,2,GCF_046847955.1,Synechocystis,1142,0
official_genus_current_only,2,GCF_047649235.1,Leptolyngbya,47251,1
official_genus_current_only,2,GCF_050408035.1,Synechocystis,1142,0
official_genus_current_only,2,GCF_977012465.1,Leptolyngbya,47251,1
official_genus_current_only,3,GCF_000009705.1,Nostoc,1177,1
official_genus_current_only,3,GCF_000017845.1,Crocosphaera,263510,1
official_genus_current_only,3,GCF_000018105.1,Acaryochloris,155977,0
official_genus_current_only,3,GCF_000020025.1,Nostoc,1177,1
official_genus_current_only,3,GCF_000021805.1,Rippkaea,2546365,1
official_genus_current_only,3,GCF_000312705.1,Anabaena,1163,1
official_genus_current_only,3,GCF_000316515.1,Cyanobium,167375,0
official_genus_current_only,3,GCF_000316625.1,Nostoc,1177,1
official_genus_current_only,3,GCF_000316645.1,Nostoc,1177,1
official_genus_current_only,3,GCF_000317555.1,Gloeocapsa,102231,0
official_genus_current_only,3,GCF_000317695.1,Anabaena,1163,1
official_genus_current_only,3,GCF_001277295.1,Anabaena,1163,0
official_genus_current_only,3,GCF_001548375.1,Nostoc,1177,1
official_genus_current_only,3,GCF_002075285.3,Halomicronema,170610,0
official_genus_current_only,3,GCF_002813575.1,Nostoc,1177,1
official_genus_current_only,3,GCF_002896875.1,Nostoc,1177,1
official_genus_current_only,3,GCF_002949735.1,Nostoc,1177,1
official_genus_current_only,3,GCF_002949795.1,Nostoc,1177,1
official_genus_current_only,3,GCF_003054475.1,Nodularia,159191,1
official_genus_current_only,3,GCF_003443655.1,Nostoc,1177,1
official_genus_current_only,3,GCF_009372195.1,Nostoc,1177,1
official_genus_current_only,3,GCF_009498015.1,Anabaena,1163,1
official_genus_current_only,3,GCF_009873495.1,Nostoc,1177,1
official_genus_current_only,3,GCF_013343235.1,Nostoc,1177,1
official_genus_current_only,3,GCF_013393905.1,Nostoc,1177,1
official_genus_current_only,3,GCF_013393925.1,Nostoc,1177,1
official_genus_current_only,3,GCF_013393945.1,Nostoc,1177,1
official_genus_current_only,3,GCF_014023275.1,Nostoc,1177,1
official_genus_current_only,3,GCF_014280235.1,Cyanobium,167375,0
official_genus_current_only,3,GCF_014489415.1,Cylindrospermopsis,244599,1
official_genus_current_only,3,GCF_018336915.1,Acaryochloris,155977,0
official_genus_current_only,3,GCF_019976755.1,Nostoc,1177,1
official_genus_current_only,3,GCF_020091585.1,Kovacikia,1874526,0
official_genus_current_only,3,GCF_021497025.1,Acaryochloris,155977,0
official_genus_current_only,3,GCF_022063185.1,Nostoc,1177,1
official_genus_current_only,3,GCF_022376295.1,Nodularia,159191,1
official_genus_current_only,3,GCF_023734775.1,Nostoc,1177,1
official_genus_current_only,3,GCF_024347835.1,Acaryochloris,155977,0
official_genus_current_only,3,GCF_028623165.1,Nostoc,1177,1
official_genus_current_only,3,GCF_032163395.1,Gloeocapsopsis,693222,0
official_genus_current_only,3,GCF_038096175.1,Nostoc,1177,1
official_genus_current_only,3,GCF_043099305.1,Chlorogloeopsis,1123,1
official_genus_current_only,3,GCF_043099315.1,Chlorogloeopsis,1123,1
official_genus_current_only,3,GCF_043099725.1,Nostoc,1177,1
official_genus_current_only,3,GCF_043099735.1,Nostoc,1177,1
official_genus_current_only,3,GCF_047275885.1,Anabaena,1163,1
official_genus_current_only,3,GCF_048568235.1,Anabaena,1163,1
official_genus_current_only,3,GCF_048568275.1,Anabaena,1163,1
official_genus_current_only,3,GCF_049315035.1,Anabaena,1163,1
official_genus_current_only,3,GCF_050235535.1,Aliinostoc,2035978,1
official_genus_current_only,3,GCF_050563455.1,Crocosphaera,263510,1
official_genus_current_only,3,GCF_050920705.1,Cyanobium,167375,0
official_genus_current_only,3,GCF_052692655.1,Nostoc,1177,1
official_genus_current_only,3,GCF_052692665.1,Nostoc,1177,1
official_genus_current_only,3,GCF_900088535.1,Cyanobium,167375,0
official_genus_current_only,3,GCF_963920485.1,Cyanobium,167375,0
official_genus_current_only,3,GCF_977927515.1,Cyanobium,167375,0
official_genus_current_only,3,GCF_977927535.1,Cyanobium,167375,0
official_genus_current_only,3,GCF_977927545.1,Cyanobium,167375,0
official_genus_current_only,4,GCF_000010065.1,Synechococcus,1129,0
official_genus_current_only,4,GCF_000010625.1,Microcystis,1125,0
official_genus_current_only,4,GCF_000011345.1,Thermosynechococcus,146785,0
official_genus_current_only,4,GCF_000012505.1,Synechococcus,1129,0
official_genus_current_only,4,GCF_000012525.1,Synechococcus,1129,0
official_genus_current_only,4,GCF_000012625.1,Synechococcus,1129,0
official_genus_current_only,4,GCF_000013205.1,Synechococcus,1129,1
official_genus_current_only,4,GCF_000013225.1,Synechococcus,1129,1
official_genus_current_only,4,GCF_000014585.1,Synechococcus,1129,0
official_genus_current_only,4,GCF_000161795.2,Synechococcus,1129,0
official_genus_current_only,4,GCF_000179235.2,Synechococcus,1129,0
official_genus_current_only,4,GCF_000196515.1,'Nostoc,264688,1
official_genus_current_only,4,GCF_000204075.1,Trichormus,264688,1
official_genus_current_only,4,GCF_000316685.1,Synechococcus,1129,0
official_genus_current_only,4,GCF_000317085.1,Synechococcus,3687896,0
official_genus_current_only,4,GCF_000317105.1,Oxynema,1492710,0
official_genus_current_only,4,GCF_000317125.1,Chroococcidiopsis,54298,1
official_genus_current_only,4,GCF_000317675.1,Cyanobacterium,102234,0
official_genus_current_only,4,GCF_000737535.1,Synechococcus,1129,0
official_genus_current_only,4,GCF_000737575.1,Synechococcus,1129,0
official_genus_current_only,4,GCF_000737595.1,Synechococcus,1129,0
official_genus_current_only,4,GCF_000817325.1,Synechococcus,1129,0
official_genus_current_only,4,GCF_000981785.2,Microcystis,1125,0
official_genus_current_only,4,GCF_001264245.1,Microcystis,1125,0
official_genus_current_only,4,GCF_001704955.2,Microcystis,1125,0
official_genus_current_only,4,GCF_001747005.2,Cyanobacterium,102234,0
official_genus_current_only,4,GCF_001767235.1,Moorena,1155738,0
official_genus_current_only,4,GCF_001885215.1,Synechococcus,1129,0
official_genus_current_only,4,GCF_002095975.1,Microcystis,1125,0
official_genus_current_only,4,GCF_002813895.1,Cyanobacterium,102234,0
official_genus_current_only,4,GCF_003019735.1,Microcystis,1125,0
official_genus_current_only,4,GCF_003367075.2,Cylindrospermopsis,77021,1
official_genus_current_only,4,GCF_003555505.1,Thermosynechococcus,146785,0
official_genus_current_only,4,GCF_003846445.2,Synechococcus,1129,0
official_genus_current_only,4,GCF_003945305.1,Microcystis,1125,0
official_genus_current_only,4,GCF_003957805.1,Synechococcus,1129,0
official_genus_current_only,4,GCF_004209775.1,Synechococcus,1129,0
official_genus_current_only,4,GCF_008386235.1,Thermosynechococcus,146785,0
official_genus_current_only,4,GCF_008807075.1,Synechococcus,1129,0
official_genus_current_only,4,GCF_009498715.2,Synechococcus,1129,0
official_genus_current_only,4,GCF_009792235.1,Microcystis,1125,0
official_genus_current_only,4,GCF_009856605.1,Trichormus,264688,1
official_genus_current_only,4,GCF_010196425.1,Microcystis,1125,0
official_genus_current_only,4,GCF_012295525.1,Oxynema,1492710,0
official_genus_current_only,4,GCF_012516315.1,Limnospira,2596745,0
official_genus_current_only,4,GCF_014217875.1,Synechococcus,1129,0
official_genus_current_only,4,GCF_014279535.1,Synechococcus,1129,0
official_genus_current_only,4,GCF_014279555.1,Synechococcus,1129,0
official_genus_current_only,4,GCF_014279595.1,Synechococcus,1129,0
official_genus_current_only,4,GCF_014279615.1,Synechococcus,1129,0
official_genus_current_only,4,GCF_014279635.1,Synechococcus,1129,0
official_genus_current_only,4,GCF_014279655.1,Synechococcus,1129,0
official_genus_current_only,4,GCF_014279755.1,Synechococcus,1129,0
official_genus_current_only,4,GCF_014279775.1,Synechococcus,1129,0
official_genus_current_only,4,GCF_014279795.1,Synechococcus,1129,0
official_genus_current_only,4,GCF_014279815.1,Synechococcus,1129,0
official_genus_current_only,4,GCF_014279835.1,Synechococcus,1129,0
official_genus_current_only,4,GCF_014279855.1,Synechococcus,1129,0
official_genus_current_only,4,GCF_014279875.1,Synechococcus,1129,0
official_genus_current_only,4,GCF_014279895.1,Synechococcus,1129,0
official_genus_current_only,4,GCF_014279955.1,Synechococcus,1129,0
official_genus_current_only,4,GCF_014279975.1,Synechococcus,1129,0
official_genus_current_only,4,GCF_014280035.1,Synechococcus,1129,0
official_genus_current_only,4,GCF_014280075.1,Synechococcus,1129,0
official_genus_current_only,4,GCF_014280095.1,Synechococcus,1129,0
official_genus_current_only,4,GCF_014280115.1,Synechococcus,1129,0
official_genus_current_only,4,GCF_014280175.1,Synechococcus,1129,0
official_genus_current_only,4,GCF_014280195.1,Synechococcus,1129,0
official_genus_current_only,4,GCF_014280215.1,Synechococcus,1129,0
official_genus_current_only,4,GCF_014304795.1,Synechococcus,1129,0
official_genus_current_only,4,GCF_014304815.1,Synechococcus,1129,0
official_genus_current_only,4,GCF_015840335.1,Synechococcus,1129,0
official_genus_current_only,4,GCF_015840525.1,Synechococcus,1129,0
official_genus_current_only,4,GCF_015840715.1,Synechococcus,1129,0
official_genus_current_only,4,GCF_015840915.1,Synechococcus,1129,0
official_genus_current_only,4,GCF_015841355.1,Synechococcus,1129,0
official_genus_current_only,4,GCF_017086385.1,Thermosynechococcus,146785,0
official_genus_current_only,4,GCF_018139025.1,Cylindrospermopsis,77021,1
official_genus_current_only,4,GCF_019704275.1,Microcystis,1125,0
official_genus_current_only,4,GCF_021172085.1,Microcystis,1125,0
official_genus_current_only,4,GCF_021650815.1,Cylindrospermopsis,77021,1
official_genus_current_only,4,GCF_022984195.1,Synechococcus,1129,0
official_genus_current_only,4,GCF_023078835.1,Synechococcus,1129,0
official_genus_current_only,4,GCF_023115425.1,Synechococcus,1129,0
official_genus_current_only,4,GCF_023546805.1,Chroococcidiopsis,54298,1
official_genus_current_only,4,GCF_023650955.1,Thermosynechococcus,146785,0
official_genus_current_only,4,GCF_023983615.1,Phormidium,2219504,1
official_genus_current_only,4,GCF_025200965.1,Limnospira,2596745,0
official_genus_current_only,4,GCF_025999095.1,Thermosynechococcus,146785,0
official_genus_current_only,4,GCF_026000695.1,Limnospira,2596745,0
official_genus_current_only,4,GCF_026222535.1,Microcystis,1125,0
official_genus_current_only,4,GCF_029953635.1,Halotia,1620790,1
official_genus_current_only,4,GCF_030322965.1,Thermosynechococcus,146785,0
official_genus_current_only,4,GCF_030322985.1,Thermosynechococcus,146785,0
official_genus_current_only,4,GCF_030323045.1,Thermosynechococcus,146785,0
official_genus_current_only,4,GCF_030518695.1,Thermosynechococcus,146785,0
official_genus_current_only,4,GCF_030518715.1,Thermosynechococcus,146785,0
official_genus_current_only,4,GCF_030518735.1,Thermosynechococcus,146785,0
official_genus_current_only,4,GCF_030544905.1,Synechococcus,1129,0
official_genus_current_only,4,GCF_030553035.1,Microcystis,1125,0
official_genus_current_only,4,GCF_031583185.1,Thermosynechococcus,146785,0
official_genus_current_only,4,GCF_031583205.1,Thermosynechococcus,146785,0
official_genus_current_only,4,GCF_031583225.1,Thermosynechococcus,146785,0
official_genus_current_only,4,GCF_031583255.1,Thermosynechococcus,146785,0
official_genus_current_only,4,GCF_031583295.1,Thermosynechococcus,146785,0
official_genus_current_only,4,GCF_031583315.1,Thermosynechococcus,146785,0
official_genus_current_only,4,GCF_031583335.1,Thermosynechococcus,146785,0
official_genus_current_only,4,GCF_031583355.1,Thermosynechococcus,146785,0
official_genus_current_only,4,GCF_031583375.1,Thermosynechococcus,146785,0
official_genus_current_only,4,GCF_031583395.1,Thermosynechococcus,146785,0
official_genus_current_only,4,GCF_031583415.1,Thermosynechococcus,146785,0
official_genus_current_only,4,GCF_031583435.1,Thermosynechococcus,146785,0
official_genus_current_only,4,GCF_031583455.1,Thermosynechococcus,146785,0
official_genus_current_only,4,GCF_031583475.1,Thermosynechococcus,146785,0
official_genus_current_only,4,GCF_031583495.1,Thermosynechococcus,146785,0
official_genus_current_only,4,GCF_031583515.1,Thermosynechococcus,146785,0
official_genus_current_only,4,GCF_031583535.1,Thermosynechococcus,146785,0
official_genus_current_only,4,GCF_031583555.1,Thermosynechococcus,146785,0
official_genus_current_only,4,GCF_031586415.1,Thermosynechococcus,146785,0
official_genus_current_only,4,GCF_031754835.1,Microcystis,1125,0
official_genus_current_only,4,GCF_033798705.1,Cyanobacterium,102234,0
official_genus_current_only,4,GCF_035320825.1,Cyanobacterium,102234,0
official_genus_current_only,4,GCF_036345015.1,Cyanobacterium,102234,1
official_genus_current_only,4,GCF_036630065.1,Synechococcus,1129,0
official_genus_current_only,4,GCF_036630075.1,Synechococcus,1129,0
official_genus_current_only,4,GCF_036630085.1,Synechococcus,1129,0
official_genus_current_only,4,GCF_036630095.1,Synechococcus,1129,0
official_genus_current_only,4,GCF_036630105.1,Synechococcus,1129,0
official_genus_current_only,4,GCF_036630115.1,Synechococcus,1129,0
official_genus_current_only,4,GCF_038396575.1,Microcystis,1125,0
official_genus_current_only,4,GCF_038630775.1,Cyanobacterium,102234,0
official_genus_current_only,4,GCF_040371545.1,Synechococcus,1129,0
official_genus_current_only,4,GCF_041506625.1,Microcystis,1125,0
official_genus_current_only,4,GCF_045345185.1,Cyanobacterium,102234,0
official_genus_current_only,4,GCF_047302735.1,Synechococcus,1129,0
official_genus_current_only,4,GCF_047302785.1,Synechococcus,1129,0
official_genus_current_only,4,GCF_047303025.1,Synechococcus,1129,0
official_genus_current_only,4,GCF_047303035.1,Synechococcus,1129,0
official_genus_current_only,4,GCF_047303045.1,Synechococcus,1129,0
official_genus_current_only,4,GCF_047304065.1,Synechococcus,1129,0
official_genus_current_only,4,GCF_047304175.1,Synechococcus,1129,0
official_genus_current_only,4,GCF_047304245.1,Synechococcus,1129,0
official_genus_current_only,4,GCF_047304545.1,Synechococcus,1129,0
official_genus_current_only,4,GCF_047304555.1,Synechococcus,1129,0
official_genus_current_only,4,GCF_047304705.1,Synechococcus,1129,0
official_genus_current_only,4,GCF_047304715.1,Synechococcus,1129,0
official_genus_current_only,4,GCF_047304725.1,Synechococcus,1129,0
official_genus_current_only,4,GCF_047497135.1,Synechococcus,1129,0
official_genus_current_only,4,GCF_047716785.1,Synechococcus,1129,0
official_genus_current_only,4,GCF_047716805.1,Synechococcus,1129,0
official_genus_current_only,4,GCF_047716815.1,Synechococcus,1129,0
official_genus_current_only,4,GCF_048077055.1,Egbenema,3079668,1
official_genus_current_only,4,GCF_048593405.1,Microcystis,1125,0
official_genus_current_only,4,GCF_048820285.1,Microcystis,1125,0
official_genus_current_only,4,GCF_050422935.1,Synechococcus,1129,0
official_genus_current_only,4,GCF_050500235.1,Microcystis,1125,0
official_genus_current_only,4,GCF_050500245.1,Microcystis,1125,0
official_genus_current_only,4,GCF_050500255.1,Microcystis,1125,0
official_genus_current_only,4,GCF_050711215.1,Microcystis,1125,0
official_genus_current_only,4,GCF_051201415.1,Cylindrospermopsis,77021,1
official_genus_current_only,4,GCF_947331815.1,Cyanobacterium,102234,1
official_genus_current_only,4,GCF_963920465.1,Synechococcus,1129,0
official_genus_current_only,4,GCF_963920475.1,Synechococcus,1129,0
official_genus_current_only,4,GCF_963920495.1,Synechococcus,1129,0
official_genus_current_only,4,GCF_963920505.1,Synechococcus,1129,0
official_genus_current_only,4,GCF_976987195.1,Microcystis,1125,0
official_genus_current_only,5,GCF_000011385.1,Gloeobacter,33071,0
official_genus_current_only,5,GCF_000014265.1,Trichodesmium,1205,1
official_genus_current_only,5,GCF_000316575.1,Calothrix,1186,1
official_genus_current_only,5,GCF_000316665.1,Rivularia,373984,1
official_genus_current_only,5,GCF_000317025.1,Pleurocapsa,44474,1
official_genus_current_only,5,GCF_000317065.1,Thalassoporum,2799719,0
official_genus_current_only,5,GCF_000317435.1,Calothrix,1186,1
official_genus_current_only,5,GCF_000317635.1,Halothece,76023,1
official_genus_current_only,5,GCF_000484535.1,Gloeobacter,33071,0
official_genus_current_only,5,GCF_000734895.2,Calothrix,1186,1
official_genus_current_only,5,GCF_001548455.1,Fischerella,1190,1
official_genus_current_only,5,GCF_002368395.1,Calothrix,1186,1
official_genus_current_only,5,GCF_003967015.1,Pseudanabaena,1152,1
official_genus_current_only,5,GCF_007904085.1,Euhalothece,65097,1
official_genus_current_only,5,GCF_016446395.1,[Phormidium],2023214,0
official_genus_current_only,5,GCF_018389385.1,Anthocerotibacter,2857076,0
official_genus_current_only,5,GCF_021018745.1,Gloeobacter,33071,0
official_genus_current_only,5,GCF_026802175.1,Thermocoleostomius,3065395,1
official_genus_current_only,5,GCF_027942295.1,Pseudanabaena,1152,0
official_genus_current_only,5,GCF_029910235.1,Pseudanabaena,1152,1
official_genus_current_only,5,GCF_030323025.1,Pseudanabaena,1152,0
official_genus_current_only,5,GCF_032393985.1,Fischerella,1190,1
official_genus_current_only,5,GCF_044923475.1,Altericista,2855430,1
official_genus_current_only,5,GCF_051131155.1,Pseudanabaena,1152,0
official_genus_current_only,5,GCF_963665995.1,Pleurocapsa,44474,0
