scenario,model,fold,metric,delta
official_genus_current_only,Random Forest,1,roc_auc,0.0
official_genus_current_only,Random Forest,1,average_precision,0.0
official_genus_current_only,Random Forest,1,genus_balanced_auc,-1.887379141862766e-15
official_genus_current_only,Random Forest,1,genus_balanced_average_precision,1.1102230246251565e-16
official_genus_current_only,Random Forest,1,audit_group_balanced_auc,-1.7763568394002505e-15
official_genus_current_only,Random Forest,1,audit_group_balanced_average_precision,0.0
official_genus_current_only,Gradient Boosting,1,roc_auc,-1.1102230246251565e-16
official_genus_current_only,Gradient Boosting,1,average_precision,0.0
official_genus_current_only,Gradient Boosting,1,genus_balanced_auc,-5.551115123125783e-16
official_genus_current_only,Gradient Boosting,1,genus_balanced_average_precision,1.1102230246251565e-16
official_genus_current_only,Gradient Boosting,1,audit_group_balanced_auc,-6.661338147750939e-16
official_genus_current_only,Gradient Boosting,1,audit_group_balanced_average_precision,0.0
official_genus_current_only,Logistic Regression,1,roc_auc,0.0
official_genus_current_only,Logistic Regression,1,average_precision,0.0
official_genus_current_only,Logistic Regression,1,genus_balanced_auc,-1.4432899320127035e-15
official_genus_current_only,Logistic Regression,1,genus_balanced_average_precision,-1.1102230246251565e-16
official_genus_current_only,Logistic Regression,1,audit_group_balanced_auc,-1.2212453270876722e-15
official_genus_current_only,Logistic Regression,1,audit_group_balanced_average_precision,-1.1102230246251565e-16
official_genus_current_only,XGBoost,1,roc_auc,0.0
official_genus_current_only,XGBoost,1,average_precision,0.0
official_genus_current_only,XGBoost,1,genus_balanced_auc,-1.5543122344752192e-15
official_genus_current_only,XGBoost,1,genus_balanced_average_precision,1.1102230246251565e-16
official_genus_current_only,XGBoost,1,audit_group_balanced_auc,-1.3322676295501878e-15
official_genus_current_only,XGBoost,1,audit_group_balanced_average_precision,-1.1102230246251565e-16
official_genus_current_only,assembly_length_only_LR,1,roc_auc,0.0
official_genus_current_only,assembly_length_only_LR,1,average_precision,-1.1102230246251565e-16
official_genus_current_only,assembly_length_only_LR,1,genus_balanced_auc,-7.771561172376096e-16
official_genus_current_only,assembly_length_only_LR,1,genus_balanced_average_precision,3.3306690738754696e-16
official_genus_current_only,assembly_length_only_LR,1,audit_group_balanced_auc,-9.992007221626409e-16
official_genus_current_only,assembly_length_only_LR,1,audit_group_balanced_average_precision,0.0
official_genus_current_only,retained_family_count_only_LR,1,roc_auc,0.0
official_genus_current_only,retained_family_count_only_LR,1,average_precision,0.0
official_genus_current_only,retained_family_count_only_LR,1,genus_balanced_auc,-9.992007221626409e-16
official_genus_current_only,retained_family_count_only_LR,1,genus_balanced_average_precision,2.220446049250313e-16
official_genus_current_only,retained_family_count_only_LR,1,audit_group_balanced_auc,-9.992007221626409e-16
official_genus_current_only,retained_family_count_only_LR,1,audit_group_balanced_average_precision,0.0
official_genus_current_only,Random Forest,2,roc_auc,0.0
official_genus_current_only,Random Forest,2,average_precision,0.0
official_genus_current_only,Random Forest,2,genus_balanced_auc,0.0
official_genus_current_only,Random Forest,2,genus_balanced_average_precision,-2.220446049250313e-16
official_genus_current_only,Random Forest,2,audit_group_balanced_auc,-2.220446049250313e-16
official_genus_current_only,Random Forest,2,audit_group_balanced_average_precision,-2.220446049250313e-16
official_genus_current_only,Gradient Boosting,2,roc_auc,0.0
official_genus_current_only,Gradient Boosting,2,average_precision,-1.1102230246251565e-16
official_genus_current_only,Gradient Boosting,2,genus_balanced_auc,1.1102230246251565e-16
official_genus_current_only,Gradient Boosting,2,genus_balanced_average_precision,0.0
official_genus_current_only,Gradient Boosting,2,audit_group_balanced_auc,0.0
official_genus_current_only,Gradient Boosting,2,audit_group_balanced_average_precision,1.1102230246251565e-16
official_genus_current_only,Logistic Regression,2,roc_auc,0.0
official_genus_current_only,Logistic Regression,2,average_precision,0.0
official_genus_current_only,Logistic Regression,2,genus_balanced_auc,3.3306690738754696e-16
official_genus_current_only,Logistic Regression,2,genus_balanced_average_precision,-1.1102230246251565e-16
official_genus_current_only,Logistic Regression,2,audit_group_balanced_auc,-1.1102230246251565e-16
official_genus_current_only,Logistic Regression,2,audit_group_balanced_average_precision,-1.1102230246251565e-16
official_genus_current_only,XGBoost,2,roc_auc,0.0
official_genus_current_only,XGBoost,2,average_precision,0.0
official_genus_current_only,XGBoost,2,genus_balanced_auc,0.0
official_genus_current_only,XGBoost,2,genus_balanced_average_precision,-1.1102230246251565e-16
official_genus_current_only,XGBoost,2,audit_group_balanced_auc,-2.220446049250313e-16
official_genus_current_only,XGBoost,2,audit_group_balanced_average_precision,-1.1102230246251565e-16
official_genus_current_only,assembly_length_only_LR,2,roc_auc,0.0
official_genus_current_only,assembly_length_only_LR,2,average_precision,2.220446049250313e-16
official_genus_current_only,assembly_length_only_LR,2,genus_balanced_auc,2.220446049250313e-16
official_genus_current_only,assembly_length_only_LR,2,genus_balanced_average_precision,-1.1102230246251565e-16
official_genus_current_only,assembly_length_only_LR,2,audit_group_balanced_auc,2.220446049250313e-16
official_genus_current_only,assembly_length_only_LR,2,audit_group_balanced_average_precision,0.0
official_genus_current_only,retained_family_count_only_LR,2,roc_auc,0.0
official_genus_current_only,retained_family_count_only_LR,2,average_precision,1.1102230246251565e-16
official_genus_current_only,retained_family_count_only_LR,2,genus_balanced_auc,0.0
official_genus_current_only,retained_family_count_only_LR,2,genus_balanced_average_precision,0.0
official_genus_current_only,retained_family_count_only_LR,2,audit_group_balanced_auc,-3.3306690738754696e-16
official_genus_current_only,retained_family_count_only_LR,2,audit_group_balanced_average_precision,0.0
official_genus_current_only,Random Forest,3,roc_auc,-1.1102230246251565e-16
official_genus_current_only,Random Forest,3,average_precision,-2.220446049250313e-16
official_genus_current_only,Random Forest,3,genus_balanced_auc,-2.220446049250313e-16
official_genus_current_only,Random Forest,3,genus_balanced_average_precision,-1.1102230246251565e-16
official_genus_current_only,Random Forest,3,audit_group_balanced_auc,-2.220446049250313e-16
official_genus_current_only,Random Forest,3,audit_group_balanced_average_precision,-1.1102230246251565e-16
official_genus_current_only,Gradient Boosting,3,roc_auc,0.0
official_genus_current_only,Gradient Boosting,3,average_precision,0.0
official_genus_current_only,Gradient Boosting,3,genus_balanced_auc,0.0
official_genus_current_only,Gradient Boosting,3,genus_balanced_average_precision,-2.220446049250313e-16
official_genus_current_only,Gradient Boosting,3,audit_group_balanced_auc,0.0
official_genus_current_only,Gradient Boosting,3,audit_group_balanced_average_precision,-2.220446049250313e-16
official_genus_current_only,Logistic Regression,3,roc_auc,-1.1102230246251565e-16
official_genus_current_only,Logistic Regression,3,average_precision,1.1102230246251565e-16
official_genus_current_only,Logistic Regression,3,genus_balanced_auc,0.0
official_genus_current_only,Logistic Regression,3,genus_balanced_average_precision,3.3306690738754696e-16
official_genus_current_only,Logistic Regression,3,audit_group_balanced_auc,0.0
official_genus_current_only,Logistic Regression,3,audit_group_balanced_average_precision,3.3306690738754696e-16
official_genus_current_only,XGBoost,3,roc_auc,-1.1102230246251565e-16
official_genus_current_only,XGBoost,3,average_precision,0.0
official_genus_current_only,XGBoost,3,genus_balanced_auc,1.1102230246251565e-16
official_genus_current_only,XGBoost,3,genus_balanced_average_precision,-1.1102230246251565e-16
official_genus_current_only,XGBoost,3,audit_group_balanced_auc,1.1102230246251565e-16
official_genus_current_only,XGBoost,3,audit_group_balanced_average_precision,-1.1102230246251565e-16
official_genus_current_only,assembly_length_only_LR,3,roc_auc,0.0
official_genus_current_only,assembly_length_only_LR,3,average_precision,-1.1102230246251565e-16
official_genus_current_only,assembly_length_only_LR,3,genus_balanced_auc,5.551115123125783e-17
official_genus_current_only,assembly_length_only_LR,3,genus_balanced_average_precision,0.0
official_genus_current_only,assembly_length_only_LR,3,audit_group_balanced_auc,5.551115123125783e-17
official_genus_current_only,assembly_length_only_LR,3,audit_group_balanced_average_precision,0.0
official_genus_current_only,retained_family_count_only_LR,3,roc_auc,-2.220446049250313e-16
official_genus_current_only,retained_family_count_only_LR,3,average_precision,-1.1102230246251565e-16
official_genus_current_only,retained_family_count_only_LR,3,genus_balanced_auc,0.0
official_genus_current_only,retained_family_count_only_LR,3,genus_balanced_average_precision,-1.1102230246251565e-16
official_genus_current_only,retained_family_count_only_LR,3,audit_group_balanced_auc,0.0
official_genus_current_only,retained_family_count_only_LR,3,audit_group_balanced_average_precision,-1.1102230246251565e-16
official_genus_current_only,Random Forest,4,roc_auc,0.0
official_genus_current_only,Random Forest,4,average_precision,0.0
official_genus_current_only,Random Forest,4,genus_balanced_auc,0.0
official_genus_current_only,Random Forest,4,genus_balanced_average_precision,0.0
official_genus_current_only,Random Forest,4,audit_group_balanced_auc,3.3306690738754696e-16
official_genus_current_only,Random Forest,4,audit_group_balanced_average_precision,0.0
official_genus_current_only,Gradient Boosting,4,roc_auc,-1.1102230246251565e-16
official_genus_current_only,Gradient Boosting,4,average_precision,2.7755575615628914e-17
official_genus_current_only,Gradient Boosting,4,genus_balanced_auc,1.1102230246251565e-16
official_genus_current_only,Gradient Boosting,4,genus_balanced_average_precision,-2.220446049250313e-16
official_genus_current_only,Gradient Boosting,4,audit_group_balanced_auc,1.1102230246251565e-16
official_genus_current_only,Gradient Boosting,4,audit_group_balanced_average_precision,-2.220446049250313e-16
official_genus_current_only,Logistic Regression,4,roc_auc,0.0
official_genus_current_only,Logistic Regression,4,average_precision,0.0
official_genus_current_only,Logistic Regression,4,genus_balanced_auc,2.220446049250313e-16
official_genus_current_only,Logistic Regression,4,genus_balanced_average_precision,1.1102230246251565e-16
official_genus_current_only,Logistic Regression,4,audit_group_balanced_auc,3.3306690738754696e-16
official_genus_current_only,Logistic Regression,4,audit_group_balanced_average_precision,1.1102230246251565e-16
official_genus_current_only,XGBoost,4,roc_auc,0.0
official_genus_current_only,XGBoost,4,average_precision,2.220446049250313e-16
official_genus_current_only,XGBoost,4,genus_balanced_auc,2.220446049250313e-16
official_genus_current_only,XGBoost,4,genus_balanced_average_precision,1.1102230246251565e-16
official_genus_current_only,XGBoost,4,audit_group_balanced_auc,2.220446049250313e-16
official_genus_current_only,XGBoost,4,audit_group_balanced_average_precision,1.1102230246251565e-16
official_genus_current_only,assembly_length_only_LR,4,roc_auc,0.0
official_genus_current_only,assembly_length_only_LR,4,average_precision,5.551115123125783e-17
official_genus_current_only,assembly_length_only_LR,4,genus_balanced_auc,2.220446049250313e-16
official_genus_current_only,assembly_length_only_LR,4,genus_balanced_average_precision,2.220446049250313e-16
official_genus_current_only,assembly_length_only_LR,4,audit_group_balanced_auc,4.440892098500626e-16
official_genus_current_only,assembly_length_only_LR,4,audit_group_balanced_average_precision,2.220446049250313e-16
official_genus_current_only,retained_family_count_only_LR,4,roc_auc,-1.1102230246251565e-16
official_genus_current_only,retained_family_count_only_LR,4,average_precision,0.0
official_genus_current_only,retained_family_count_only_LR,4,genus_balanced_auc,2.220446049250313e-16
official_genus_current_only,retained_family_count_only_LR,4,genus_balanced_average_precision,1.1102230246251565e-16
official_genus_current_only,retained_family_count_only_LR,4,audit_group_balanced_auc,1.1102230246251565e-16
official_genus_current_only,retained_family_count_only_LR,4,audit_group_balanced_average_precision,0.0
official_genus_current_only,Random Forest,5,roc_auc,1.1102230246251565e-16
official_genus_current_only,Random Forest,5,average_precision,0.0
official_genus_current_only,Random Forest,5,genus_balanced_auc,-2.220446049250313e-16
official_genus_current_only,Random Forest,5,genus_balanced_average_precision,0.0
official_genus_current_only,Random Forest,5,audit_group_balanced_auc,-2.220446049250313e-16
official_genus_current_only,Random Forest,5,audit_group_balanced_average_precision,0.0
official_genus_current_only,Gradient Boosting,5,roc_auc,0.0
official_genus_current_only,Gradient Boosting,5,average_precision,0.0
official_genus_current_only,Gradient Boosting,5,genus_balanced_auc,-1.1102230246251565e-16
official_genus_current_only,Gradient Boosting,5,genus_balanced_average_precision,0.0
official_genus_current_only,Gradient Boosting,5,audit_group_balanced_auc,-1.1102230246251565e-16
official_genus_current_only,Gradient Boosting,5,audit_group_balanced_average_precision,0.0
official_genus_current_only,Logistic Regression,5,roc_auc,1.1102230246251565e-16
official_genus_current_only,Logistic Regression,5,average_precision,1.1102230246251565e-16
official_genus_current_only,Logistic Regression,5,genus_balanced_auc,-2.220446049250313e-16
official_genus_current_only,Logistic Regression,5,genus_balanced_average_precision,-1.1102230246251565e-16
official_genus_current_only,Logistic Regression,5,audit_group_balanced_auc,-2.220446049250313e-16
official_genus_current_only,Logistic Regression,5,audit_group_balanced_average_precision,-1.1102230246251565e-16
official_genus_current_only,XGBoost,5,roc_auc,0.0
official_genus_current_only,XGBoost,5,average_precision,0.0
official_genus_current_only,XGBoost,5,genus_balanced_auc,0.0
official_genus_current_only,XGBoost,5,genus_balanced_average_precision,1.1102230246251565e-16
official_genus_current_only,XGBoost,5,audit_group_balanced_auc,0.0
official_genus_current_only,XGBoost,5,audit_group_balanced_average_precision,1.1102230246251565e-16
official_genus_current_only,assembly_length_only_LR,5,roc_auc,0.0
official_genus_current_only,assembly_length_only_LR,5,average_precision,1.1102230246251565e-16
official_genus_current_only,assembly_length_only_LR,5,genus_balanced_auc,0.0
official_genus_current_only,assembly_length_only_LR,5,genus_balanced_average_precision,-1.1102230246251565e-16
official_genus_current_only,assembly_length_only_LR,5,audit_group_balanced_auc,0.0
official_genus_current_only,assembly_length_only_LR,5,audit_group_balanced_average_precision,-1.1102230246251565e-16
official_genus_current_only,retained_family_count_only_LR,5,roc_auc,0.0
official_genus_current_only,retained_family_count_only_LR,5,average_precision,1.1102230246251565e-16
official_genus_current_only,retained_family_count_only_LR,5,genus_balanced_auc,-2.220446049250313e-16
official_genus_current_only,retained_family_count_only_LR,5,genus_balanced_average_precision,0.0
official_genus_current_only,retained_family_count_only_LR,5,audit_group_balanced_auc,-2.220446049250313e-16
official_genus_current_only,retained_family_count_only_LR,5,audit_group_balanced_average_precision,0.0
official_genus_resolved422,Random Forest,1,roc_auc,0.0
official_genus_resolved422,Random Forest,1,average_precision,0.0
official_genus_resolved422,Random Forest,1,genus_balanced_auc,4.440892098500626e-16
official_genus_resolved422,Random Forest,1,genus_balanced_average_precision,0.0
official_genus_resolved422,Random Forest,1,audit_group_balanced_auc,3.3306690738754696e-16
official_genus_resolved422,Random Forest,1,audit_group_balanced_average_precision,1.1102230246251565e-16
official_genus_resolved422,Gradient Boosting,1,roc_auc,0.0
official_genus_resolved422,Gradient Boosting,1,average_precision,1.1102230246251565e-16
official_genus_resolved422,Gradient Boosting,1,genus_balanced_auc,4.440892098500626e-16
official_genus_resolved422,Gradient Boosting,1,genus_balanced_average_precision,1.1102230246251565e-16
official_genus_resolved422,Gradient Boosting,1,audit_group_balanced_auc,3.3306690738754696e-16
official_genus_resolved422,Gradient Boosting,1,audit_group_balanced_average_precision,0.0
official_genus_resolved422,Logistic Regression,1,roc_auc,0.0
official_genus_resolved422,Logistic Regression,1,average_precision,-1.1102230246251565e-16
official_genus_resolved422,Logistic Regression,1,genus_balanced_auc,4.440892098500626e-16
official_genus_resolved422,Logistic Regression,1,genus_balanced_average_precision,1.1102230246251565e-16
official_genus_resolved422,Logistic Regression,1,audit_group_balanced_auc,3.3306690738754696e-16
official_genus_resolved422,Logistic Regression,1,audit_group_balanced_average_precision,1.1102230246251565e-16
official_genus_resolved422,XGBoost,1,roc_auc,0.0
official_genus_resolved422,XGBoost,1,average_precision,-1.1102230246251565e-16
official_genus_resolved422,XGBoost,1,genus_balanced_auc,3.3306690738754696e-16
official_genus_resolved422,XGBoost,1,genus_balanced_average_precision,0.0
official_genus_resolved422,XGBoost,1,audit_group_balanced_auc,3.3306690738754696e-16
official_genus_resolved422,XGBoost,1,audit_group_balanced_average_precision,1.1102230246251565e-16
official_genus_resolved422,assembly_length_only_LR,1,roc_auc,0.0
official_genus_resolved422,assembly_length_only_LR,1,average_precision,5.551115123125783e-17
official_genus_resolved422,assembly_length_only_LR,1,genus_balanced_auc,2.7755575615628914e-16
official_genus_resolved422,assembly_length_only_LR,1,genus_balanced_average_precision,5.551115123125783e-17
official_genus_resolved422,assembly_length_only_LR,1,audit_group_balanced_auc,2.220446049250313e-16
official_genus_resolved422,assembly_length_only_LR,1,audit_group_balanced_average_precision,5.551115123125783e-17
official_genus_resolved422,retained_family_count_only_LR,1,roc_auc,0.0
official_genus_resolved422,retained_family_count_only_LR,1,average_precision,0.0
official_genus_resolved422,retained_family_count_only_LR,1,genus_balanced_auc,5.551115123125783e-16
official_genus_resolved422,retained_family_count_only_LR,1,genus_balanced_average_precision,1.1102230246251565e-16
official_genus_resolved422,retained_family_count_only_LR,1,audit_group_balanced_auc,3.3306690738754696e-16
official_genus_resolved422,retained_family_count_only_LR,1,audit_group_balanced_average_precision,0.0
official_genus_resolved422,Random Forest,2,roc_auc,1.1102230246251565e-16
official_genus_resolved422,Random Forest,2,average_precision,1.1102230246251565e-16
official_genus_resolved422,Random Forest,2,genus_balanced_auc,-4.440892098500626e-16
official_genus_resolved422,Random Forest,2,genus_balanced_average_precision,-2.220446049250313e-16
official_genus_resolved422,Random Forest,2,audit_group_balanced_auc,-4.440892098500626e-16
official_genus_resolved422,Random Forest,2,audit_group_balanced_average_precision,-2.220446049250313e-16
official_genus_resolved422,Gradient Boosting,2,roc_auc,-1.1102230246251565e-16
official_genus_resolved422,Gradient Boosting,2,average_precision,5.551115123125783e-17
official_genus_resolved422,Gradient Boosting,2,genus_balanced_auc,-1.1102230246251565e-16
official_genus_resolved422,Gradient Boosting,2,genus_balanced_average_precision,-1.1102230246251565e-16
official_genus_resolved422,Gradient Boosting,2,audit_group_balanced_auc,-1.1102230246251565e-16
official_genus_resolved422,Gradient Boosting,2,audit_group_balanced_average_precision,-1.1102230246251565e-16
official_genus_resolved422,Logistic Regression,2,roc_auc,-1.1102230246251565e-16
official_genus_resolved422,Logistic Regression,2,average_precision,5.551115123125783e-17
official_genus_resolved422,Logistic Regression,2,genus_balanced_auc,-7.771561172376096e-16
official_genus_resolved422,Logistic Regression,2,genus_balanced_average_precision,-1.1102230246251565e-16
official_genus_resolved422,Logistic Regression,2,audit_group_balanced_auc,-7.771561172376096e-16
official_genus_resolved422,Logistic Regression,2,audit_group_balanced_average_precision,-1.1102230246251565e-16
official_genus_resolved422,XGBoost,2,roc_auc,0.0
official_genus_resolved422,XGBoost,2,average_precision,1.1102230246251565e-16
official_genus_resolved422,XGBoost,2,genus_balanced_auc,-5.551115123125783e-16
official_genus_resolved422,XGBoost,2,genus_balanced_average_precision,1.1102230246251565e-16
official_genus_resolved422,XGBoost,2,audit_group_balanced_auc,-5.551115123125783e-16
official_genus_resolved422,XGBoost,2,audit_group_balanced_average_precision,1.1102230246251565e-16
official_genus_resolved422,assembly_length_only_LR,2,roc_auc,0.0
official_genus_resolved422,assembly_length_only_LR,2,average_precision,1.1102230246251565e-16
official_genus_resolved422,assembly_length_only_LR,2,genus_balanced_auc,-3.3306690738754696e-16
official_genus_resolved422,assembly_length_only_LR,2,genus_balanced_average_precision,-2.220446049250313e-16
official_genus_resolved422,assembly_length_only_LR,2,audit_group_balanced_auc,-3.3306690738754696e-16
official_genus_resolved422,assembly_length_only_LR,2,audit_group_balanced_average_precision,-2.220446049250313e-16
official_genus_resolved422,retained_family_count_only_LR,2,roc_auc,0.0
official_genus_resolved422,retained_family_count_only_LR,2,average_precision,1.1102230246251565e-16
official_genus_resolved422,retained_family_count_only_LR,2,genus_balanced_auc,-2.220446049250313e-16
official_genus_resolved422,retained_family_count_only_LR,2,genus_balanced_average_precision,-1.1102230246251565e-16
official_genus_resolved422,retained_family_count_only_LR,2,audit_group_balanced_auc,-2.220446049250313e-16
official_genus_resolved422,retained_family_count_only_LR,2,audit_group_balanced_average_precision,-1.1102230246251565e-16
official_genus_resolved422,Random Forest,3,roc_auc,1.1102230246251565e-16
official_genus_resolved422,Random Forest,3,average_precision,1.1102230246251565e-16
official_genus_resolved422,Random Forest,3,genus_balanced_auc,1.1102230246251565e-16
official_genus_resolved422,Random Forest,3,genus_balanced_average_precision,0.0
official_genus_resolved422,Random Forest,3,audit_group_balanced_auc,1.1102230246251565e-16
official_genus_resolved422,Random Forest,3,audit_group_balanced_average_precision,0.0
official_genus_resolved422,Gradient Boosting,3,roc_auc,0.0
official_genus_resolved422,Gradient Boosting,3,average_precision,1.1102230246251565e-16
official_genus_resolved422,Gradient Boosting,3,genus_balanced_auc,-1.1102230246251565e-16
official_genus_resolved422,Gradient Boosting,3,genus_balanced_average_precision,3.3306690738754696e-16
official_genus_resolved422,Gradient Boosting,3,audit_group_balanced_auc,-1.1102230246251565e-16
official_genus_resolved422,Gradient Boosting,3,audit_group_balanced_average_precision,3.3306690738754696e-16
official_genus_resolved422,Logistic Regression,3,roc_auc,-1.1102230246251565e-16
official_genus_resolved422,Logistic Regression,3,average_precision,2.220446049250313e-16
official_genus_resolved422,Logistic Regression,3,genus_balanced_auc,-1.1102230246251565e-16
official_genus_resolved422,Logistic Regression,3,genus_balanced_average_precision,0.0
official_genus_resolved422,Logistic Regression,3,audit_group_balanced_auc,-1.1102230246251565e-16
official_genus_resolved422,Logistic Regression,3,audit_group_balanced_average_precision,0.0
official_genus_resolved422,XGBoost,3,roc_auc,1.1102230246251565e-16
official_genus_resolved422,XGBoost,3,average_precision,1.1102230246251565e-16
official_genus_resolved422,XGBoost,3,genus_balanced_auc,1.1102230246251565e-16
official_genus_resolved422,XGBoost,3,genus_balanced_average_precision,-1.1102230246251565e-16
official_genus_resolved422,XGBoost,3,audit_group_balanced_auc,-1.1102230246251565e-16
official_genus_resolved422,XGBoost,3,audit_group_balanced_average_precision,-1.1102230246251565e-16
official_genus_resolved422,assembly_length_only_LR,3,roc_auc,0.0
official_genus_resolved422,assembly_length_only_LR,3,average_precision,1.1102230246251565e-16
official_genus_resolved422,assembly_length_only_LR,3,genus_balanced_auc,2.220446049250313e-16
official_genus_resolved422,assembly_length_only_LR,3,genus_balanced_average_precision,2.220446049250313e-16
official_genus_resolved422,assembly_length_only_LR,3,audit_group_balanced_auc,-1.1102230246251565e-16
official_genus_resolved422,assembly_length_only_LR,3,audit_group_balanced_average_precision,2.220446049250313e-16
official_genus_resolved422,retained_family_count_only_LR,3,roc_auc,-1.1102230246251565e-16
official_genus_resolved422,retained_family_count_only_LR,3,average_precision,-1.1102230246251565e-16
official_genus_resolved422,retained_family_count_only_LR,3,genus_balanced_auc,2.220446049250313e-16
official_genus_resolved422,retained_family_count_only_LR,3,genus_balanced_average_precision,2.220446049250313e-16
official_genus_resolved422,retained_family_count_only_LR,3,audit_group_balanced_auc,0.0
official_genus_resolved422,retained_family_count_only_LR,3,audit_group_balanced_average_precision,2.220446049250313e-16
official_genus_resolved422,Random Forest,4,roc_auc,-1.1102230246251565e-16
official_genus_resolved422,Random Forest,4,average_precision,1.1102230246251565e-16
official_genus_resolved422,Random Forest,4,genus_balanced_auc,2.220446049250313e-16
official_genus_resolved422,Random Forest,4,genus_balanced_average_precision,1.1102230246251565e-16
official_genus_resolved422,Random Forest,4,audit_group_balanced_auc,2.220446049250313e-16
official_genus_resolved422,Random Forest,4,audit_group_balanced_average_precision,1.1102230246251565e-16
official_genus_resolved422,Gradient Boosting,4,roc_auc,1.1102230246251565e-16
official_genus_resolved422,Gradient Boosting,4,average_precision,-2.220446049250313e-16
official_genus_resolved422,Gradient Boosting,4,genus_balanced_auc,1.1102230246251565e-16
official_genus_resolved422,Gradient Boosting,4,genus_balanced_average_precision,2.220446049250313e-16
official_genus_resolved422,Gradient Boosting,4,audit_group_balanced_auc,1.1102230246251565e-16
official_genus_resolved422,Gradient Boosting,4,audit_group_balanced_average_precision,2.220446049250313e-16
official_genus_resolved422,Logistic Regression,4,roc_auc,-1.1102230246251565e-16
official_genus_resolved422,Logistic Regression,4,average_precision,0.0
official_genus_resolved422,Logistic Regression,4,genus_balanced_auc,1.1102230246251565e-16
official_genus_resolved422,Logistic Regression,4,genus_balanced_average_precision,-1.1102230246251565e-16
official_genus_resolved422,Logistic Regression,4,audit_group_balanced_auc,1.1102230246251565e-16
official_genus_resolved422,Logistic Regression,4,audit_group_balanced_average_precision,-1.1102230246251565e-16
official_genus_resolved422,XGBoost,4,roc_auc,1.1102230246251565e-16
official_genus_resolved422,XGBoost,4,average_precision,-1.1102230246251565e-16
official_genus_resolved422,XGBoost,4,genus_balanced_auc,2.220446049250313e-16
official_genus_resolved422,XGBoost,4,genus_balanced_average_precision,0.0
official_genus_resolved422,XGBoost,4,audit_group_balanced_auc,2.220446049250313e-16
official_genus_resolved422,XGBoost,4,audit_group_balanced_average_precision,0.0
official_genus_resolved422,assembly_length_only_LR,4,roc_auc,-1.1102230246251565e-16
official_genus_resolved422,assembly_length_only_LR,4,average_precision,-1.1102230246251565e-16
official_genus_resolved422,assembly_length_only_LR,4,genus_balanced_auc,1.1102230246251565e-16
official_genus_resolved422,assembly_length_only_LR,4,genus_balanced_average_precision,3.3306690738754696e-16
official_genus_resolved422,assembly_length_only_LR,4,audit_group_balanced_auc,1.1102230246251565e-16
official_genus_resolved422,assembly_length_only_LR,4,audit_group_balanced_average_precision,3.3306690738754696e-16
official_genus_resolved422,retained_family_count_only_LR,4,roc_auc,0.0
official_genus_resolved422,retained_family_count_only_LR,4,average_precision,1.1102230246251565e-16
official_genus_resolved422,retained_family_count_only_LR,4,genus_balanced_auc,1.1102230246251565e-16
official_genus_resolved422,retained_family_count_only_LR,4,genus_balanced_average_precision,1.1102230246251565e-16
official_genus_resolved422,retained_family_count_only_LR,4,audit_group_balanced_auc,1.1102230246251565e-16
official_genus_resolved422,retained_family_count_only_LR,4,audit_group_balanced_average_precision,1.1102230246251565e-16
official_genus_resolved422,Random Forest,5,roc_auc,0.0
official_genus_resolved422,Random Forest,5,average_precision,0.0
official_genus_resolved422,Random Forest,5,genus_balanced_auc,5.551115123125783e-17
official_genus_resolved422,Random Forest,5,genus_balanced_average_precision,0.0
official_genus_resolved422,Random Forest,5,audit_group_balanced_auc,-1.1102230246251565e-16
official_genus_resolved422,Random Forest,5,audit_group_balanced_average_precision,0.0
official_genus_resolved422,Gradient Boosting,5,roc_auc,0.0
official_genus_resolved422,Gradient Boosting,5,average_precision,-1.1102230246251565e-16
official_genus_resolved422,Gradient Boosting,5,genus_balanced_auc,0.0
official_genus_resolved422,Gradient Boosting,5,genus_balanced_average_precision,0.0
official_genus_resolved422,Gradient Boosting,5,audit_group_balanced_auc,0.0
official_genus_resolved422,Gradient Boosting,5,audit_group_balanced_average_precision,0.0
official_genus_resolved422,Logistic Regression,5,roc_auc,-1.1102230246251565e-16
official_genus_resolved422,Logistic Regression,5,average_precision,1.1102230246251565e-16
official_genus_resolved422,Logistic Regression,5,genus_balanced_auc,0.0
official_genus_resolved422,Logistic Regression,5,genus_balanced_average_precision,0.0
official_genus_resolved422,Logistic Regression,5,audit_group_balanced_auc,1.1102230246251565e-16
official_genus_resolved422,Logistic Regression,5,audit_group_balanced_average_precision,-3.3306690738754696e-16
official_genus_resolved422,XGBoost,5,roc_auc,0.0
official_genus_resolved422,XGBoost,5,average_precision,0.0
official_genus_resolved422,XGBoost,5,genus_balanced_auc,0.0
official_genus_resolved422,XGBoost,5,genus_balanced_average_precision,0.0
official_genus_resolved422,XGBoost,5,audit_group_balanced_auc,0.0
official_genus_resolved422,XGBoost,5,audit_group_balanced_average_precision,0.0
official_genus_resolved422,assembly_length_only_LR,5,roc_auc,5.551115123125783e-17
official_genus_resolved422,assembly_length_only_LR,5,average_precision,0.0
official_genus_resolved422,assembly_length_only_LR,5,genus_balanced_auc,0.0
official_genus_resolved422,assembly_length_only_LR,5,genus_balanced_average_precision,0.0
official_genus_resolved422,assembly_length_only_LR,5,audit_group_balanced_auc,-5.551115123125783e-17
official_genus_resolved422,assembly_length_only_LR,5,audit_group_balanced_average_precision,0.0
official_genus_resolved422,retained_family_count_only_LR,5,roc_auc,0.0
official_genus_resolved422,retained_family_count_only_LR,5,average_precision,1.1102230246251565e-16
official_genus_resolved422,retained_family_count_only_LR,5,genus_balanced_auc,0.0
official_genus_resolved422,retained_family_count_only_LR,5,genus_balanced_average_precision,1.1102230246251565e-16
official_genus_resolved422,retained_family_count_only_LR,5,audit_group_balanced_auc,1.1102230246251565e-16
official_genus_resolved422,retained_family_count_only_LR,5,audit_group_balanced_average_precision,-3.3306690738754696e-16
official_genus_current_only,Gradient Boosting,pooled,roc_auc,0.0
official_genus_current_only,Gradient Boosting,pooled,average_precision,5.551115123125783e-17
official_genus_current_only,Gradient Boosting,pooled,genus_balanced_auc,7.771561172376096e-16
official_genus_current_only,Gradient Boosting,pooled,genus_balanced_average_precision,-1.1102230246251565e-16
official_genus_current_only,Gradient Boosting,pooled,audit_group_balanced_auc,5.551115123125783e-16
official_genus_current_only,Gradient Boosting,pooled,audit_group_balanced_average_precision,-1.1102230246251565e-16
official_genus_current_only,Logistic Regression,pooled,roc_auc,1.1102230246251565e-16
official_genus_current_only,Logistic Regression,pooled,average_precision,-2.220446049250313e-16
official_genus_current_only,Logistic Regression,pooled,genus_balanced_auc,-3.3306690738754696e-16
official_genus_current_only,Logistic Regression,pooled,genus_balanced_average_precision,-6.661338147750939e-16
official_genus_current_only,Logistic Regression,pooled,audit_group_balanced_auc,-5.551115123125783e-16
official_genus_current_only,Logistic Regression,pooled,audit_group_balanced_average_precision,-3.3306690738754696e-16
official_genus_current_only,Random Forest,pooled,roc_auc,1.1102230246251565e-16
official_genus_current_only,Random Forest,pooled,average_precision,-5.551115123125783e-16
official_genus_current_only,Random Forest,pooled,genus_balanced_auc,6.661338147750939e-16
official_genus_current_only,Random Forest,pooled,genus_balanced_average_precision,-1.1102230246251565e-16
official_genus_current_only,Random Forest,pooled,audit_group_balanced_auc,1.7763568394002505e-15
official_genus_current_only,Random Forest,pooled,audit_group_balanced_average_precision,-1.1102230246251565e-16
official_genus_current_only,XGBoost,pooled,roc_auc,0.0
official_genus_current_only,XGBoost,pooled,average_precision,0.0
official_genus_current_only,XGBoost,pooled,genus_balanced_auc,-1.1102230246251565e-16
official_genus_current_only,XGBoost,pooled,genus_balanced_average_precision,-2.220446049250313e-16
official_genus_current_only,XGBoost,pooled,audit_group_balanced_auc,9.992007221626409e-16
official_genus_current_only,XGBoost,pooled,audit_group_balanced_average_precision,1.1102230246251565e-16
official_genus_current_only,assembly_length_only_LR,pooled,roc_auc,-1.1102230246251565e-16
official_genus_current_only,assembly_length_only_LR,pooled,average_precision,0.0
official_genus_current_only,assembly_length_only_LR,pooled,genus_balanced_auc,-5.551115123125783e-16
official_genus_current_only,assembly_length_only_LR,pooled,genus_balanced_average_precision,1.1102230246251565e-16
official_genus_current_only,assembly_length_only_LR,pooled,audit_group_balanced_auc,-1.6653345369377348e-15
official_genus_current_only,assembly_length_only_LR,pooled,audit_group_balanced_average_precision,1.1102230246251565e-16
official_genus_current_only,retained_family_count_only_LR,pooled,roc_auc,0.0
official_genus_current_only,retained_family_count_only_LR,pooled,average_precision,2.220446049250313e-16
official_genus_current_only,retained_family_count_only_LR,pooled,genus_balanced_auc,4.440892098500626e-16
official_genus_current_only,retained_family_count_only_LR,pooled,genus_balanced_average_precision,-2.220446049250313e-16
official_genus_current_only,retained_family_count_only_LR,pooled,audit_group_balanced_auc,3.3306690738754696e-16
official_genus_current_only,retained_family_count_only_LR,pooled,audit_group_balanced_average_precision,1.1102230246251565e-16
official_genus_resolved422,Gradient Boosting,pooled,roc_auc,0.0
official_genus_resolved422,Gradient Boosting,pooled,average_precision,1.1102230246251565e-16
official_genus_resolved422,Gradient Boosting,pooled,genus_balanced_auc,-2.6645352591003757e-15
official_genus_resolved422,Gradient Boosting,pooled,genus_balanced_average_precision,4.440892098500626e-16
official_genus_resolved422,Gradient Boosting,pooled,audit_group_balanced_auc,-1.5543122344752192e-15
official_genus_resolved422,Gradient Boosting,pooled,audit_group_balanced_average_precision,-1.1102230246251565e-16
official_genus_resolved422,Logistic Regression,pooled,roc_auc,0.0
official_genus_resolved422,Logistic Regression,pooled,average_precision,-2.220446049250313e-16
official_genus_resolved422,Logistic Regression,pooled,genus_balanced_auc,-1.887379141862766e-15
official_genus_resolved422,Logistic Regression,pooled,genus_balanced_average_precision,-1.1102230246251565e-16
official_genus_resolved422,Logistic Regression,pooled,audit_group_balanced_auc,-1.3322676295501878e-15
official_genus_resolved422,Logistic Regression,pooled,audit_group_balanced_average_precision,6.661338147750939e-16
official_genus_resolved422,Random Forest,pooled,roc_auc,0.0
official_genus_resolved422,Random Forest,pooled,average_precision,-1.1102230246251565e-16
official_genus_resolved422,Random Forest,pooled,genus_balanced_auc,-2.3314683517128287e-15
official_genus_resolved422,Random Forest,pooled,genus_balanced_average_precision,3.3306690738754696e-16
official_genus_resolved422,Random Forest,pooled,audit_group_balanced_auc,-1.887379141862766e-15
official_genus_resolved422,Random Forest,pooled,audit_group_balanced_average_precision,4.440892098500626e-16
official_genus_resolved422,XGBoost,pooled,roc_auc,-1.1102230246251565e-16
official_genus_resolved422,XGBoost,pooled,average_precision,-3.3306690738754696e-16
official_genus_resolved422,XGBoost,pooled,genus_balanced_auc,-1.6653345369377348e-15
official_genus_resolved422,XGBoost,pooled,genus_balanced_average_precision,2.220446049250313e-16
official_genus_resolved422,XGBoost,pooled,audit_group_balanced_auc,-4.440892098500626e-16
official_genus_resolved422,XGBoost,pooled,audit_group_balanced_average_precision,-2.220446049250313e-16
official_genus_resolved422,assembly_length_only_LR,pooled,roc_auc,0.0
official_genus_resolved422,assembly_length_only_LR,pooled,average_precision,-1.1102230246251565e-16
official_genus_resolved422,assembly_length_only_LR,pooled,genus_balanced_auc,-1.7763568394002505e-15
official_genus_resolved422,assembly_length_only_LR,pooled,genus_balanced_average_precision,1.1102230246251565e-16
official_genus_resolved422,assembly_length_only_LR,pooled,audit_group_balanced_auc,-2.4424906541753444e-15
official_genus_resolved422,assembly_length_only_LR,pooled,audit_group_balanced_average_precision,0.0
official_genus_resolved422,retained_family_count_only_LR,pooled,roc_auc,-1.1102230246251565e-16
official_genus_resolved422,retained_family_count_only_LR,pooled,average_precision,0.0
official_genus_resolved422,retained_family_count_only_LR,pooled,genus_balanced_auc,1.1102230246251565e-16
official_genus_resolved422,retained_family_count_only_LR,pooled,genus_balanced_average_precision,0.0
official_genus_resolved422,retained_family_count_only_LR,pooled,audit_group_balanced_auc,2.220446049250313e-16
official_genus_resolved422,retained_family_count_only_LR,pooled,audit_group_balanced_average_precision,1.1102230246251565e-16
