scenario,model,reference,accuracy_mean,precision_mean,recall_mean,f1_mean,roc_auc_mean,average_precision_mean,genus_balanced_auc_mean,genus_balanced_average_precision_mean,audit_group_balanced_auc_mean,audit_group_balanced_average_precision_mean,pooled_accuracy,pooled_precision,pooled_recall,pooled_f1,pooled_roc_auc,pooled_average_precision,pooled_genus_balanced_auc,pooled_genus_balanced_average_precision,pooled_audit_group_balanced_auc,pooled_audit_group_balanced_average_precision
official_genus_resolved422,Random Forest,original_partition_OOF_scores_restricted_to_same_surviving_rows; folds remain original for this reference,0.8746106113609862,0.8504481792717087,0.7077072192513368,0.7524171154049203,0.8536897511850805,0.8084631095783535,0.830298288194208,0.843908268759541,0.8325868868993334,0.8416513516126217,0.9170616113744076,0.8842105263157894,0.7777777777777778,0.8275862068965517,0.9261323425336164,0.8689990421654972,0.7746402019249755,0.8120387210899249,0.7713031093701226,0.8096876989620818
official_genus_resolved422,Gradient Boosting,original_partition_OOF_scores_restricted_to_same_surviving_rows; folds remain original for this reference,0.7912293853073462,0.6040839131351465,0.8220091673032849,0.6752777777777779,0.8702094133314107,0.7929926989747033,0.8426319586623985,0.8434115115004003,0.8518547874648611,0.8455702687946554,0.8104265402843602,0.5897435897435898,0.8518518518518519,0.696969696969697,0.8542551309271055,0.6240942653241228,0.7846102933391019,0.786914683382793,0.7833080345735819,0.7835787005746818
official_genus_resolved422,Logistic Regression,original_partition_OOF_scores_restricted_to_same_surviving_rows; folds remain original for this reference,0.7919685990338163,0.6275472143664362,0.7866844919786096,0.680666136189392,0.8814855476095735,0.8058432930359221,0.8532273135691237,0.8949867780942539,0.8576505033669779,0.8877939185243535,0.8199052132701422,0.6095890410958904,0.8240740740740741,0.7007874015748031,0.8932531257372022,0.8108050885017043,0.8018465825295131,0.8379631865941628,0.7827134109322782,0.821431024550981
official_genus_resolved422,XGBoost,original_partition_OOF_scores_restricted_to_same_surviving_rows; folds remain original for this reference,0.7973908878893886,0.6226270666270667,0.7849197860962567,0.681539886518256,0.8856350053633069,0.8381651072788845,0.8715765469345744,0.903040670467461,0.8699853478816095,0.8957020790770036,0.8317535545023697,0.6312056737588653,0.8240740740740741,0.714859437751004,0.9123319179051664,0.8456365504289443,0.8108130610393511,0.8445419905933589,0.7911297738922565,0.8280697412126926
official_genus_resolved422,assembly_length_only_LR,original_partition_OOF_scores_restricted_to_same_surviving_rows; folds remain original for this reference,0.8241087789438615,0.7394127611518916,0.6090708556149733,0.6482579436067808,0.8266731518543733,0.7284541797989392,0.6896934326043882,0.6870780330714139,0.6855813230572383,0.681751619825248,0.8459715639810427,0.7263157894736842,0.6388888888888888,0.6798029556650246,0.8934595423448927,0.7318451539505452,0.665576510719172,0.6224966896341587,0.658384070795263,0.607881089679379
official_genus_resolved422,retained_family_count_only_LR,original_partition_OOF_scores_restricted_to_same_surviving_rows; folds remain original for this reference,0.8660169915042479,0.9777777777777779,0.5222669977081742,0.6477562482011869,0.7643258119944891,0.7133194814086818,0.7263423337942159,0.8165861821621263,0.7494094203866535,0.8166903241368397,0.8957345971563981,0.9848484848484849,0.6018518518518519,0.7471264367816092,0.7781316348195331,0.7458487582980825,0.7584861093563954,0.8141721226185086,0.7660108624092039,0.8178205970144099
official_genus_current_only,Random Forest,original_partition_OOF_scores_restricted_to_same_surviving_rows; folds remain original for this reference,0.8699819716747275,0.8574322169059011,0.7004529747691637,0.751389228886169,0.8512815180359194,0.8108525011403962,0.8142749566052906,0.8446171836961425,0.815871860001316,0.8420998081685941,0.914572864321608,0.8876404494382022,0.7669902912621359,0.8229166666666666,0.9242060227085733,0.8651825333629379,0.763394579499336,0.8173523160322561,0.7662458365942606,0.8149404581940319
official_genus_current_only,Gradient Boosting,original_partition_OOF_scores_restricted_to_same_surviving_rows; folds remain original for this reference,0.7864206840362647,0.6006501575467093,0.8163399943709541,0.672378037691241,0.8647464953784658,0.7886331167663865,0.8279133391502231,0.8409743552332692,0.8374889186810555,0.8431075213189573,0.8065326633165829,0.5878378378378378,0.8446601941747572,0.6932270916334662,0.8495145631067961,0.6095538208651016,0.768920729321985,0.7885163300958726,0.7737900135618075,0.7851986531699198
official_genus_current_only,Logistic Regression,original_partition_OOF_scores_restricted_to_same_surviving_rows; folds remain original for this reference,0.7896408636261203,0.6244779866981005,0.7796318603996621,0.6771288503740085,0.8758618281004866,0.7956097960599723,0.8469025596233385,0.8956680683583796,0.8495895889985141,0.8885777639349761,0.8165829145728644,0.6086956521739131,0.8155339805825242,0.6970954356846473,0.8888596346881685,0.8043482709883122,0.7903423197616026,0.842401326238936,0.7759032941664976,0.826408758050837
official_genus_current_only,XGBoost,original_partition_OOF_scores_restricted_to_same_surviving_rows; folds remain original for this reference,0.7954625825575953,0.6211766285832783,0.778393470306783,0.6794084023589056,0.8808364645748143,0.8309765686692753,0.8652397602510604,0.9039138077277675,0.8632460654572809,0.8971740393617897,0.8291457286432161,0.631578947368421,0.8155339805825242,0.711864406779661,0.9097581043277932,0.8422469600802476,0.7936145489362885,0.844745574812185,0.7783374993235261,0.8281983291168724
official_genus_current_only,assembly_length_only_LR,original_partition_OOF_scores_restricted_to_same_surviving_rows; folds remain original for this reference,0.8234714927106627,0.7549599805966529,0.5918522647830547,0.6428964885331608,0.8314347300941751,0.7413040784056528,0.6756873444115955,0.6966355498451933,0.669979137740612,0.6910037118217837,0.8467336683417085,0.7441860465116279,0.6213592233009708,0.6772486772486772,0.8944215896001316,0.7382280968688218,0.6511210706955404,0.6269713120095058,0.6506098478014299,0.6114130962490512
official_genus_current_only,retained_family_count_only_LR,original_partition_OOF_scores_restricted_to_same_surviving_rows; folds remain original for this reference,0.8613288089170871,0.9777777777777779,0.5163148997212714,0.6433622517833044,0.757317999492858,0.7083595012535174,0.7182537691772601,0.8208679456306267,0.7393354951338809,0.8204802223401014,0.8919597989949749,0.9838709677419355,0.5922330097087378,0.7393939393939394,0.7711370742142505,0.7400640628308006,0.7486628266760464,0.8200894094600942,0.7587105868686371,0.8222701106266899
