functional_bin	n	pct	set_type	source
Other (misc.)	47	47.0	Gene-driven	attached_extracted/Re_ Genus CV splits (3)_extracted/top100_protein_vs_gene_comparison_package_extracted/top100_protein_vs_gene_functional_composition.csv
Unknown / uncharacterized	19	19.0	Gene-driven	attached_extracted/Re_ Genus CV splits (3)_extracted/top100_protein_vs_gene_comparison_package_extracted/top100_protein_vs_gene_functional_composition.csv
Central metabolism (C/N/energy)	12	12.0	Gene-driven	attached_extracted/Re_ Genus CV splits (3)_extracted/top100_protein_vs_gene_comparison_package_extracted/top100_protein_vs_gene_functional_composition.csv
DNA replication/repair	5	5.0	Gene-driven	attached_extracted/Re_ Genus CV splits (3)_extracted/top100_protein_vs_gene_comparison_package_extracted/top100_protein_vs_gene_functional_composition.csv
Regulation & signaling	4	4.0	Gene-driven	attached_extracted/Re_ Genus CV splits (3)_extracted/top100_protein_vs_gene_comparison_package_extracted/top100_protein_vs_gene_functional_composition.csv
Transporters (non-metal specific)	4	4.0	Gene-driven	attached_extracted/Re_ Genus CV splits (3)_extracted/top100_protein_vs_gene_comparison_package_extracted/top100_protein_vs_gene_functional_composition.csv
Heterocyst differentiation & envelope	3	3.0	Gene-driven	attached_extracted/Re_ Genus CV splits (3)_extracted/top100_protein_vs_gene_comparison_package_extracted/top100_protein_vs_gene_functional_composition.csv
Stress response / ROS / proteostasis	2	2.0	Gene-driven	attached_extracted/Re_ Genus CV splits (3)_extracted/top100_protein_vs_gene_comparison_package_extracted/top100_protein_vs_gene_functional_composition.csv
Redox & electron transport / respiration	2	2.0	Gene-driven	attached_extracted/Re_ Genus CV splits (3)_extracted/top100_protein_vs_gene_comparison_package_extracted/top100_protein_vs_gene_functional_composition.csv
Photosynthesis & carbon fixation	1	1.0	Gene-driven	attached_extracted/Re_ Genus CV splits (3)_extracted/top100_protein_vs_gene_comparison_package_extracted/top100_protein_vs_gene_functional_composition.csv
Metal/cofactor transport	1	1.0	Gene-driven	attached_extracted/Re_ Genus CV splits (3)_extracted/top100_protein_vs_gene_comparison_package_extracted/top100_protein_vs_gene_functional_composition.csv
Other (misc.)	25	25.0	Protein-driven	attached_extracted/Re_ Genus CV splits (3)_extracted/top100_protein_vs_gene_comparison_package_extracted/top100_protein_vs_gene_functional_composition.csv
Central metabolism (C/N/energy)	20	20.0	Protein-driven	attached_extracted/Re_ Genus CV splits (3)_extracted/top100_protein_vs_gene_comparison_package_extracted/top100_protein_vs_gene_functional_composition.csv
Redox & electron transport / respiration	14	14.000000000000002	Protein-driven	attached_extracted/Re_ Genus CV splits (3)_extracted/top100_protein_vs_gene_comparison_package_extracted/top100_protein_vs_gene_functional_composition.csv
Translation & ribosome	11	11.0	Protein-driven	attached_extracted/Re_ Genus CV splits (3)_extracted/top100_protein_vs_gene_comparison_package_extracted/top100_protein_vs_gene_functional_composition.csv
Unknown / uncharacterized	9	9.0	Protein-driven	attached_extracted/Re_ Genus CV splits (3)_extracted/top100_protein_vs_gene_comparison_package_extracted/top100_protein_vs_gene_functional_composition.csv
Transporters (non-metal specific)	7	7.000000000000001	Protein-driven	attached_extracted/Re_ Genus CV splits (3)_extracted/top100_protein_vs_gene_comparison_package_extracted/top100_protein_vs_gene_functional_composition.csv
Stress response / ROS / proteostasis	5	5.0	Protein-driven	attached_extracted/Re_ Genus CV splits (3)_extracted/top100_protein_vs_gene_comparison_package_extracted/top100_protein_vs_gene_functional_composition.csv
Photosynthesis & carbon fixation	5	5.0	Protein-driven	attached_extracted/Re_ Genus CV splits (3)_extracted/top100_protein_vs_gene_comparison_package_extracted/top100_protein_vs_gene_functional_composition.csv
Regulation & signaling	4	4.0	Protein-driven	attached_extracted/Re_ Genus CV splits (3)_extracted/top100_protein_vs_gene_comparison_package_extracted/top100_protein_vs_gene_functional_composition.csv
