Gene,Importance,Rank,Representative Gene
genome_GCF_020091585.1_CDS_0497,0.0208108921018211,1,DACSA_RS05035
genome_GCF_026802175.1_CDS_3142,0.0121874591929624,2,DACSA_RS03645
genome_GCF_014489415.1_CDS_0531,0.0103625677767475,3,IJ00_RS02110
genome_GCF_002813575.1_CDS_6172,0.0101373787921465,4,IJ00_RS21150
genome_GCF_000147335.1_CDS_0125,0.0092909329185711,5,CYAN10605_RS01305
genome_GCF_048077055.1_CDS_5949,0.0089849610680407,6,IJ00_RS20110
genome_GCF_028623165.1_CDS_1629,0.0089565198316362,7,GLO7428_RS22825
genome_GCF_001548455.1_CDS_4379,0.0085699397434375,8,IJ00_RS20095
genome_GCF_022701275.1_CDS_3137,0.0085358469558663,9,IJ00_RS19035
genome_GCF_013177315.1_CDS_3572,0.0085288203095468,10,FIS3754_RS19805
genome_GCF_042465725.1_CDS_4076,0.0077959062382003,11,MYO_RS01045
genome_GCF_000317495.1_CDS_1503,0.0077661873179141,12,IJ00_RS01860
genome_GCF_003367075.2_CDS_0843,0.0074378264471831,13,IJ00_RS16180
genome_GCF_022063185.1_CDS_0733,0.0073911786009174,14,FIS3754_RS20970
genome_GCF_018336915.1_CDS_1717,0.0072617625224239,15,
genome_GCF_032393985.1_CDS_4845,0.0070484982312254,16,MYO_RS09805
genome_GCF_000316665.1_CDS_2657,0.0069068560089389,17,CYAN10605_RS11170
genome_GCF_000317045.1_CDS_1684,0.0068353014537834,18,IJ00_RS25370
genome_GCF_002368355.1_CDS_0653,0.0068149375038177,19,MYO_RS13875
genome_GCF_002368395.1_CDS_3505,0.0062200911520264,20,CYAN10605_RS06425
genome_GCF_000317515.1_CDS_0004,0.0061946275399023,21,MYO_RS00645
genome_GCF_001767235.1_CDS_4461,0.0059968838833313,22,IJ00_RS03175
genome_GCF_000317065.1_CDS_0210,0.0059450595921768,23,IJ00_RS14035
genome_GCF_904830925.1_CDS_0734,0.0059415364488984,24,CYAN10605_RS02805
genome_GCF_002163975.1_CDS_3020,0.0058092129680422,25,IJ00_RS02560
genome_GCF_023983615.1_CDS_3497,0.0057079366763144,26,IJ00_RS17050
genome_GCF_000317515.1_CDS_4366,0.0055205895123665,27,IJ00_RS20540
genome_GCF_019891175.1_CDS_3540,0.0052372004755113,28,IJ00_RS10960
genome_GCF_002163975.1_CDS_5404,0.005064217362744,29,MYO_RS06420
genome_GCF_002368175.1_CDS_6419,0.0050617810456439,30,ANACY_RS18630
genome_GCF_000204075.1_CDS_3034,0.0050366981097253,31,CYAN10605_RS12655
genome_GCF_000316575.1_CDS_2846,0.0050270054700388,32,FIS3754_RS01070
genome_GCF_002355455.1_CDS_4135,0.0049086437211472,33,IJ00_RS12925
genome_GCF_003060805.1_CDS_2670,0.0048908998009092,34,DACSA_RS10570
genome_GCF_001854205.2_CDS_0923,0.00481446922056,35,ETSB_RS00615
genome_GCF_000316625.1_CDS_0889,0.0047520996301708,36,ANACY_RS07805
genome_GCF_052692665.1_CDS_6578,0.004744071838826,37,IJ00_RS20515
genome_GCF_052692655.1_CDS_3903,0.0046894384399123,38,IJ00_RS23450
genome_GCF_000317555.1_CDS_1758,0.0044106837636109,39,MYO_RS14605
genome_GCF_000317025.1_CDS_0507,0.00439964049723,40,IJ00_RS19610
genome_GCF_002075285.2_CDS_1017,0.0043073576988421,41,CYAN10605_RS09745
genome_GCF_002355455.1_CDS_0216,0.0042715349426317,42,ANACY_RS08470
genome_GCF_000317495.1_CDS_0093,0.0041949198806206,43,STA7437_RS13455
genome_GCF_040564635.1_CDS_4692,0.0041901582428482,44,ANACY_RS09250
genome_GCF_019891175.1_CDS_0926,0.0041745280153889,45,IJ00_RS01405
genome_GCF_002075285.3_CDS_2990,0.0041376053511281,46,FIS3754_RS17615
genome_GCF_023546805.1_CDS_5272,0.0041194616106454,47,STA7437_RS18320
genome_GCF_022701255.1_CDS_1269,0.0040838417403615,48,IJ00_RS23575
genome_GCF_043099305.1_CDS_1717,0.0039719316144772,49,ETSB_RS02035
genome_GCF_047276495.1_CDS_4114,0.0039161977849344,50,MYO_RS13155
genome_GCF_000009705.1_CDS_1631,0.0036067483727919,51,IJ00_RS15975
genome_GCF_000204075.1_CDS_1191,0.0035901681151677,52,IJ00_RS05070
genome_GCF_048077055.1_CDS_4264,0.0035106587181659,53,ETSB_RS06930
genome_GCF_000009705.1_CDS_3112,0.0034997727403557,54,GKIL_RS00500
genome_GCF_002163975.1_CDS_5489,0.0034831718238571,55,MYO_RS10990
genome_GCF_000009705.1_CDS_4942,0.0033868382487447,56,IJ00_RS02310
genome_GCF_000317435.1_CDS_2778,0.0033781228580251,57,CYAN10605_RS12675
genome_GCF_000316665.1_CDS_1000,0.0033359113246734,58,IJ00_RS23790
genome_GCF_000317435.1_CDS_2706,0.0033227824038192,59,IJ00_RS05420
genome_GCF_000317515.1_CDS_5973,0.0033125205712977,60,IJ00_RS19270
genome_GCF_000317555.1_CDS_3288,0.0031871001255172,61,M744_RS01455
genome_GCF_000317515.1_CDS_3965,0.0031853083230466,62,ANACY_RS02430
genome_GCF_042465725.1_CDS_0198,0.0031638804323706,63,MYO_RS05000
genome_GCF_032598965.1_CDS_2842,0.0031617753619805,64,IJ00_RS26165
genome_GCF_022376295.1_CDS_1843,0.0031598816968763,65,
genome_GCF_000019485.1_CDS_1558,0.0031561260967353,66,MYO_RS08780
genome_GCF_000316645.1_CDS_2697,0.0031490572819094,67,STA7437_RS03255
genome_GCF_000196515.1_CDS_3468,0.0031411714345608,68,CYAN10605_RS00285
genome_GCF_904830765.1_CDS_1151,0.0031317050279662,69,FIS3754_RS07395
genome_GCF_000317575.1_CDS_0664,0.0031057987765369,70,IJ00_RS12100
genome_GCF_000317085.1_CDS_1982,0.0030603887000284,71,M744_RS06315
genome_GCF_002368395.1_CDS_2380,0.003030604736502,72,MYO_RS00285
genome_GCF_000317105.1_CDS_5357,0.003029435078949,73,IJ00_RS22815
genome_GCF_002368175.1_CDS_2787,0.002858758522714,74,CYAN10605_RS00010
genome_GCF_038096175.1_CDS_4736,0.0027346003772528,75,IJ00_RS24895
genome_GCF_012295525.1_CDS_4851,0.0026539598393039,76,ANACY_RS01185
genome_GCF_023983615.1_CDS_1914,0.0026335889642954,77,IJ00_RS24855
genome_GCF_000317515.1_CDS_0043,0.0025205026219734,78,CYAN10605_RS08285
genome_GCF_051131155.1_CDS_1522,0.0024909427711525,79,CYAN10605_RS12510
genome_GCF_012295525.1_CDS_3303,0.0024303443274507,80,IJ00_RS01400
genome_GCF_020091585.1_CDS_4030,0.0024192778702608,81,IJ00_RS18210
genome_GCF_013177315.1_CDS_1456,0.0023687262398001,82,ANACY_RS25875
genome_GCF_001548395.1_CDS_2284,0.0023548438354194,83,ANACY_RS13300
genome_GCF_037094475.1_CDS_1061,0.002354287602666,84,IJ00_RS01395
genome_GCF_000317105.1_CDS_3309,0.0023436854084259,85,IJ00_RS23345
genome_GCF_032163395.1_CDS_3310,0.0023161992403507,86,
genome_GCF_018389385.1_CDS_3791,0.002294570345964,87,IJ00_RS00065
genome_GCF_002075285.3_CDS_4821,0.0022918022067989,88,CYAN10605_RS12130
genome_GCF_019891175.1_CDS_1865,0.0022912376323861,89,ANACY_RS12255
genome_GCF_002142475.1_CDS_1886,0.0022858429000716,90,IJ00_RS26070
genome_GCF_022701255.1_CDS_3970,0.0022856014973732,91,O77CONTIG1_RS17770
genome_GCF_024584745.1_CDS_0269,0.0022451362279058,92,IJ00_RS16140
genome_GCF_000317495.1_CDS_1225,0.0022104851445602,93,MYO_RS02930
genome_GCF_032598965.1_CDS_2470,0.0022033991883839,94,GLO7428_RS12155
genome_GCF_047276495.1_CDS_5696,0.0022015933782259,95,IJ00_RS02555
genome_GCF_002355455.1_CDS_2202,0.0021990418554065,96,IJ00_RS03955
genome_GCF_000317045.1_CDS_3525,0.0021903248911512,97,IJ00_RS15660
genome_GCF_020091585.1_CDS_6711,0.0021897280462895,98,IJ00_RS07105
genome_GCF_000317045.1_CDS_1393,0.0021796853536285,99,CYAN10605_RS10960
genome_GCF_037094475.1_CDS_4560,0.0021690303782338,100,MYO_RS10445
