seed,comparison,roc_auc_mean_delta,genus_balanced_auc_mean_delta,pooled_roc_auc_delta,pooled_genus_balanced_auc_delta,average_precision_mean_delta,genus_balanced_average_precision_mean_delta,pooled_average_precision_delta,pooled_genus_balanced_average_precision_delta
42,family_minus_length,0.06195088592000619,0.14318599480189276,0.009156050955414163,0.12855351811968407,0.07045462367679911,0.1901162232801913,0.08421056154459239,0.20510894717639738
42,family_minus_count,0.1297883241318306,0.11867479093970712,0.13262056414922685,0.037364403349452235,0.08794965369775798,0.07210893647472338,0.07463258667335626,0.01750948359956117
42,joint_minus_length,0.06257556183392887,0.14598373465976577,0.009952229299363013,0.13078108645158337,0.06914203614988534,0.1906183567612818,0.08451789838139268,0.2058398810630241
42,joint_minus_family,0.0006246759139226787,0.002797739857873016,0.0007961783439488501,0.002227568331899299,-0.0013125875269137666,0.0005021334810905165,0.0003073368368002871,0.0007309338866267057
43,family_minus_length,0.09319309653619001,0.18612623249857696,0.04396041856232935,0.17767856675737614,0.09171565441897578,0.15327213573896803,0.11553468984898319,0.22730094737346906
43,family_minus_count,0.1634596247191663,0.13159381007278814,0.19995450409463145,0.1426428020540924,0.1214416491500745,0.07551563405504402,0.1625057661870608,0.07686997542145124
43,joint_minus_length,0.09198046405552918,0.1846282703656894,0.044187898089171895,0.1769886213407138,0.0908740170480914,0.1518760714341153,0.11565683180846686,0.2267825453827501
43,joint_minus_family,-0.0012126324806608357,-0.0014979621328875536,0.00022747952684254447,-0.0006899454166623409,-0.000841637370884385,-0.0013960643048527288,0.00012214195948367923,-0.000518401990718953
44,family_minus_length,0.08025342599048124,0.09222841570238172,-0.0012227024567789124,0.08154882405017339,0.10889203342247045,0.14040952069316825,0.014004203071117938,0.13399445090543594
44,family_minus_count,0.145173007298685,0.05822838342633285,0.1844574613284805,0.07429576528040416,0.10983300933226614,0.034346717184621345,0.08086485325622905,0.02588635083804247
44,joint_minus_length,0.07870900403504355,0.08858282114728866,-0.0017629663330300804,0.07968676744604353,0.10625769627336001,0.13662975414999723,0.010479778983532806,0.13167677514968334
44,joint_minus_family,-0.0015444219554376915,-0.003645594555093057,-0.000540263876251168,-0.001862056604129858,-0.002634337149110433,-0.003779766543171026,-0.003524424087585132,-0.0023176757557525907
45,family_minus_length,0.07849422033484166,0.10660795914695864,0.03159121929026387,0.1549781001859385,0.11266446445753997,0.14771459120453867,0.08516239912995982,0.19957294787391855
45,family_minus_count,0.06019051570148237,0.0678083735098245,0.16846280709736128,0.08036279044046746,0.049038384648517286,0.04268417066766206,0.12374873354095983,0.048449088175126276
45,joint_minus_length,0.07766844344561774,0.10642535483705196,0.03241583257506819,0.1545455506409974,0.11171500175290561,0.14765662085492293,0.08760812118221484,0.1993458750594883
45,joint_minus_family,-0.000825776889223917,-0.00018260430990668652,0.0008246132848043208,-0.00043254954494109654,-0.0009494627046343629,-5.7970349615743544e-05,0.002445722052255017,-0.0002270728144302403
46,family_minus_length,0.018497258839173636,0.10551375255600193,0.012511373976342055,0.11215005577471404,0.07283310359865514,0.10700340383409068,0.05244941226641464,0.1603558267596994
46,family_minus_count,0.03354343382531044,0.024514441335405923,0.20446144222020013,0.0962542848481065,0.005838716594965154,-0.016802503675762526,0.08553044610441296,0.03286577946950431
46,joint_minus_length,0.019204603180418833,0.10547577880472825,0.01231232939035476,0.11249500626479902,0.07291708666158991,0.10687850576862368,0.049899395135766356,0.16025662243538852
46,joint_minus_family,0.0007073443412451974,-3.797375127367886e-05,-0.0001990445859872958,0.00034495049008498313,8.39830629347782e-05,-0.0001248980654670051,-0.0025500171306482855,-9.920432431087534e-05
47,family_minus_length,0.06197336583244584,0.17447307834716574,0.056102138307552285,0.19073606692825407,0.15506007945255795,0.1843604502671482,0.16071279889767276,0.22408357302675264
47,family_minus_count,0.12337469415169178,0.12980336203818899,0.22221906278434933,0.1331004257320908,0.09599307739031837,0.0852370335394258,0.16063948940833406,0.07348456163296135
47,joint_minus_length,0.06174438370346369,0.17317450617312735,0.05624431301182897,0.19016835880512928,0.1548122479794719,0.18330563096034846,0.16053872592494178,0.2232058860629662
47,joint_minus_family,-0.00022898212898214698,-0.0012985721740383926,0.00014217470427668744,-0.0005677081231247882,-0.00024783147308604647,-0.001054819306799737,-0.00017407297273097644,-0.0008776869637864282
48,family_minus_length,0.1278580179149449,0.17451355664711998,0.07393084622383994,0.1863577211498948,0.2152964717521908,0.16043959834416222,0.22681701035258872,0.2569346813462484
48,family_minus_count,0.14287073346213364,0.12498974683138098,0.2037363512283895,0.10924243163284908,0.13638452454566752,0.07844729718087251,0.18683554231001653,0.07333960940913553
48,joint_minus_length,0.12773199397039525,0.17459986067208388,0.07370336669699729,0.18561945114297396,0.21505749691604414,0.16047845642892278,0.22627705814527865,0.2562281161620672
48,joint_minus_family,-0.00012602394454963584,8.630402496390133e-05,-0.0002274795268426555,-0.0007382700069208381,-0.00023897483614665482,3.8858084760562406e-05,-0.0005399522073100682,-0.0007065651841812182
49,family_minus_length,0.020994624310687438,0.1581420954236521,0.04976114649681529,0.1790812163668728,0.09767613416226628,0.15278385094113656,0.11693237126848044,0.22276254073862822
49,family_minus_count,0.10649038923657361,0.09412862688721713,0.20896838034576892,0.11806583855593367,0.0844410645092164,0.06375619016072143,0.13425050631851876,0.059172227449100445
49,joint_minus_length,0.021243071515656298,0.1582086968209494,0.04913557779799815,0.17865340212294967,0.09784203277977777,0.1528884922177487,0.11453200447070488,0.22227816048853477
49,joint_minus_family,0.0002484472049688602,6.660139729730563e-05,-0.0006255686988171361,-0.0004278142439231303,0.00016589861751148405,0.00010464127661213851,-0.002400366797775555,-0.0004843802500934524
50,family_minus_length,0.09310393263332928,0.13617584113290915,0.05886032757051862,0.18259396480685608,0.11308463610518094,0.15721319970774994,0.16294647437107868,0.23651284662588812
50,family_minus_count,0.03428944264638001,0.06972128190094162,0.2429054822565968,0.17003989968946875,0.00288097314285507,0.03387311536093551,0.1940627199852878,0.10843712740342215
50,joint_minus_length,0.09190228059257755,0.1362627770688961,0.05820632393084635,0.18256803426571178,0.11235773329673138,0.15722274503750988,0.16182280995738263,0.2371226633331629
50,joint_minus_family,-0.0012016520407517328,8.693593598696481e-05,-0.0006540036396722737,-2.5930541144303376e-05,-0.0007269028084495588,9.545329759941268e-06,-0.001123664413696046,0.0006098167072747795
51,family_minus_length,0.14692674051528765,0.2637488305631297,0.07145700636942698,0.21521841672434083,0.22614426053314451,0.26477461264931323,0.17842851513953784,0.2632551047771887
51,family_minus_count,0.14585476074434178,0.14981683164998938,0.21634724749772527,0.16390318133970072,0.149635158123965,0.10682372784195959,0.22461780012076804,0.1199586994913483
51,joint_minus_length,0.1463585586971058,0.263573703303988,0.07012056414922674,0.2144459414362877,0.22484555923444316,0.2642042393475823,0.1761019324993548,0.261861609174901
51,joint_minus_family,-0.0005681818181818565,-0.00017512725914170524,-0.0013364422202002402,-0.0007724752880531316,-0.0012987012987013546,-0.0005703733017309309,-0.002326582640183039,-0.001393495602287742
