seed,model,roc_auc_mean,roc_auc_sd,genus_balanced_auc_mean,genus_balanced_auc_sd,average_precision_mean,average_precision_sd,genus_balanced_average_precision_mean,genus_balanced_average_precision_sd,accuracy_mean,accuracy_sd,precision_mean,precision_sd,recall_mean,recall_sd,f1_mean,f1_sd,pooled_roc_auc,pooled_average_precision,pooled_genus_balanced_auc,pooled_genus_balanced_average_precision,pooled_accuracy,pooled_precision,pooled_recall,pooled_f1,n_features_min,n_features_max
42,corrected_family_LR,0.8784421436451169,0.09488619786127925,0.8518555432670342,0.12232390900568471,0.7972360912447287,0.161537586385639,0.8932992887149082,0.08599760880190098,0.7943706031599584,0.12718477530958772,0.642490121700648,0.2285720992894115,0.8032212885154062,0.14505267614436038,0.698476800976801,0.19989160968228833,0.8932836669699729,0.811053642368447,0.8041122107227419,0.8412498823792423,0.8215962441314554,0.62,0.8303571428571429,0.7099236641221374,568,653
42,assembly_length_only_LR,0.8164912577251107,0.13126535987450869,0.7086695484651414,0.21099041323251283,0.7267814675679296,0.23562267324482913,0.7031830654347169,0.23606354185932973,0.8188715257755736,0.054257780009401194,0.7433982683982684,0.2859940377444639,0.5933998599439776,0.18079905264982357,0.6436141636141636,0.18851466845516798,0.8841276160145587,0.7268430808238546,0.6755586926030578,0.6361409352028449,0.8403755868544601,0.7291666666666666,0.625,0.6730769230769231,1,1
42,retained_family_count_only_LR,0.7486538195132862,0.21609514786717177,0.733180752327327,0.14517581957614162,0.7092864375469707,0.25697362921255784,0.8211903522401848,0.11999578020261674,0.8602020784479555,0.11899639197870669,0.9777777777777779,0.04969039949999535,0.5197128851540616,0.28440651686720986,0.6411121136927589,0.25872653386034977,0.760663102820746,0.7364210556950908,0.7667478073732896,0.8237403987796811,0.8896713615023474,0.9850746268656716,0.5892857142857143,0.7374301675977654,1,1
42,joint_family_plus_length_LR,0.8790668195590395,0.09573094300115365,0.8546532831249072,0.11960132559502551,0.795923503717815,0.16419857039845404,0.8938014221959987,0.08637080535582019,0.7943706031599584,0.12718477530958772,0.642490121700648,0.2285720992894115,0.8032212885154062,0.14505267614436038,0.698476800976801,0.19989160968228833,0.8940798453139217,0.8113609792052473,0.8063397790546412,0.841980816265869,0.8215962441314554,0.62,0.8303571428571429,0.7099236641221374,569,654
43,corrected_family_LR,0.9156802234487088,0.03825291206137657,0.8782451128790957,0.0674403387562971,0.8479189045496603,0.16805540480929668,0.8782611439034091,0.09945875592122133,0.8589264890904177,0.056235017700378864,0.6839114832535885,0.30969301797995874,0.8514661654135338,0.12630601142684988,0.7322377840024898,0.23064893807530668,0.9215479981801638,0.8416281441239238,0.8631643353547951,0.8727544663249291,0.8427230046948356,0.6470588235294118,0.8839285714285714,0.7471698113207547,588,717
43,assembly_length_only_LR,0.8224871269125188,0.09259966067606215,0.6921188803805187,0.1211310189328499,0.7562032501306846,0.10417831616667962,0.7249890081644411,0.15127950261240736,0.7855221488622163,0.146987127436533,0.7340533020303466,0.07995285411947853,0.5643609022556391,0.15201739872301823,0.6322314900628154,0.11563405110076967,0.8775875796178344,0.7260934542749407,0.6854857685974189,0.6454535189514601,0.8474178403755869,0.7582417582417582,0.6160714285714286,0.6798029556650246,1,1
43,retained_family_count_only_LR,0.7522205987295425,0.13842444779930702,0.7466513028063075,0.1082293462158111,0.7264772553995859,0.20827782818628884,0.8027455098483651,0.1091414715374271,0.7545399180015783,0.14697521147633308,0.8333333333333334,0.372677996249965,0.46417919799498747,0.19997291418479715,0.5220205920205919,0.2245706538851832,0.7215934940855323,0.679122377936863,0.7205215333007027,0.7958844909034779,0.7699530516431925,0.5673076923076923,0.5267857142857143,0.5462962962962963,1,1
43,joint_family_plus_length_LR,0.914467590968048,0.03742548367286497,0.8767471507462081,0.06843604427443079,0.847077267178776,0.1674735383705233,0.8768650795985564,0.1009357413906963,0.8589264890904177,0.056235017700378864,0.6839114832535885,0.30969301797995874,0.8514661654135338,0.12630601142684988,0.7322377840024898,0.23064893807530668,0.9217754777070063,0.8417502860834075,0.8624743899381327,0.8722360643342102,0.8427230046948356,0.6470588235294118,0.8839285714285714,0.7471698113207547,589,718
44,corrected_family_LR,0.8558130676550236,0.08540048759054156,0.8100398468462547,0.11596662016701732,0.789278861108605,0.13444775239634374,0.8568871050483343,0.05385509105504549,0.7662381735911149,0.17727194724358855,0.6642642340873733,0.26801464328492214,0.7368241235888295,0.20509078958256055,0.6646538289911784,0.21228342190550464,0.8762227024567789,0.7541966190078252,0.758899235852512,0.7966148276993412,0.7981220657276995,0.5878378378378378,0.7767857142857143,0.6692307692307692,571,806
44,assembly_length_only_LR,0.7755596416645424,0.12230311396805806,0.717811431143873,0.06448206966818915,0.6803868276861346,0.16219357519051839,0.7164775843551661,0.1397036178308408,0.7696883508648216,0.1435530448095226,0.7050724637681159,0.23011896140891122,0.5442513368983958,0.25062101177422963,0.5914285714285714,0.19847491088153463,0.8774454049135578,0.7401924159367073,0.6773504118023386,0.6626203767939053,0.8474178403755869,0.7582417582417582,0.6160714285714286,0.6798029556650246,1,1
44,retained_family_count_only_LR,0.7106400603563386,0.18773447820912126,0.7518114634199219,0.17303826685191934,0.6794458517763389,0.275950320139454,0.822540387863713,0.10754414790658469,0.7250133200133201,0.16442211810381777,0.7931216931216932,0.42379433088780244,0.37912953060011884,0.3121166968009627,0.4294996751137101,0.36764770784945583,0.6917652411282984,0.6733317657515961,0.6846034705721078,0.7707284768612988,0.7464788732394366,0.5181818181818182,0.5089285714285714,0.5135135135135135,1,1
44,joint_family_plus_length_LR,0.8542686456995859,0.0868728632812464,0.8063942522911617,0.11572175407662781,0.7866445239594946,0.13382077358702235,0.8531073385051633,0.05044355229746442,0.7662381735911149,0.17727194724358855,0.6642642340873733,0.26801464328492214,0.7368241235888295,0.20509078958256055,0.6646538289911784,0.21228342190550464,0.8756824385805277,0.7506721949202401,0.7570371792483821,0.7942971519435886,0.7981220657276995,0.5878378378378378,0.7767857142857143,0.6692307692307692,572,807
45,corrected_family_LR,0.8919916052962826,0.05217338040032779,0.807476494476508,0.07543128999047914,0.8450624313283164,0.0727883612487881,0.8305544024105803,0.07653223248752321,0.8278682021697931,0.09156960735888386,0.7161503236216952,0.1607839529055341,0.8307251082251081,0.06397230455062125,0.7581502602872316,0.09816960549795903,0.9037192902638763,0.8064361090196579,0.8201085449534775,0.8353432096580037,0.8192488262910798,0.6129032258064516,0.8482142857142857,0.7116104868913857,585,648
45,assembly_length_only_LR,0.813497384961441,0.20411028807116638,0.7008685353295494,0.09916474209063025,0.7323979668707764,0.18184488063565976,0.6828398112060416,0.20354553266082273,0.7468241126306387,0.21664983225116413,0.7163919413919413,0.2606014569985512,0.5598051948051948,0.24229353201109294,0.6064341974242445,0.21899778027915273,0.8721280709736124,0.7212737098896981,0.665130444767539,0.6357702617840851,0.8474178403755869,0.7582417582417582,0.6160714285714286,0.6798029556650246,1,1
45,retained_family_count_only_LR,0.8318010895948003,0.10301315138881982,0.7396681209666836,0.14454749622424037,0.7960240466797991,0.20843109435938337,0.7878702317429183,0.1479850725164761,0.7529669844175626,0.09707185656414728,0.8790697674418604,0.2704082205348583,0.44906926406926406,0.1967351726871955,0.5313238485652279,0.08509284694307982,0.735256483166515,0.6826873754786981,0.7397457545130101,0.7868941214828774,0.7535211267605634,0.5315315315315315,0.5267857142857143,0.5291479820627802,1,1
45,joint_family_plus_length_LR,0.8911658284070587,0.0540293055864809,0.8072938901666014,0.07506169023058298,0.844112968623682,0.07575718786232388,0.8304964320609646,0.07628469823544108,0.8278682021697931,0.09156960735888386,0.7161503236216952,0.1607839529055341,0.8307251082251081,0.06397230455062125,0.7581502602872316,0.09816960549795903,0.9045439035486806,0.8088818310719129,0.8196759954085364,0.8351161368435734,0.8192488262910798,0.6129032258064516,0.8482142857142857,0.7116104868913857,586,649
46,corrected_family_LR,0.7995452033174943,0.17076459662513327,0.7920177575475855,0.07036702724777462,0.7731946433366523,0.17645269051278514,0.8148370853950325,0.05251294508913076,0.7679695123278659,0.24047291487267022,0.6582738898528373,0.24170711510412143,0.8122905982905984,0.11055635920931377,0.7159387957809764,0.1962047839418861,0.8951035031847133,0.789367269168558,0.7912406922868402,0.8135050547201053,0.8286384976525821,0.6308724832214765,0.8392857142857143,0.7203065134099617,579,706
46,assembly_length_only_LR,0.7810479444783207,0.13642850650907162,0.6865040049915836,0.10476849504932044,0.7003615397379972,0.12022642287598735,0.7078336815609418,0.07745754047769945,0.8150656567000393,0.08904869822212105,0.7382747970983266,0.221445597093417,0.5652393162393162,0.23160963150103894,0.6178781626328795,0.19350014118318573,0.8825921292083713,0.7369178569021434,0.6790906365121262,0.6531492279604059,0.8474178403755869,0.7582417582417582,0.6160714285714286,0.6798029556650246,1,1
46,retained_family_count_only_LR,0.7660017694921839,0.20228659533831525,0.7675033162121796,0.10700271490805158,0.7673559267416872,0.1817155218399542,0.831639589070795,0.07522368964963587,0.8481920339547457,0.1134713053486708,0.975,0.055901699437494734,0.5311367521367523,0.2618765439571962,0.6552807922670937,0.23286119558608492,0.6906420609645132,0.7038368230641451,0.6949864074387337,0.780639275250601,0.8849765258215962,0.9846153846153847,0.5714285714285714,0.7231638418079096,1,1
46,joint_family_plus_length_LR,0.8002525476587395,0.16969629330148736,0.7919797837963118,0.07039372042225467,0.7732786263995871,0.17631794094104625,0.8147121873295655,0.052376802336709834,0.769607930406962,0.23521719541517752,0.6583585660985042,0.2376635315041745,0.8077905982905984,0.09883560994089148,0.7132729567180787,0.18814638859441335,0.894904458598726,0.7868172520379098,0.7915856427769252,0.8134058503957944,0.8286384976525821,0.6308724832214765,0.8392857142857143,0.7203065134099617,580,707
47,corrected_family_LR,0.8976422974926607,0.06960612567425468,0.8682014537800621,0.09698689432169764,0.8240603576966891,0.1424838784894888,0.8843032540613315,0.07894857468080746,0.7907676743987719,0.16131179604824755,0.6342530547572565,0.2807415202713021,0.7858771387342816,0.15303697584144024,0.6640078390874342,0.19548199811376638,0.9284861237488625,0.8679839651615628,0.8657013402206529,0.8773367764850863,0.823943661971831,0.6258503401360545,0.8214285714285714,0.7104247104247104,566,731
47,assembly_length_only_LR,0.8356689316602148,0.074956250558882,0.6937283754328963,0.08596730514607148,0.6690002782441311,0.21038868570249575,0.6999428037941833,0.05116466652005164,0.7996758378816307,0.0960766529374755,0.6314181286549708,0.23330344814039036,0.548958977530406,0.1460187327438008,0.5855444076441936,0.18378498520490552,0.8723839854413102,0.7072711662638901,0.6749652732923989,0.6532532034583337,0.8380281690140845,0.7263157894736842,0.6160714285714286,0.6666666666666666,1,1
47,retained_family_count_only_LR,0.7742676033409689,0.09970937822331008,0.7383980917418731,0.07592106187261245,0.7280672803063707,0.21550083713526544,0.7990662205219057,0.09950387995018,0.83644323511854,0.12641775135960012,0.9127690100430417,0.18172701296425786,0.4851339929911359,0.23936345953760974,0.5945131722007991,0.21190694969495064,0.7062670609645132,0.7073444757532288,0.7326009144885621,0.803852214852125,0.8685446009389671,0.8888888888888888,0.5714285714285714,0.6956521739130435,1,1
47,joint_family_plus_length_LR,0.8974133153636785,0.0692863702483233,0.8669028816060237,0.09574085133036013,0.823812526223603,0.14611679235028002,0.8832484347545317,0.07801594507601163,0.7907676743987719,0.16131179604824755,0.6342530547572565,0.2807415202713021,0.7858771387342816,0.15303697584144024,0.6640078390874342,0.19548199811376638,0.9286282984531392,0.8678098921888319,0.8651336320975281,0.8764590895212999,0.823943661971831,0.6258503401360545,0.8214285714285714,0.7104247104247104,567,732
48,corrected_family_LR,0.8907930750606387,0.09478929389765593,0.8699414850268987,0.08544783617457655,0.8703722975960366,0.08546584780318602,0.8889315240204059,0.08010808190989609,0.7612714896937819,0.15554065563833833,0.6641900818298334,0.2957735921490174,0.8020390938984289,0.15408207687477146,0.6867533838304756,0.1763310201666997,0.9357085987261147,0.8939115341456163,0.8568918167750189,0.8836767537697148,0.8356807511737089,0.64,0.8571428571428571,0.732824427480916,578,743
48,assembly_length_only_LR,0.7629350571456938,0.18487250235579178,0.6954279283797787,0.14504531494026207,0.6550758258438458,0.23049511890461843,0.7284919256762437,0.17837573844512034,0.7327231336083119,0.18743287634799127,0.6365359477124184,0.3106766523008334,0.48895944464742425,0.23158767795117355,0.5411112601435182,0.2465723807824321,0.8617777525022747,0.6670945237930276,0.6705340956251241,0.6267420724234664,0.8380281690140845,0.7590361445783133,0.5625,0.6461538461538462,1,1
48,retained_family_count_only_LR,0.747922341598505,0.1398304726497287,0.7449517381955177,0.08435975809126173,0.7339877730503691,0.10993954523512743,0.8104842268395334,0.07800489988702321,0.7986230975288637,0.0625824749362817,0.8977777777777778,0.17327634390771493,0.4430478626233102,0.2283604461561995,0.5418890554722638,0.14070133682591238,0.7319722474977252,0.7070759918355998,0.7476493851421698,0.8103371443605792,0.8169014084507042,0.6931818181818182,0.5446428571428571,0.61,1,1
48,joint_family_plus_length_LR,0.890667051116089,0.0947233905998486,0.8700277890518626,0.08545276045728903,0.87013332275989,0.08538157560269144,0.8889703821051664,0.08003109701580681,0.7672189876429204,0.14835662385253884,0.6683073229291716,0.2912157881961926,0.8020390938984289,0.15408207687477146,0.6906692980222392,0.17263509348361852,0.935481119199272,0.8933715819383062,0.8561535467680981,0.8829701885855336,0.8403755868544601,0.6486486486486487,0.8571428571428571,0.7384615384615385,579,744
49,corrected_family_LR,0.8964789654057042,0.057366140978362845,0.8378029441082872,0.06906817759457261,0.8682821196605179,0.08172245467821385,0.8681277711268554,0.07331991710080558,0.8016538831952668,0.167185656857232,0.7114575922715457,0.25662688491289226,0.8584422155959158,0.09345378081328251,0.746561207112641,0.17750867264834752,0.9187613739763422,0.8447928572340068,0.8439049834382009,0.8638059248338855,0.8333333333333334,0.6357615894039735,0.8571428571428571,0.7300380228136882,596,679
49,assembly_length_only_LR,0.8754843410950167,0.09539594496793007,0.679660848684635,0.16456584468869467,0.7706059854982517,0.10940167411614019,0.7153439201857188,0.11922097766607646,0.809370815315609,0.11578895426817515,0.7207103257103258,0.14626533579115522,0.6327315442305954,0.18755039030374251,0.6538119967967623,0.1076957678152876,0.8690002274795269,0.7278604859655263,0.6648237670713281,0.6410433840952573,0.8403755868544601,0.7244897959183674,0.6339285714285714,0.6761904761904762,1,1
49,retained_family_count_only_LR,0.7899885761691305,0.1423330684879286,0.74367431722107,0.14067458447088488,0.7838410551513015,0.1451622538698242,0.8043715809661339,0.10257225551205483,0.8521507822921743,0.13259668886805967,0.9777777777777779,0.04969039949999535,0.5246841962591489,0.18330178154209512,0.6672164409173952,0.15160859212885353,0.7097929936305732,0.710542350915488,0.7258391448822672,0.8046336973847851,0.8779342723004695,0.9838709677419355,0.5446428571428571,0.7011494252873564,1,1
49,joint_family_plus_length_LR,0.896727412610673,0.057451716275045424,0.8378695455055845,0.06899414854396461,0.8684480182780294,0.08192798649561502,0.8682324124034675,0.07315552792543135,0.8016538831952668,0.167185656857232,0.7114575922715457,0.25662688491289226,0.8584422155959158,0.09345378081328251,0.746561207112641,0.17750867264834752,0.918135805277525,0.8423924904362312,0.8434771691942777,0.8633215445837921,0.8333333333333334,0.6357615894039735,0.8571428571428571,0.7300380228136882,597,680
50,corrected_family_LR,0.8194193139724671,0.13680825833307736,0.8356561941505157,0.11703702914242978,0.8041513975748755,0.14057343184281657,0.8766154564787809,0.047778758437141966,0.7063335254682437,0.24882312367021067,0.6284540897698793,0.30671686031292444,0.8134375714144649,0.1023052120779943,0.6838378428294395,0.2442179278480763,0.9210077343039126,0.8554041519330856,0.851869243234304,0.8709092378564331,0.8215962441314554,0.6168831168831169,0.8482142857142857,0.7142857142857143,587,652
50,assembly_length_only_LR,0.7263153813391379,0.19838890663472405,0.6994803530176066,0.09284512410623098,0.6910667614696946,0.21377059970132936,0.719402256771031,0.1099831151062992,0.7658709162004091,0.1311594878700266,0.7714594283245734,0.25259363276223645,0.5578826616259221,0.20822645400713763,0.6049344080923028,0.15784639060060102,0.862147406733394,0.6924576775620069,0.6692752784274479,0.634396391230545,0.8427230046948356,0.7368421052631579,0.625,0.6763285024154589,1,1
50,retained_family_count_only_LR,0.7851298713260871,0.20560631527406106,0.7659349122495741,0.19459752600278554,0.8012704244320205,0.20974095870722514,0.8427423411178454,0.11411426355588455,0.7376696943324321,0.11611472400892618,0.8800000000000001,0.2683281572999748,0.4055391950796315,0.31873084015207004,0.44386293882867556,0.219472759909671,0.6781022520473158,0.6613414319477978,0.6818293435448353,0.762472110453011,0.7488262910798122,0.5221238938053098,0.5267857142857143,0.5244444444444445,1,1
50,joint_family_plus_length_LR,0.8182176619317154,0.13759969660519264,0.8357431300865027,0.1166820021874693,0.803424494766426,0.1421605670943826,0.8766250018085409,0.047605515899206,0.7063335254682437,0.24882312367021067,0.6284540897698793,0.30671686031292444,0.8134375714144649,0.1023052120779943,0.6838378428294395,0.2442179278480763,0.9203537306642403,0.8542804875193896,0.8518433126931597,0.8715190545637079,0.8215962441314554,0.6168831168831169,0.8482142857142857,0.7142857142857143,588,653
51,corrected_family_LR,0.9119264039934771,0.0906908425281268,0.8749203603944953,0.09845640622876428,0.8855471188821877,0.1285091530670077,0.8945120674706688,0.12107942642037474,0.8206476273810388,0.17382732538452939,0.6937566137566138,0.37467624575043934,0.8079446640316206,0.128260883099095,0.7101931931797293,0.2793378169674504,0.9444381255686989,0.896138654316265,0.8785994675051496,0.8984311504028409,0.8380281690140845,0.6482758620689655,0.8392857142857143,0.7315175097276264,588,671
51,assembly_length_only_LR,0.7649996634781895,0.18534951003716238,0.6111715298313656,0.19624986465350935,0.6594028583490432,0.2883475891881455,0.6297374548213556,0.25013398604320874,0.787991104167615,0.10210156970307845,0.589920634920635,0.37099987130719075,0.5261067193675889,0.3218472768151665,0.5467760617760618,0.3331055460296252,0.8729811191992719,0.7177101391767272,0.6633810507808088,0.6351760456256522,0.8309859154929577,0.7040816326530612,0.6160714285714286,0.6571428571428571,1,1
51,retained_family_count_only_LR,0.7660716432491353,0.18126273265358864,0.7251035287445059,0.12674960214854297,0.7359119607582227,0.22369763516549335,0.7876883396287092,0.16008162828523476,0.7705708666145499,0.11613269714252272,0.8300000000000001,0.38013155617496425,0.456600790513834,0.2739432920804082,0.48717207530110757,0.2739840886392593,0.7280908780709736,0.671520854195497,0.7146962861654489,0.7784724509114926,0.755868544600939,0.5363636363636364,0.5267857142857143,0.5315315315315315,1,1
51,joint_family_plus_length_LR,0.9113582221752953,0.09038772056814989,0.8747452331353536,0.09827843969090544,0.8842484175834864,0.12777233510032,0.8939416941689379,0.1209033960156116,0.8168740424753784,0.18178316052467064,0.6919047619047619,0.3773738169672431,0.8079446640316206,0.128260883099095,0.7083983213848575,0.28217318398511654,0.9431016833484986,0.893812071676082,0.8778269922170965,0.8970376548005532,0.8356807511737089,0.6438356164383562,0.8392857142857143,0.7286821705426356,589,672
