display_row,display_group_index,display_group,gene_family,product,short_product,priority_tier,candidate_set,panel_genomes,panel_nifHDK_positive,carrier_count,nifHDK_positive_carrier_count,carrier_purity_fraction,carrier_purity_percent_display,n_literature_active_phase_up_studies,n_literature_mapped_studies,active_up_organism_codes,active_phase_up_organisms,condensate_family_percentile,condensate_percentile_display,scope_adjusted_story_score,corrected_score_display,supplied_gene_top100_mapping_overlap,marker_display,marker_provenance,consensus_rank_pct_mean,model_percentile_display,primary_bridge_broad_ge1u_ge1f,strict_unicellular_breadth_ge3u_ge1f
1,1,Amino-acid biosynthesis,GF_00741,3-isopropylmalate dehydrogenase,3-Isopropylmalate dehydrogenase,Tier A: story-leading accessory,Model-Supported,426,112,144,96,0.6666666666666666,66.7,1,4,Cr,Crocosphaera subtropica ATCC 51142,0.0663615560640732,6.6361556064073195,6.05,6.05,0,,,0.4665071770334928,46.65071770334928,True,True
2,1,Amino-acid biosynthesis,GF_01387,2-isopropylmalate synthase,2-Isopropylmalate synthase,Tier A: story-leading accessory,Model-Supported,426,112,232,104,0.4482758620689655,44.8,2,3,Cr+Tr,Crocosphaera subtropica ATCC 51142; Trichodesmium erythraeum IMS101,0.1403508771929824,14.03508771929824,7.45,7.45,1,*,figures/Figure4_sources/gene_to_protein_top100_agreement.csv; supplied feature genome_GCF_000015665.1_CDS_1351; rank 71; mapped to GF_01387,0.3827751196172249,38.27751196172249,True,True
3,1,Amino-acid biosynthesis,GF_00143,ketol-acid reductoisomerase,Ketol-acid reductoisomerase,Tier A: story-leading accessory,Model-Supported,426,112,263,109,0.4144486692015209,41.4,2,4,Cr+Tr,Crocosphaera subtropica ATCC 51142; Trichodesmium erythraeum IMS101,0.2250190694126621,22.50190694126621,7.25,7.25,0,,,0.3074162679425837,30.74162679425837,True,True
4,1,Amino-acid biosynthesis,GF_01376,3-isopropylmalate dehydratase large subunit,"3-Isopropylmalate dehydratase, large",Tier A: story-leading accessory,Model-Supported,426,112,246,101,0.4105691056910569,41.1,1,3,Cr,Crocosphaera subtropica ATCC 51142,0.087719298245614,8.7719298245614,6.05,6.05,0,,,0.636762360446571,63.676236044657095,True,True
5,1,Amino-acid biosynthesis,GF_00051,threonine synthase,Threonine synthase,Tier A: story-leading accessory,Model-Supported,426,112,264,108,0.4090909090909091,40.9,2,4,Cr+Tr,Crocosphaera subtropica ATCC 51142; Trichodesmium erythraeum IMS101,0.2303585049580473,23.03585049580473,7.25,7.25,0,,,0.3323365231259968,33.23365231259968,True,True
6,2,Protein quality control,GF_00658,ATP-dependent protease ATP-binding subunit ClpX,ClpX protease ATPase,Tier A: story-leading accessory,Model-Supported,426,112,177,101,0.5706214689265536,57.1,2,3,Cr+Tr,Crocosphaera subtropica ATCC 51142; Trichodesmium erythraeum IMS101,0.0450038138825324,4.50038138825324,7.65,7.65,0,,,0.6088516746411483,60.88516746411483,True,True
7,2,Protein quality control,GF_00614,molecular chaperone DnaK,Chaperone DnaK,Tier A: story-leading accessory,Model-Supported,426,112,264,109,0.4128787878787879,41.3,1,4,Tr,Trichodesmium erythraeum IMS101,0.0099160945842868,0.99160945842868,6.25,6.25,0,,,0.2368421052631578,23.68421052631578,True,True
8,2,Protein quality control,GF_00290,ATP-dependent Clp protease ATP-binding subunit,Clp protease ATPase,Tier A: story-leading accessory,Model-Supported,426,112,271,111,0.4095940959409594,41.0,1,4,Cr,Crocosphaera subtropica ATCC 51142,0.0205949656750572,2.05949656750572,6.15,6.15,0,,,0.3165869218500797,31.65869218500797,True,True
9,2,Protein quality control,GF_02262,co-chaperone GroES,Co-chaperone GroES,Tier A: story-leading accessory,Model-Supported,426,112,347,96,0.276657060518732,27.7,1,3,Cr,Crocosphaera subtropica ATCC 51142,0.03813882532418,3.8138825324179995,6.15,6.15,0,,,0.775518341307815,77.5518341307815,True,True
10,2,Protein quality control,GF_01689,ATP-dependent Clp protease proteolytic subunit,Clp protease subunit,Tier A: story-leading accessory,Model-Supported,426,112,104,28,0.2692307692307692,26.9,2,3,Cr+Tr,Crocosphaera subtropica ATCC 51142; Trichodesmium erythraeum IMS101,,,7.25,7.25,0,,,0.4011164274322168,40.11164274322168,True,True
11,2,Protein quality control,GF_01799,chaperonin GroEL,Chaperonin GroEL,Tier A: story-leading accessory,Model-Supported,426,112,421,112,0.2660332541567696,26.6,1,4,Cr,Crocosphaera subtropica ATCC 51142,0.0061022120518688,0.6102212051868801,6.25,6.25,0,,,0.3438995215311005,34.389952153110045,True,True
12,3,Translation/RNA-associated products,GF_00623,peptide chain release factor 3,Peptide release factor 3,Tier A: story-leading accessory,Model-Supported,426,112,172,101,0.5872093023255814,58.7,2,2,Cr+Tr,Crocosphaera subtropica ATCC 51142; Trichodesmium erythraeum IMS101,0.0869565217391304,8.695652173913041,7.55,7.55,0,,,0.5454545454545454,54.54545454545454,True,True
13,3,Translation/RNA-associated products,GF_00771,NYN domain-containing protein,NYN domain protein,Tier A: story-leading accessory,Model-Supported,426,112,218,109,0.5,50.0,2,3,Cr+Tr,Crocosphaera subtropica ATCC 51142; Trichodesmium erythraeum IMS101,0.2921434019832189,29.214340198321892,7.25,7.25,0,,,0.8460925039872409,84.60925039872409,True,True
14,3,Translation/RNA-associated products,GF_01542,tRNA (N6-isopentenyl adenosine(37)-C2)-methylthiotransferase MiaB,tRNA methylthiotransferase MiaB,Tier A: story-leading accessory,Model-Supported,426,112,221,99,0.4479638009049774,44.8,2,2,Cr+Tr,Crocosphaera subtropica ATCC 51142; Trichodesmium erythraeum IMS101,0.3577421815408085,35.77421815408085,7.25,7.25,0,,,0.6232057416267942,62.32057416267942,True,True
15,3,Translation/RNA-associated products,GF_01479,translational GTPase TypA,Translational GTPase TypA,Tier A: story-leading accessory,Model-Supported,426,112,263,109,0.4144486692015209,41.4,1,4,Cr,Crocosphaera subtropica ATCC 51142,0.0831426392067124,8.314263920671241,6.05,6.05,0,,,0.242822966507177,24.2822966507177,True,True
16,4,Tetrapyrrole-associated products,GF_00300,magnesium-protoporphyrin IX monomethyl ester (oxidative) cyclase,Mg-protoporphyrin ester cyclase,Tier A: story-leading accessory,Model-Supported,426,112,103,81,0.7864077669902912,78.6,1,3,Tr,Trichodesmium erythraeum IMS101,0.0373760488176964,3.7376048817696397,6.15,6.15,0,,,0.9505582137161084,95.05582137161083,True,True
17,4,Tetrapyrrole-associated products,GF_01233,glutamate-1-semialdehyde 2%2C1-aminomutase,Glutamate-1-semialdehyde aminomutase,Tier A: story-leading accessory,Model-Supported,426,112,253,103,0.40711462450592883,40.7,2,4,Cr+Tr,Crocosphaera subtropica ATCC 51142; Trichodesmium erythraeum IMS101,0.2372234935163997,23.72234935163997,7.25,7.25,0,,,0.5446570972886763,54.46570972886763,True,True
18,5,Other products,GF_00303,glycosyltransferase family 2 protein,Family 2 glycosyltransferase,Tier A: story-leading accessory,Model-Supported,426,112,74,55,0.7432432432432432,74.3,2,2,Cr+No,Crocosphaera subtropica ATCC 51142; Nostoc punctiforme PCC 73102,0.9816933638443937,98.16933638443936,7.25,7.25,0,,,0.5542264752791068,55.422647527910684,True,True
19,5,Other products,GF_00122,S-(hydroxymethyl)glutathione dehydrogenase/class III alcohol dehydrogenase,Glutathione / class III alcohol DH,Tier A: story-leading accessory,Model-Supported,426,112,159,88,0.5534591194968553,55.3,2,3,Cr+Tr,Crocosphaera subtropica ATCC 51142; Trichodesmium erythraeum IMS101,0.3806254767353165,38.06254767353165,7.25,7.25,0,,,0.5526315789473684,55.263157894736835,True,True
20,5,Other products,GF_00536,gas vesicle structural protein GvpA,Gas vesicle protein GvpA,Tier A: story-leading accessory,Model-Supported,426,112,113,60,0.5309734513274337,53.1,1,1,Tr,Trichodesmium erythraeum IMS101,0.0274599542334096,2.74599542334096,6.15,6.15,0,,,0.79585326953748,79.58532695374801,True,True
21,5,Other products,GF_00916,NAD(P)H-quinone oxidoreductase subunit H,NAD(P)H-quinone oxidoreductase H,Tier A: story-leading accessory,Model-Supported,426,112,242,106,0.4380165289256198,43.8,1,4,Tr,Trichodesmium erythraeum IMS101,0.0129672006102212,1.29672006102212,6.15,6.15,0,,,0.492822966507177,49.2822966507177,True,True
22,5,Other products,GF_01449,(E)-4-hydroxy-3-methylbut-2-enyl-diphosphate synthase,Hydroxy-methylbutenyl-PP synthase,Tier A: story-leading accessory,Model-Supported,426,112,326,110,0.3374233128834356,33.7,1,3,Cr,Crocosphaera subtropica ATCC 51142,0.083905415713196,8.3905415713196,6.05,6.05,0,,,0.1218102073365231,12.18102073365231,True,True
