gene_family,importance,cv_selected_folds
GF_01426,0.13272241,5
GF_01287,0.044548858,5
GF_02071,0.039214917,5
GF_02093,0.03752209,5
GF_01027,0.03718119,4
GF_01487,0.029361527,5
GF_00406,0.029020688,4
GF_01386,0.028826365,3
GF_01337,0.022992559,5
GF_00164,0.018347893,5
GF_00622,0.017852057,5
GF_01679,0.01681504,5
GF_00437,0.012873295,4
GF_00931,0.010122906,5
GF_02266,0.009580521,5
GF_00329,0.009053431,5
GF_00887,0.008660415,4
GF_01783,0.007990656,5
GF_00756,0.007983792,5
GF_00771,0.007980195,5
GF_00300,0.0070233354,5
GF_01383,0.0062405868,5
GF_02088,0.0059903907,5
GF_01248,0.0059734746,5
GF_00080,0.0054698875,4
GF_00580,0.004843251,5
GF_01543,0.004795098,3
GF_00819,0.004729216,5
GF_00330,0.004621901,5
GF_01638,0.0043305214,5
GF_00604,0.0042260513,5
GF_01333,0.0042119743,5
GF_02220,0.004177779,5
GF_00957,0.0041334983,5
GF_01542,0.004008326,5
GF_01393,0.003993395,5
GF_00335,0.0039917403,5
GF_00235,0.003891273,4
GF_01328,0.0038364525,3
GF_01763,0.0036938912,5
GF_00959,0.0036625627,4
GF_00523,0.0036484227,5
GF_00608,0.003608408,5
GF_02141,0.003561036,4
GF_01054,0.0035388276,5
GF_01399,0.003519797,5
GF_02089,0.0034979521,5
GF_01834,0.003469146,5
GF_01733,0.0032974065,5
GF_02139,0.0032823686,5
GF_00636,0.003188237,5
GF_01841,0.0031391282,5
GF_01580,0.0031218273,5
GF_02152,0.0031051426,5
GF_02180,0.0030392054,5
GF_00856,0.0030283993,3
GF_00857,0.0030066133,5
GF_00044,0.0029701565,5
GF_00343,0.002951106,5
GF_01331,0.0029452809,5
GF_00077,0.002904467,5
GF_00402,0.0028203363,5
GF_00682,0.0027892329,4
GF_00867,0.0027891987,3
GF_00409,0.0027585155,5
GF_00107,0.0027252622,5
GF_00595,0.0027121329,5
GF_00011,0.0027103962,5
GF_00120,0.0025846504,5
GF_01807,0.002513434,5
GF_00125,0.0024881742,5
GF_00340,0.0024533567,5
GF_00079,0.0024351503,5
GF_00394,0.0024301687,4
GF_01391,0.0024278876,5
GF_00315,0.0024205067,5
GF_01674,0.0023718472,5
GF_01230,0.0023717699,5
GF_00588,0.0023703605,4
GF_00538,0.0023613137,5
GF_00658,0.0022803214,5
GF_01592,0.0022680552,5
GF_00524,0.0022306938,5
GF_01245,0.0022277946,5
GF_01619,0.0022187228,5
GF_00536,0.0021850811,5
GF_01332,0.0021834874,5
GF_01327,0.0021614817,4
GF_00776,0.0021609098,5
GF_01806,0.00212077,5
GF_00175,0.0021195556,5
GF_00122,0.002081859,5
GF_00455,0.0020806845,5
GF_00971,0.0020790186,5
GF_00048,0.0020647682,5
GF_00547,0.0020595,5
GF_02260,0.0020589754,5
GF_00566,0.0020486086,5
GF_00104,0.0020283826,5
GF_00968,0.0020224412,5
GF_00761,0.0020132335,5
GF_00251,0.0019702632,5
GF_00405,0.0019620047,5
GF_01928,0.0019353738,5
GF_00728,0.0019018389,5
GF_00565,0.0018587073,5
GF_01836,0.0018236227,5
GF_00866,0.0018107109,5
GF_00430,0.0017768074,5
GF_00012,0.0017736473,5
GF_01400,0.0017489089,5
GF_01808,0.0017456512,5
GF_00424,0.0017263606,5
GF_01659,0.0017195272,3
GF_01689,0.0017012206,5
GF_01904,0.0016786683,5
GF_00047,0.0016303102,5
GF_00982,0.0016225185,5
GF_00302,0.001619871,5
GF_02178,0.0016164342,5
GF_02069,0.0015845271,5
GF_01539,0.001582665,5
GF_01480,0.0015158742,4
GF_01534,0.0015141375,5
GF_02216,0.0015030187,5
GF_00317,0.0015024574,5
GF_01678,0.0014951524,5
GF_01462,0.0014922525,4
GF_00617,0.0014913547,5
GF_00083,0.0014784174,5
GF_00352,0.001476376,5
GF_01734,0.0014720766,5
GF_00082,0.0014699732,5
GF_00688,0.0014649353,5
GF_01244,0.0014555522,5
GF_00179,0.0014510073,5
GF_00458,0.0014440903,5
GF_00796,0.0014437519,5
GF_00732,0.0014361406,4
GF_02109,0.0014261896,4
GF_00363,0.0014161387,5
GF_01330,0.0014099451,5
GF_00358,0.001394849,5
GF_00404,0.0013824367,5
GF_01811,0.0013693094,5
GF_01618,0.0013619047,5
GF_00339,0.0012960077,3
GF_02072,0.0012616024,5
GF_00391,0.001248702,5
GF_01693,0.0012427911,5
GF_01005,0.0012423814,5
GF_02130,0.0012350369,5
GF_00296,0.0012313642,5
GF_01583,0.0012246476,5
GF_01623,0.0012005873,5
GF_01929,0.0011987695,5
GF_01815,0.001195682,4
GF_00503,0.001192662,5
GF_01930,0.0011775823,5
GF_01584,0.0011733314,5
GF_00740,0.0011658398,5
GF_02145,0.0011544528,5
GF_00736,0.0011425338,5
GF_01628,0.0011378585,5
GF_01448,0.0011288382,4
GF_01382,0.0011238965,5
GF_00323,0.0011220259,5
GF_01456,0.001120767,5
GF_01591,0.0011135039,5
GF_00312,0.0010985036,5
GF_00828,0.0010939757,5
GF_00600,0.0010919868,4
GF_00014,0.0010742133,5
GF_02092,0.0010647839,5
GF_01626,0.0010546932,5
GF_01685,0.001025765,5
GF_00422,0.0010070058,5
GF_01476,0.0010005061,4
GF_00773,0.0009928164,5
GF_02262,0.0009887147,5
GF_00400,0.0009878126,5
GF_00413,0.00097229425,5
GF_01636,0.00096203864,5
GF_00313,0.0009540219,5
GF_01898,0.0009523155,5
GF_00333,0.00095221197,5
GF_00314,0.00095120736,5
GF_00661,0.0009476999,5
GF_00351,0.00094462495,3
GF_01741,0.00094380707,5
GF_01902,0.00093964534,5
GF_01547,0.00093634083,5
GF_01460,0.00092965394,5
GF_02261,0.0009235209,5
GF_02230,0.0009051127,5
GF_01481,0.00089650834,3
GF_02263,0.00089423097,5
GF_00105,0.0008913614,5
GF_00318,0.00089013035,5
GF_00395,0.0008750764,5
GF_00642,0.0008651088,5
GF_01381,0.0008581883,5
GF_01425,0.0008571486,5
GF_00326,0.0008531689,5
GF_00702,0.000846442,5
GF_00085,0.00084046077,5
GF_01390,0.00083674956,5
GF_00390,0.00082857965,5
GF_00320,0.00081932,5
GF_00081,0.0008092017,5
GF_00393,0.00078564056,5
GF_00687,0.00077883,4
GF_01232,0.0007712724,4
GF_00477,0.00076147803,4
GF_00327,0.00074662815,5
GF_00870,0.0007438858,5
GF_02075,0.0007380349,5
GF_01329,0.00073750963,5
GF_01239,0.0007359402,5
GF_00432,0.00071233965,5
GF_00637,0.0006882173,5
GF_01266,0.00068058126,5
GF_00873,0.0006795049,5
GF_00722,0.0006766431,4
GF_00655,0.0006751423,5
GF_01376,0.00066834845,5
GF_01385,0.0006661492,5
GF_00360,0.0006658515,5
GF_00632,0.0006641671,5
GF_00344,0.00066185393,5
GF_00440,0.0006600027,5
GF_02142,0.0006570634,5
GF_02226,0.0006552269,5
GF_00684,0.0006544523,5
GF_02059,0.0006490955,4
GF_01921,0.0006371696,5
GF_01816,0.000627529,5
GF_01927,0.000618172,5
GF_01661,0.0006165266,5
GF_00180,0.0006157491,5
GF_00471,0.0006133933,5
GF_00640,0.00060772744,4
GF_00046,0.0006049009,5
GF_01512,0.0005922929,5
GF_00699,0.00058729335,5
GF_00414,0.00058510585,5
GF_00618,0.0005727118,5
GF_00396,0.0005708438,5
GF_01673,0.0005707432,5
GF_00112,0.00056978,5
GF_01681,0.0005657456,5
GF_00723,0.00055180694,5
GF_00729,0.0005471194,5
GF_00141,0.00054517423,5
GF_00643,0.0005440421,5
GF_00348,0.0005320145,4
GF_00843,0.00053175667,4
GF_00435,0.0005307734,5
GF_01374,0.00052737776,5
GF_01234,0.0005254217,5
GF_02229,0.0005241591,5
GF_00522,0.0005145209,5
GF_00426,0.0005140215,5
GF_01809,0.00051344675,5
GF_00546,0.00051312754,5
GF_00114,0.0005100653,5
GF_01735,0.0004971984,5
GF_00347,0.0004968619,5
GF_00816,0.0004965888,5
GF_01541,0.000496577,5
GF_00744,0.00049508514,5
GF_00401,0.0004884532,5
GF_00603,0.00048822723,5
GF_01292,0.00048020505,5
GF_00124,0.00047712206,5
GF_01372,0.00047661434,5
GF_01616,0.00047428353,5
GF_00051,0.00046935203,5
GF_00434,0.00046785997,5
GF_02143,0.00046350659,4
GF_00139,0.00046119717,5
GF_02264,0.0004600195,5
GF_01676,0.0004591585,5
GF_01379,0.00045851734,5
GF_00874,0.00045650237,5
GF_02172,0.00045542122,5
GF_00324,0.00045425288,5
GF_01409,0.0004525119,5
GF_02122,0.0004522885,5
GF_02041,0.0004417616,5
GF_01550,0.0004406698,2
GF_00316,0.0004374628,5
GF_02070,0.00042856397,5
GF_01540,0.00042639388,5
GF_00527,0.00042174716,5
GF_00362,0.00038665946,5
GF_01688,0.00038055723,5
GF_00958,0.00037964038,5
GF_01240,0.0003788578,5
GF_01445,0.00037679478,5
GF_00810,0.00036994304,5
GF_00570,0.00036912886,5
GF_00724,0.00036684045,5
GF_01742,0.00036610724,5
GF_01840,0.0003621443,5
GF_00341,0.00035865165,5
GF_00612,0.00035579878,5
GF_00094,0.00033683545,5
GF_01461,0.00033154176,5
GF_01306,0.00032900725,5
GF_01691,0.00032837866,4
GF_00075,0.00032268462,5
GF_00489,0.00032245376,5
GF_01684,0.00031177068,5
GF_00811,0.00031131474,5
GF_01377,0.00030746002,5
GF_01736,0.00030724675,5
GF_01404,0.00030458847,4
GF_00305,0.00030422202,5
GF_00387,0.0003025838,5
GF_01401,0.00029789197,5
GF_00488,0.00029682257,5
GF_00415,0.0002904976,5
GF_00262,0.00028890133,5
GF_01897,0.0002849028,4
GF_02094,0.00027814854,5
GF_00438,0.00027783058,5
GF_00342,0.00027552404,5
GF_01625,0.00027336323,4
GF_00741,0.0002719168,5
GF_00043,0.00026943738,5
GF_01680,0.00026473094,5
GF_00615,0.0002617662,5
GF_01553,0.0002612749,5
GF_00895,0.00025797827,5
GF_00530,0.0002568997,5
GF_00814,0.0002496953,5
GF_01690,0.00024403045,5
GF_01504,0.00023671512,3
GF_01818,0.00023568829,5
GF_01648,0.00023367765,5
GF_00619,0.00023069528,5
GF_01477,0.00023047086,5
GF_00531,0.00022968095,5
GF_01637,0.00021965604,4
GF_01737,0.0002170935,3
GF_00725,0.00021497437,5
GF_01236,0.00021358633,5
GF_00364,0.00021246899,5
GF_00220,0.00021146618,5
GF_01629,0.00020392596,5
GF_01813,0.00020204825,5
GF_00916,0.00020020099,5
GF_02158,0.0001968422,4
GF_00115,0.00019628977,5
GF_01247,0.00019208071,5
GF_02184,0.0001914463,5
GF_02218,0.0001913119,5
GF_00620,0.00018976886,5
GF_01233,0.00018651872,5
GF_02137,0.00018641325,5
GF_01336,0.00018620216,5
GF_00777,0.00017985541,5
GF_02140,0.00017606952,5
GF_00613,0.00016499998,5
GF_01246,0.00016491409,5
GF_00074,0.00016337799,5
GF_00155,0.00016291051,5
GF_00436,0.00016159301,5
GF_01819,0.00015876678,5
GF_00869,0.00015661487,5
GF_00606,0.00015637073,5
GF_02157,0.00015633128,5
GF_01446,0.00015562058,5
GF_01028,0.0001501155,5
GF_02060,0.0001471121,5
GF_00681,0.00014400264,5
GF_00751,0.00014350595,5
GF_01822,0.00013524982,5
GF_01237,0.00013516074,5
GF_00633,0.0001345565,5
GF_00549,0.00013406485,5
GF_01026,0.00013248976,5
GF_01641,0.00012743962,5
GF_00813,0.00012221624,5
GF_00418,0.00012075847,4
GF_00084,0.000120301615,5
GF_01802,0.000109363486,5
GF_01458,0.00010843505,5
GF_00864,0.00010812172,5
GF_02217,0.00010323922,5
GF_00599,9.725802e-05,5
GF_00966,9.6930184e-05,5
GF_02132,9.107411e-05,4
GF_00972,9.019481e-05,4
GF_00116,8.846537e-05,5
GF_00049,8.739483e-05,4
GF_01812,8.596129e-05,5
GF_00888,8.457237e-05,4
GF_02084,7.963998e-05,5
GF_00386,7.9010715e-05,5
GF_01683,7.701931e-05,4
GF_02223,7.100405e-05,5
GF_00970,7.057121e-05,5
GF_00969,6.77627e-05,5
GF_02110,6.768138e-05,4
GF_01901,6.623754e-05,4
GF_01538,6.157173e-05,5
GF_00229,5.969542e-05,5
GF_00015,5.4653356e-05,5
GF_01544,5.218764e-05,5
GF_00137,5.163162e-05,5
GF_02076,4.9843606e-05,5
GF_00002,4.9830305e-05,5
GF_00624,4.9670147e-05,5
GF_01856,4.71461e-05,5
GF_00960,3.5152705e-05,5
GF_00018,3.4080633e-05,5
GF_00609,3.3194163e-05,5
GF_00353,2.3465745e-05,5
GF_01745,2.3269826e-05,4
GF_00949,1.6750279e-05,5
GF_00346,1.4233369e-05,5
GF_00336,8.150904e-07,5
GF_00482,8.696804e-08,4
GF_02222,0.0,4
GF_00525,0.0,5
GF_00113,0.0,4
GF_00548,0.0,5
GF_00529,0.0,5
GF_02085,0.0,5
GF_02091,0.0,5
GF_00429,0.0,4
GF_00431,0.0,5
GF_00433,0.0,5
GF_00726,0.0,5
GF_00727,0.0,5
GF_01314,0.0,5
GF_00421,0.0,4
GF_00428,0.0,5
GF_01439,0.0,5
GF_01428,0.0,5
GF_01397,0.0,5
GF_00427,0.0,5
GF_00669,0.0,5
GF_00659,0.0,2
GF_00319,0.0,5
GF_00419,0.0,3
GF_01375,0.0,5
GF_01449,0.0,5
GF_00338,0.0,4
GF_00332,0.0,5
GF_00331,0.0,5
GF_00325,0.0,5
GF_00321,0.0,5
GF_00417,0.0,4
GF_00709,0.0,5
GF_00695,0.0,4
GF_00683,0.0,4
GF_01396,0.0,5
GF_01395,0.0,5
GF_01394,0.0,5
GF_01387,0.0,5
GF_01447,0.0,5
GF_01479,0.0,5
GF_01502,0.0,5
GF_01514,0.0,4
GF_00676,0.0,4
GF_00680,0.0,2
GF_00621,0.0,4
GF_00623,0.0,5
GF_00641,0.0,4
GF_01297,0.0,5
GF_01466,0.0,5
GF_00355,0.0,3
GF_01293,0.0,5
GF_00350,0.0,5
GF_00349,0.0,5
GF_00638,0.0,4
GF_00635,0.0,5
GF_01290,0.0,5
GF_02224,0.0,5
GF_00036,0.0,5
GF_00017,0.0,5
GF_00013,0.0,5
GF_00008,0.0,5
GF_01359,0.0,4
GF_01338,0.0,5
GF_01334,0.0,5
GF_01315,0.0,5
GF_02228,0.0,5
GF_02138,0.0,5
GF_02227,0.0,5
GF_02225,0.0,5
GF_00528,0.0,5
GF_02074,0.0,4
GF_01627,0.0,5
GF_01527,0.0,5
GF_01535,0.0,2
GF_01536,0.0,5
GF_01537,0.0,2
GF_01549,0.0,5
GF_00290,0.0,5
GF_00281,0.0,5
GF_00311,0.0,5
GF_01552,0.0,5
GF_00303,0.0,5
GF_00309,0.0,5
GF_01579,0.0,5
GF_01242,0.0,5
GF_01291,0.0,4
GF_01621,0.0,5
GF_00410,0.0,5
GF_00408,0.0,4
GF_00403,0.0,4
GF_00407,0.0,4
GF_00601,0.0,5
GF_00594,0.0,5
GF_00578,0.0,4
GF_00755,0.0,5
GF_00574,0.0,4
GF_01620,0.0,5
GF_00244,0.0,5
GF_00250,0.0,3
GF_00208,0.0,3
GF_00185,0.0,5
GF_00178,0.0,5
GF_00228,0.0,5
GF_01732,0.0,5
GF_01634,0.0,4
GF_01635,0.0,3
GF_01639,0.0,4
GF_01672,0.0,3
GF_01675,0.0,5
GF_00614,0.0,5
GF_01692,0.0,5
GF_01012,0.0,4
GF_01004,0.0,4
GF_00389,0.0,5
GF_00388,0.0,5
GF_00611,0.0,5
GF_00607,0.0,5
GF_00605,0.0,4
GF_00616,0.0,4
GF_00369,0.0,5
GF_00381,0.0,5
GF_00384,0.0,5
GF_00385,0.0,5
GF_01803,0.0,5
GF_00143,0.0,5
GF_00142,0.0,4
GF_00365,0.0,5
GF_00138,0.0,5
GF_01677,0.0,5
GF_01617,0.0,5
GF_01241,0.0,5
GF_01235,0.0,5
GF_01231,0.0,5
GF_00785,0.0,4
GF_00170,0.0,5
GF_01866,0.0,4
GF_01799,0.0,5
GF_01801,0.0,4
GF_00117,0.0,5
GF_00123,0.0,5
GF_00121,0.0,5
GF_00136,0.0,5
GF_01837,0.0,5
GF_01805,0.0,5
GF_00457,0.0,5
GF_00441,0.0,5
GF_01945,0.0,5
GF_01926,0.0,5
GF_01860,0.0,5
GF_01844,0.0,5
GF_01842,0.0,4
GF_01919,0.0,5
GF_01923,0.0,3
GF_01925,0.0,5
GF_01899,0.0,5
GF_01885,0.0,4
GF_01872,0.0,4
GF_01870,0.0,5
GF_01900,0.0,5
GF_00963,0.0,4
GF_00947,0.0,4
GF_00946,0.0,5
GF_00933,0.0,5
GF_00932,0.0,4
GF_01823,0.0,4
GF_01814,0.0,4
GF_01810,0.0,5
GF_00871,0.0,3
GF_00872,0.0,3
GF_00927,0.0,4
GF_00868,0.0,5
GF_00106,0.0,5
GF_00093,0.0,5
GF_00109,0.0,4
GF_00111,0.0,5
GF_00087,0.0,5
GF_00572,0.0,4
GF_00569,0.0,5
GF_00564,0.0,5
GF_00480,0.0,5
GF_00472,0.0,2
GF_00088,0.0,5
GF_00108,0.0,5
GF_00845,0.0,5
GF_00860,0.0,4
GF_00078,0.0,5
GF_00076,0.0,3
GF_00071,0.0,4
GF_00052,0.0,5
GF_00073,0.0,5
GF_00072,0.0,5
GF_02215,0.0,4
GF_02219,0.0,5
GF_02159,0.0,4
GF_02194,0.0,3
GF_02136,0.0,5
GF_02131,0.0,5
GF_02113,0.0,4
GF_02101,0.0,5
